ticket_id,user_id,order_id,created_ts,reason
0,0,8,2026-03-15 16:30:00,other
1,2,28,2026-05-07 08:31:00,stockout
2,2,32,2026-05-27 09:36:00,late
3,2,38,2026-06-19 14:26:00,late
4,2,39,2026-06-22 17:13:00,late
5,3,43,2026-03-04 11:21:00,other
6,3,61,2026-05-02 18:31:00,late
7,6,70,2026-01-28 18:09:00,late
8,8,95,2026-03-23 23:59:00,late
9,8,100,2026-04-02 09:14:00,other
10,8,119,2026-05-30 10:51:00,late
11,11,157,2026-03-02 17:45:00,late
12,12,160,2026-05-13 20:53:00,late
13,14,171,2026-04-04 10:54:00,other
14,14,177,2026-05-19 10:09:00,other
15,19,203,2026-04-27 20:10:00,late
16,20,208,2026-05-03 18:52:00,late
17,20,210,2026-05-02 16:59:00,stockout
18,21,223,2026-04-23 15:33:00,stockout
19,21,226,2026-05-01 15:22:00,late
20,21,231,2026-05-04 19:46:00,late
21,30,297,2026-01-31 07:50:00,other
22,30,300,2026-03-14 10:29:00,late
23,34,332,2026-04-24 09:01:00,stockout
24,34,347,2026-06-13 10:47:00,other
25,38,363,2026-05-13 00:23:00,late
26,38,364,2026-06-06 11:15:00,stockout
27,39,368,2026-04-25 16:23:00,stockout
28,39,370,2026-05-20 12:57:00,stockout
29,40,388,2026-05-29 19:14:00,late
30,41,398,2026-05-02 20:30:00,other
31,44,435,2026-06-15 22:32:00,late
32,44,436,2026-06-16 12:50:00,stockout
33,45,443,2026-03-02 17:12:00,late
34,45,444,2026-03-18 19:44:00,stockout
35,52,480,2026-05-28 19:55:00,late
36,55,500,2026-04-08 20:50:00,stockout
37,55,502,2026-04-22 11:46:00,stockout
38,59,518,2026-05-14 16:12:00,other
39,60,525,2026-01-27 18:22:00,late
40,60,533,2026-03-02 13:06:00,late
41,62,541,2026-03-09 06:10:00,late
42,74,582,2026-05-15 18:15:00,stockout
43,74,592,2026-06-15 07:34:00,stockout
44,76,627,2026-02-11 11:04:00,other
45,78,629,2026-05-21 17:44:00,stockout
46,78,631,2026-06-02 12:38:00,other
47,78,632,2026-06-18 07:44:00,late
48,79,638,2026-06-09 13:11:00,other
49,81,651,2026-05-20 20:35:00,stockout
50,83,667,2026-04-02 13:45:00,late
51,83,670,2026-03-30 12:27:00,stockout
52,83,677,2026-04-15 10:43:00,other
53,83,696,2026-06-17 15:15:00,stockout
54,90,778,2026-07-05 19:45:00,other
55,92,788,2026-03-10 22:48:00,late
56,97,822,2026-02-15 06:33:00,late
57,98,831,2026-04-18 19:35:00,late
58,105,895,2026-06-22 16:19:00,stockout
59,106,903,2026-05-05 07:56:00,late
60,112,943,2026-06-04 18:04:00,late
61,113,954,2026-05-16 20:32:00,late
62,113,958,2026-05-12 21:55:00,stockout
63,115,969,2026-04-19 17:32:00,late
64,117,974,2026-02-16 18:35:00,other
65,117,982,2026-04-07 12:23:00,other
66,117,987,2026-05-19 16:00:00,late
67,118,996,2026-02-19 16:15:00,other
68,118,1003,2026-04-12 14:14:00,stockout
69,120,1006,2026-05-22 07:26:00,late
70,120,1024,2026-07-03 06:13:00,late
71,131,1100,2026-01-31 08:16:00,late
72,131,1102,2026-01-26 16:56:00,late
73,131,1106,2026-02-24 08:26:00,late
74,131,1108,2026-03-04 13:50:00,late
75,132,1124,2026-05-19 20:33:00,late
76,133,1131,2026-03-27 18:59:00,late
77,133,1141,2026-05-16 15:35:00,other
78,136,1157,2026-01-21 07:36:00,late
79,138,1170,2026-04-07 08:20:00,late
80,139,1180,2026-04-30 07:01:00,stockout
81,139,1186,2026-06-15 00:33:00,late
82,140,1188,2026-04-08 07:41:00,other
83,141,1205,2026-05-10 13:53:00,other
84,142,1208,2026-03-17 19:40:00,late
85,143,1216,2026-01-31 09:12:00,late
86,143,1222,2026-02-21 18:08:00,late
87,151,1291,2026-05-15 13:42:00,late
88,155,1310,2026-07-01 07:18:00,stockout
89,156,1327,2026-02-25 18:57:00,late
90,157,1329,2026-04-17 19:51:00,late
91,157,1340,2026-07-05 08:00:00,late
92,159,1346,2026-01-29 18:53:00,late
93,160,1354,2026-01-21 01:54:00,late
94,166,1372,2026-03-22 10:06:00,other
95,167,1378,2026-04-16 06:18:00,late
96,167,1380,2026-05-04 19:14:00,stockout
97,167,1381,2026-05-06 20:00:00,late
98,168,1401,2026-04-16 18:48:00,late
99,171,1455,2026-06-06 18:38:00,late
100,177,1480,2026-01-27 19:42:00,late
101,177,1485,2026-02-25 13:08:00,stockout
102,177,1488,2026-03-18 22:13:00,late
103,177,1489,2026-03-22 09:51:00,late
104,179,1495,2026-04-19 19:50:00,late
105,180,1497,2026-01-22 20:13:00,late
106,181,1503,2026-05-03 03:20:00,late
107,181,1507,2026-06-03 15:18:00,late
108,188,1539,2026-02-04 17:05:00,stockout
109,192,1558,2026-04-28 18:11:00,stockout
110,192,1572,2026-05-30 13:53:00,late
111,192,1576,2026-06-12 06:29:00,other
112,192,1580,2026-06-21 14:02:00,stockout
113,193,1613,2026-07-02 07:54:00,late
114,194,1638,2026-02-28 10:13:00,other
115,194,1666,2026-05-01 19:30:00,late
116,194,1669,2026-05-11 15:16:00,other
117,194,1674,2026-05-28 06:59:00,stockout
118,194,1681,2026-06-05 19:38:00,other
119,194,1685,2026-06-21 20:25:00,other
120,194,1695,2026-07-03 05:05:00,other
121,194,1696,2026-06-30 03:54:00,stockout
122,195,1706,2026-03-22 11:50:00,stockout
123,195,1715,2026-05-08 20:53:00,stockout
124,199,1743,2026-04-06 17:34:00,late
125,200,1749,2026-05-04 19:23:00,late
126,201,1759,2026-04-13 19:06:00,late
127,201,1772,2026-05-15 16:40:00,stockout
128,201,1773,2026-05-14 18:12:00,late
129,202,1780,2026-02-19 09:52:00,other
130,202,1783,2026-03-02 15:04:00,late
131,206,1810,2026-04-28 15:47:00,other
132,207,1829,2026-06-09 20:39:00,stockout
133,210,1843,2026-02-16 18:04:00,late
134,210,1847,2026-03-04 12:26:00,late
135,210,1848,2026-03-06 10:42:00,late
136,210,1856,2026-04-09 08:50:00,other
137,210,1868,2026-05-31 04:11:00,stockout
138,210,1871,2026-06-12 12:56:00,late
139,213,1892,2026-02-08 07:49:00,late
140,213,1893,2026-02-02 18:49:00,late
141,218,1924,2026-01-22 11:47:00,late
142,222,1940,2026-03-21 21:55:00,late
143,222,1953,2026-05-08 08:05:00,stockout
144,223,1968,2026-06-17 19:20:00,stockout
145,231,2040,2026-01-27 10:35:00,stockout
146,232,2054,2026-05-24 02:47:00,late
147,233,2061,2026-03-01 12:40:00,late
148,234,2063,2026-02-24 19:02:00,late
149,235,2074,2026-04-27 18:34:00,late
150,245,2150,2026-06-10 18:55:00,late
151,247,2173,2026-05-15 20:00:00,stockout
152,247,2175,2026-05-21 11:46:00,other
153,256,2233,2026-04-30 20:46:00,other
154,256,2234,2026-05-02 19:58:00,late
155,258,2245,2026-04-22 19:18:00,late
156,258,2246,2026-05-04 16:06:00,late
157,258,2247,2026-05-09 17:24:00,other
158,259,2262,2026-04-21 18:39:00,late
159,259,2264,2026-04-30 17:21:00,other
160,261,2295,2026-04-18 20:06:00,late
161,261,2302,2026-06-05 05:51:00,stockout
162,263,2315,2026-05-13 23:32:00,late
163,263,2318,2026-05-25 05:22:00,late
164,264,2324,2026-01-05 08:21:00,stockout
165,265,2361,2026-04-25 11:00:00,late
166,265,2370,2026-05-12 09:43:00,other
167,268,2389,2026-04-29 17:22:00,other
168,269,2391,2026-03-21 19:22:00,stockout
169,270,2396,2026-06-09 17:34:00,stockout
170,271,2405,2026-02-23 19:51:00,late
171,273,2412,2026-04-21 15:46:00,other
172,275,2418,2026-03-03 11:01:00,other
173,275,2420,2026-03-22 15:39:00,late
174,277,2427,2026-04-21 07:00:00,other
175,278,2432,2026-05-24 16:05:00,late
176,287,2497,2026-06-11 08:55:00,other
177,287,2499,2026-06-17 09:15:00,other
178,288,2507,2026-03-17 20:33:00,other
179,289,2525,2026-05-21 05:23:00,late
180,292,2541,2026-03-02 13:55:00,late
181,292,2546,2026-04-26 04:32:00,late
182,292,2551,2026-05-28 13:34:00,late
183,294,2554,2026-03-26 07:11:00,other
184,295,2564,2026-04-05 17:59:00,other
185,296,2578,2026-01-17 21:47:00,late
186,304,2607,2026-02-09 14:57:00,late
187,305,2613,2026-01-16 18:16:00,late
188,305,2640,2026-03-12 19:30:00,other
189,305,2645,2026-04-04 15:40:00,late
190,306,2658,2026-03-21 21:59:00,late
191,306,2659,2026-04-18 15:36:00,other
192,306,2666,2026-05-26 10:57:00,other
193,316,2720,2026-04-08 05:18:00,stockout
194,316,2722,2026-04-07 12:44:00,stockout
195,316,2726,2026-04-25 19:02:00,other
196,318,2741,2026-06-13 20:59:00,late
197,319,2744,2026-05-04 13:13:00,stockout
198,325,2763,2026-01-25 15:19:00,stockout
199,325,2764,2026-01-24 14:39:00,late
200,325,2772,2026-02-19 14:15:00,stockout
201,325,2780,2026-03-23 17:38:00,other
202,326,2798,2026-03-18 16:07:00,late
203,327,2840,2026-04-27 13:12:00,other
204,328,2861,2026-04-29 07:16:00,stockout
205,328,2866,2026-06-04 17:11:00,stockout
206,330,2883,2026-05-07 10:05:00,other
207,331,2889,2026-02-21 19:16:00,late
208,333,2896,2026-01-19 05:46:00,stockout
209,334,2898,2026-04-07 09:17:00,late
210,339,2920,2026-04-19 22:42:00,late
211,342,2935,2026-04-03 20:37:00,late
212,342,2942,2026-05-02 21:14:00,other
213,346,2954,2026-02-11 15:33:00,late
214,347,2960,2026-03-18 11:18:00,late
215,350,2965,2026-01-27 19:09:00,late
216,353,2983,2026-05-19 16:24:00,other
217,359,3054,2026-02-03 07:01:00,late
218,359,3057,2026-02-21 18:15:00,late
219,359,3062,2026-03-07 18:51:00,other
220,359,3079,2026-05-26 20:32:00,late
221,359,3083,2026-06-08 15:28:00,late
222,369,3128,2026-03-16 08:03:00,other
223,369,3129,2026-03-26 17:33:00,late
224,369,3131,2026-03-30 17:40:00,late
225,369,3133,2026-03-30 04:53:00,stockout
226,369,3136,2026-04-13 14:11:00,late
227,371,3159,2026-04-29 19:00:00,late
228,371,3164,2026-05-12 12:32:00,late
229,373,3192,2026-03-03 03:01:00,stockout
230,373,3207,2026-04-04 17:29:00,late
231,377,3230,2026-04-21 14:02:00,late
232,378,3239,2026-05-09 10:57:00,other
233,381,3263,2026-05-06 09:04:00,late
234,383,3284,2026-03-29 16:57:00,stockout
235,387,3306,2026-05-02 09:55:00,late
236,387,3311,2026-04-28 13:24:00,stockout
237,387,3320,2026-05-17 08:56:00,late
238,389,3338,2026-01-31 09:04:00,stockout
239,389,3344,2026-02-10 10:29:00,late
240,389,3350,2026-03-16 09:34:00,late
241,390,3367,2026-05-03 20:42:00,late
242,390,3368,2026-04-29 18:45:00,late
243,395,3402,2026-06-11 07:53:00,late
244,395,3405,2026-06-15 11:30:00,other
245,401,3440,2026-05-29 10:41:00,stockout
246,402,3452,2026-05-04 17:52:00,late
247,402,3453,2026-05-04 19:54:00,late
248,404,3468,2026-04-03 13:07:00,late
249,407,3477,2026-02-03 20:12:00,late
250,413,3518,2026-04-20 21:02:00,other
251,413,3523,2026-05-05 08:20:00,stockout
252,415,3525,2026-03-15 17:48:00,late
253,419,3552,2026-05-08 13:07:00,late
254,420,3557,2026-03-27 12:02:00,stockout
255,420,3558,2026-04-11 19:30:00,stockout
256,420,3568,2026-07-05 18:07:00,late
257,421,3574,2026-05-05 12:57:00,stockout
258,423,3602,2026-03-06 11:04:00,other
259,423,3614,2026-04-30 22:37:00,other
260,424,3628,2026-05-21 22:31:00,late
261,428,3649,2026-06-20 07:33:00,other
262,439,3697,2026-02-16 10:44:00,other
263,443,3725,2026-06-11 14:57:00,late
264,445,3730,2026-06-18 17:52:00,late
265,448,3756,2026-05-27 08:12:00,other
266,448,3759,2026-06-15 18:42:00,late
267,450,3781,2026-06-14 16:40:00,late
268,451,3782,2026-04-01 18:08:00,late
269,451,3783,2026-03-31 07:51:00,stockout
270,453,3803,2026-04-16 23:49:00,other
271,453,3805,2026-04-27 20:19:00,late
272,454,3835,2026-03-28 19:52:00,late
273,454,3850,2026-06-14 19:23:00,late
274,459,3892,2026-03-27 09:45:00,late
275,459,3894,2026-03-25 18:00:00,late
276,460,3908,2026-04-18 18:25:00,stockout
277,460,3911,2026-04-25 18:52:00,stockout
278,460,3920,2026-05-22 10:13:00,late
279,460,3922,2026-05-30 12:34:00,stockout
280,462,3936,2026-06-26 08:14:00,other
281,463,3945,2026-04-13 23:25:00,other
282,463,3952,2026-06-18 16:08:00,late
283,464,3955,2026-02-25 01:21:00,other
284,464,3956,2026-03-01 10:37:00,stockout
285,464,3965,2026-03-11 23:23:00,stockout
286,464,3980,2026-04-22 17:20:00,other
287,467,3989,2026-03-28 08:50:00,stockout
288,467,3991,2026-04-03 19:17:00,late
289,468,4018,2026-04-03 14:42:00,late
290,469,4031,2026-06-28 10:56:00,late
291,470,4041,2026-03-27 07:32:00,other
292,470,4058,2026-05-20 17:22:00,other
293,470,4062,2026-06-12 20:38:00,stockout
294,471,4075,2026-02-15 19:23:00,late
295,471,4092,2026-04-10 03:58:00,stockout
296,471,4105,2026-05-26 20:36:00,other
297,471,4118,2026-06-15 05:55:00,late
298,473,4132,2026-05-21 14:44:00,stockout
299,478,4159,2026-05-19 06:42:00,stockout
300,478,4163,2026-06-04 18:38:00,late
301,478,4177,2026-07-05 07:57:00,late
302,478,4180,2026-07-01 16:51:00,stockout
303,480,4186,2026-04-22 11:18:00,late
304,480,4188,2026-06-12 19:18:00,late
305,482,4200,2026-04-25 20:43:00,stockout
306,482,4201,2026-04-22 19:03:00,late
307,491,4221,2026-01-26 14:04:00,late
308,491,4229,2026-03-16 17:25:00,other
309,493,4240,2026-04-15 13:55:00,other
310,494,4242,2026-03-22 12:54:00,late
311,496,4252,2026-06-24 11:41:00,other
312,496,4255,2026-07-01 22:53:00,other
313,497,4271,2026-03-22 17:01:00,stockout
314,497,4284,2026-04-29 17:47:00,stockout
315,497,4295,2026-05-24 12:09:00,late
316,499,4308,2026-04-05 14:02:00,other
317,499,4311,2026-04-20 20:28:00,stockout
318,500,4327,2026-04-30 18:56:00,late
319,502,4331,2026-04-30 09:39:00,late
320,502,4332,2026-05-02 19:04:00,late
321,502,4333,2026-04-28 18:40:00,late
322,502,4338,2026-04-28 09:29:00,late
323,502,4349,2026-05-12 19:33:00,stockout
324,502,4362,2026-05-28 11:13:00,stockout
325,502,4370,2026-06-07 08:26:00,late
326,502,4375,2026-06-03 22:35:00,late
327,502,4377,2026-06-05 19:14:00,late
328,502,4378,2026-06-08 23:16:00,stockout
329,502,4385,2026-06-11 09:39:00,late
330,505,4395,2026-01-20 20:35:00,late
331,505,4406,2026-03-31 20:50:00,late
332,505,4416,2026-04-22 08:36:00,late
333,505,4417,2026-04-24 18:17:00,other
334,505,4426,2026-06-08 15:23:00,stockout
335,505,4428,2026-06-14 18:28:00,late
336,507,4445,2026-04-23 09:43:00,stockout
337,507,4448,2026-04-21 02:12:00,stockout
338,507,4462,2026-06-06 18:28:00,late
339,507,4463,2026-06-13 18:24:00,late
340,510,4475,2026-05-03 19:03:00,other
341,511,4489,2026-05-13 10:53:00,stockout
342,512,4490,2026-05-03 20:10:00,late
343,512,4493,2026-05-03 07:16:00,late
344,512,4495,2026-05-01 06:38:00,stockout
345,512,4499,2026-05-09 16:58:00,stockout
346,513,4526,2026-05-17 04:51:00,other
347,513,4538,2026-06-20 16:19:00,other
348,513,4540,2026-06-23 02:01:00,stockout
349,515,4548,2026-01-22 18:00:00,late
350,515,4559,2026-02-26 01:06:00,other
351,515,4567,2026-03-11 18:23:00,late
352,518,4594,2026-03-22 19:31:00,stockout
353,520,4605,2026-06-04 17:44:00,late
354,520,4608,2026-06-21 19:00:00,late
355,524,4631,2026-03-31 10:52:00,other
356,525,4634,2026-05-24 15:59:00,late
357,527,4647,2026-02-16 23:12:00,stockout
358,528,4652,2026-05-22 18:26:00,late
359,532,4710,2026-03-17 09:19:00,other
360,534,4717,2026-01-12 21:34:00,late
361,534,4731,2026-03-01 20:11:00,late
362,536,4796,2026-03-01 18:57:00,late
363,536,4800,2026-03-06 19:06:00,late
364,538,4830,2026-05-04 07:57:00,other
365,539,4846,2026-04-01 18:52:00,late
366,539,4849,2026-04-18 03:00:00,late
367,539,4855,2026-05-12 05:56:00,late
368,541,4868,2026-02-07 20:21:00,stockout
369,541,4873,2026-02-14 22:34:00,late
370,541,4874,2026-02-17 18:52:00,late
371,542,4883,2026-02-16 17:40:00,late
372,542,4901,2026-06-20 09:23:00,stockout
373,542,4903,2026-07-02 08:30:00,late
374,548,4919,2026-02-02 19:28:00,late
375,549,4933,2026-02-11 19:30:00,late
376,550,4939,2026-06-01 09:18:00,other
377,553,4944,2026-04-02 06:48:00,stockout
378,553,4945,2026-04-02 19:09:00,late
379,561,4966,2026-04-06 14:53:00,other
380,561,4976,2026-04-23 05:57:00,stockout
381,561,4990,2026-05-27 22:48:00,stockout
382,562,5006,2026-04-08 19:48:00,late
383,564,5017,2026-02-14 04:39:00,stockout
384,564,5023,2026-03-22 07:06:00,late
385,565,5036,2026-05-15 19:54:00,late
386,567,5049,2026-01-26 18:17:00,late
387,567,5059,2026-03-07 12:37:00,stockout
388,567,5081,2026-05-16 16:29:00,other
389,567,5089,2026-06-14 20:29:00,stockout
390,568,5117,2026-06-10 20:21:00,stockout
391,571,5152,2026-02-08 07:09:00,late
392,573,5164,2026-02-26 12:55:00,late
393,577,5192,2026-03-29 21:49:00,late
394,582,5223,2026-02-11 01:14:00,late
395,584,5243,2026-06-11 14:08:00,late
396,585,5270,2026-06-07 20:02:00,late
397,585,5275,2026-06-08 09:46:00,stockout
398,587,5296,2026-06-12 19:52:00,late
399,591,5307,2026-01-26 11:46:00,late
400,593,5318,2026-03-21 11:59:00,other
401,593,5329,2026-06-03 12:07:00,other
402,593,5331,2026-06-01 08:00:00,stockout
403,595,5339,2026-03-01 15:22:00,stockout
404,595,5363,2026-05-07 20:51:00,other
405,595,5367,2026-06-05 13:47:00,late
406,595,5371,2026-06-30 11:53:00,late
407,597,5377,2026-05-01 09:02:00,late
408,600,5392,2026-05-13 18:31:00,late
409,602,5401,2026-04-28 14:37:00,other
410,602,5410,2026-06-03 17:11:00,late
411,602,5414,2026-06-20 07:30:00,late
412,603,5429,2026-05-11 19:59:00,late
413,603,5432,2026-05-21 10:04:00,late
414,603,5438,2026-06-19 10:18:00,other
415,605,5455,2026-04-17 16:05:00,stockout
416,605,5485,2026-06-18 23:29:00,late
417,605,5486,2026-06-26 08:14:00,late
418,608,5496,2026-05-28 16:54:00,late
419,611,5558,2026-02-18 08:02:00,late
420,613,5567,2026-05-15 10:37:00,late
421,613,5571,2026-05-21 18:03:00,late
422,616,5597,2026-04-04 08:58:00,stockout
423,618,5598,2026-02-12 05:21:00,stockout
424,621,5617,2026-02-25 04:20:00,other
425,623,5662,2026-04-24 11:42:00,stockout
426,624,5679,2026-01-21 10:27:00,late
427,626,5692,2026-04-28 08:50:00,stockout
428,628,5701,2026-01-08 17:10:00,late
429,630,5704,2026-03-24 06:39:00,stockout
430,630,5706,2026-04-10 10:31:00,late
431,631,5714,2026-06-13 15:10:00,stockout
432,631,5719,2026-06-22 18:40:00,late
433,633,5743,2026-04-05 00:55:00,other
434,633,5746,2026-04-22 19:43:00,late
435,637,5755,2026-05-13 22:49:00,other
436,639,5757,2026-04-15 17:55:00,late
437,639,5762,2026-05-01 23:53:00,other
438,639,5766,2026-05-15 14:54:00,other
439,644,5787,2026-06-16 21:13:00,other
440,646,5792,2026-03-05 19:11:00,late
441,647,5822,2026-01-29 20:49:00,late
442,647,5834,2026-03-05 08:06:00,other
443,647,5844,2026-04-01 12:47:00,other
444,647,5859,2026-05-26 08:18:00,late
445,647,5868,2026-06-22 20:36:00,stockout
446,652,5892,2026-05-07 17:24:00,stockout
447,654,5921,2026-06-14 13:42:00,late
448,657,5953,2026-05-30 12:49:00,late
449,658,5959,2026-04-20 10:47:00,other
450,659,5976,2026-04-26 13:30:00,other
451,666,6020,2026-03-16 20:11:00,late
452,667,6023,2026-05-09 09:10:00,late
453,669,6031,2026-03-19 07:33:00,late
454,670,6048,2026-06-22 18:20:00,other
455,671,6051,2026-06-05 06:58:00,late
456,671,6052,2026-06-19 22:33:00,stockout
457,672,6060,2026-01-30 19:42:00,late
458,672,6073,2026-02-09 16:00:00,late
459,672,6075,2026-02-12 18:35:00,other
460,672,6082,2026-02-28 07:09:00,late
461,672,6084,2026-03-01 05:36:00,late
462,672,6085,2026-02-28 13:38:00,stockout
463,674,6091,2026-06-24 18:05:00,stockout
464,678,6103,2026-04-24 11:25:00,stockout
465,679,6117,2026-05-06 18:12:00,stockout
466,680,6124,2026-03-17 12:32:00,other
467,684,6139,2026-02-05 18:29:00,stockout
468,684,6170,2026-04-25 18:27:00,stockout
469,685,6179,2026-04-01 20:00:00,late
470,685,6190,2026-06-01 04:16:00,stockout
471,690,6223,2026-04-03 19:26:00,late
472,692,6258,2026-01-09 18:30:00,late
473,696,6346,2026-03-15 17:03:00,stockout
474,698,6367,2026-04-11 16:07:00,stockout
475,698,6368,2026-04-12 19:59:00,late
476,698,6369,2026-04-07 16:03:00,late
477,704,6382,2026-05-04 01:50:00,stockout
478,705,6397,2026-04-14 17:16:00,stockout
479,706,6410,2026-05-16 15:20:00,stockout
480,707,6414,2026-03-10 21:45:00,other
481,708,6421,2026-02-18 20:55:00,late
482,708,6423,2026-02-25 18:18:00,late
483,710,6447,2026-02-04 23:10:00,late
484,715,6479,2026-02-02 16:53:00,other
485,716,6505,2026-02-01 16:45:00,stockout
486,716,6512,2026-02-15 09:37:00,late
487,719,6526,2026-04-27 10:17:00,late
488,719,6527,2026-04-27 03:20:00,stockout
489,719,6528,2026-05-09 18:39:00,late
490,719,6534,2026-05-31 17:00:00,stockout
491,719,6535,2026-06-05 09:29:00,stockout
492,721,6561,2026-06-09 20:02:00,late
493,725,6593,2026-03-15 09:55:00,other
494,727,6624,2026-04-25 19:26:00,late
495,729,6659,2026-06-23 09:10:00,other
496,730,6665,2026-02-02 13:21:00,late
497,732,6674,2026-02-28 19:43:00,stockout
498,733,6723,2026-03-24 19:45:00,stockout
499,733,6734,2026-04-23 19:21:00,other
500,733,6749,2026-05-26 08:16:00,other
501,742,6800,2026-05-26 12:48:00,stockout
502,743,6827,2026-04-20 20:15:00,late
503,743,6829,2026-05-03 20:12:00,other
504,743,6832,2026-06-13 19:07:00,stockout
505,746,6881,2026-05-30 19:37:00,late
506,748,6899,2026-02-06 09:35:00,other
507,748,6906,2026-03-11 19:20:00,late
508,748,6908,2026-03-29 16:36:00,late
509,749,6917,2026-03-09 19:02:00,late
510,749,6919,2026-04-01 21:19:00,other
511,753,6934,2026-04-29 07:36:00,stockout
512,755,6952,2026-06-29 20:31:00,late
513,757,6976,2026-02-02 14:51:00,late
514,757,6985,2026-03-31 17:36:00,late
515,761,7041,2026-04-24 10:05:00,stockout
516,761,7057,2026-05-13 19:27:00,other
517,762,7058,2026-03-08 09:44:00,other
518,770,7103,2026-02-17 09:32:00,stockout
519,770,7104,2026-02-17 19:32:00,late
520,770,7114,2026-04-25 17:10:00,late
521,770,7126,2026-06-17 03:49:00,stockout
522,771,7133,2026-05-29 14:03:00,stockout
523,772,7142,2026-01-09 06:23:00,late
524,774,7145,2026-03-20 19:07:00,stockout
525,776,7155,2026-05-17 17:33:00,late
526,776,7159,2026-06-14 21:18:00,late
527,776,7160,2026-06-10 20:11:00,late
528,776,7165,2026-06-22 23:50:00,late
529,777,7179,2026-05-30 20:02:00,stockout
530,779,7185,2026-01-24 18:13:00,stockout
531,780,7224,2026-05-24 12:39:00,late
532,785,7234,2026-01-19 08:54:00,other
533,788,7252,2026-04-25 22:01:00,late
534,789,7258,2026-03-06 02:19:00,late
535,790,7261,2026-01-15 19:04:00,other
536,790,7264,2026-02-01 19:33:00,stockout
537,790,7268,2026-02-28 17:27:00,stockout
538,791,7271,2026-01-27 16:19:00,stockout
539,791,7279,2026-05-03 19:42:00,late
540,801,7321,2026-03-09 18:56:00,other
541,801,7324,2026-04-05 07:16:00,other
542,803,7333,2026-05-23 19:21:00,late
543,803,7336,2026-05-27 20:19:00,stockout
544,803,7345,2026-06-28 08:33:00,stockout
545,804,7347,2026-05-22 00:57:00,other
546,806,7390,2026-03-15 19:05:00,late
547,808,7399,2026-05-07 22:52:00,stockout
548,809,7406,2026-05-28 19:10:00,late
549,809,7407,2026-05-30 18:56:00,late
550,810,7418,2026-06-16 10:53:00,other
551,812,7434,2026-03-16 18:53:00,late
552,812,7436,2026-03-26 12:10:00,other
553,812,7453,2026-05-01 11:38:00,late
554,812,7460,2026-05-21 17:42:00,other
555,812,7470,2026-06-15 20:38:00,late
556,813,7471,2026-01-14 02:01:00,late
557,818,7496,2026-03-15 10:59:00,late
558,820,7499,2026-02-02 11:38:00,late
559,820,7524,2026-03-07 20:45:00,late
560,821,7532,2026-04-10 08:35:00,other
561,821,7535,2026-04-14 19:12:00,late
562,821,7539,2026-05-17 03:40:00,stockout
563,824,7543,2026-05-15 12:01:00,late
564,824,7545,2026-05-11 14:28:00,late
565,830,7589,2026-02-08 17:38:00,stockout
566,831,7597,2026-02-23 19:34:00,late
567,831,7604,2026-04-20 11:58:00,late
568,831,7610,2026-06-13 17:15:00,late
569,831,7611,2026-06-13 17:27:00,late
570,836,7626,2026-04-05 08:33:00,stockout
571,842,7675,2026-05-07 07:54:00,late
572,843,7720,2026-07-03 16:20:00,stockout
573,845,7747,2026-04-29 08:33:00,late
574,847,7761,2026-03-06 17:58:00,other
575,847,7765,2026-03-07 22:07:00,late
576,847,7783,2026-06-11 11:25:00,late
577,849,7792,2026-01-25 23:27:00,stockout
578,850,7798,2026-04-13 10:51:00,stockout
579,851,7803,2026-03-12 20:22:00,late
580,857,7840,2026-05-17 18:02:00,late
581,857,7849,2026-06-17 07:38:00,late
582,858,7858,2026-03-11 19:29:00,stockout
583,860,7886,2026-06-08 10:07:00,stockout
584,861,7891,2026-04-16 08:38:00,late
585,861,7892,2026-04-15 17:13:00,stockout
586,862,7900,2026-01-29 19:29:00,other
587,862,7912,2026-02-18 17:10:00,other
588,862,7916,2026-03-14 19:19:00,late
589,864,7965,2026-05-04 21:55:00,late
590,865,7967,2026-04-05 18:29:00,late
591,868,7977,2026-02-18 18:07:00,other
592,868,7979,2026-03-01 11:02:00,stockout
593,868,8017,2026-06-25 18:40:00,late
594,870,8035,2026-04-12 22:33:00,other
595,874,8057,2026-03-08 20:45:00,late
596,874,8058,2026-03-03 18:49:00,stockout
597,874,8064,2026-03-18 07:59:00,late
598,874,8087,2026-05-17 21:27:00,late
599,874,8091,2026-05-18 13:23:00,stockout
600,874,8092,2026-05-24 06:08:00,other
601,875,8114,2026-02-16 08:09:00,stockout
602,875,8115,2026-02-18 21:15:00,other
603,875,8123,2026-04-13 11:30:00,stockout
604,875,8128,2026-06-04 05:32:00,late
605,877,8155,2026-05-13 14:18:00,stockout
606,877,8173,2026-06-26 20:23:00,late
607,877,8177,2026-07-01 17:30:00,late
608,877,8179,2026-06-30 20:48:00,late
609,881,8188,2026-04-30 04:50:00,late
610,881,8189,2026-05-04 21:23:00,stockout
611,883,8202,2026-07-02 21:21:00,stockout
612,885,8228,2026-06-19 15:36:00,late
613,886,8239,2026-03-21 19:34:00,stockout
614,886,8251,2026-06-27 07:53:00,other
615,895,8286,2026-05-12 02:59:00,stockout
616,898,8318,2026-02-17 16:15:00,late
617,898,8322,2026-03-09 01:03:00,other
618,898,8334,2026-05-20 18:03:00,stockout
619,904,8354,2026-02-21 22:35:00,other
620,905,8365,2026-06-12 19:53:00,late
621,906,8391,2026-06-10 08:46:00,late
622,912,8420,2026-03-01 16:55:00,stockout
623,912,8421,2026-03-05 19:21:00,late
624,912,8424,2026-04-02 14:11:00,stockout
625,912,8430,2026-05-09 11:21:00,late
626,912,8434,2026-05-25 16:03:00,late
627,912,8435,2026-06-04 20:49:00,late
628,912,8443,2026-06-19 12:48:00,late
629,913,8449,2026-06-03 10:29:00,late
630,913,8450,2026-06-13 11:23:00,other
631,913,8454,2026-06-23 20:47:00,late
632,914,8456,2026-03-18 22:23:00,stockout
633,915,8458,2026-03-09 08:24:00,late
634,915,8461,2026-04-02 17:09:00,late
635,915,8463,2026-04-01 06:32:00,late
636,915,8481,2026-06-03 09:11:00,stockout
637,915,8482,2026-06-01 11:42:00,stockout
638,915,8483,2026-06-03 08:24:00,late
639,915,8493,2026-07-01 11:39:00,stockout
640,917,8501,2026-02-22 20:19:00,late
641,922,8553,2026-05-06 19:25:00,late
642,922,8556,2026-06-05 16:43:00,late
643,922,8557,2026-06-04 19:22:00,late
644,924,8564,2026-05-19 12:50:00,other
645,925,8573,2026-03-08 18:42:00,late
646,929,8629,2026-07-04 18:05:00,stockout
647,935,8681,2026-06-10 18:32:00,stockout
648,936,8685,2026-04-14 15:30:00,late
649,937,8689,2026-02-15 08:51:00,late
650,938,8696,2026-04-18 10:03:00,late
651,938,8700,2026-05-13 18:36:00,late
652,939,8716,2026-02-12 13:27:00,late
653,939,8723,2026-02-27 17:07:00,stockout
654,939,8725,2026-02-23 03:31:00,other
655,939,8752,2026-04-16 21:18:00,other
656,942,8804,2026-02-23 18:57:00,late
657,946,8824,2026-05-13 12:18:00,stockout
658,949,8845,2026-05-06 08:48:00,stockout
659,949,8867,2026-06-03 20:05:00,stockout
660,955,8901,2026-02-04 09:37:00,stockout
661,961,8939,2026-03-18 18:16:00,late
662,963,8962,2026-05-21 14:28:00,late
663,965,8970,2026-03-01 21:29:00,other
664,965,8986,2026-05-18 20:42:00,late
665,967,8996,2026-05-22 11:46:00,stockout
666,969,9008,2026-04-02 21:12:00,other
667,971,9018,2026-02-16 18:40:00,late
668,971,9023,2026-03-12 20:22:00,other
669,973,9040,2026-02-23 20:25:00,late
670,973,9042,2026-02-27 19:18:00,late
671,973,9043,2026-03-03 12:56:00,stockout
672,973,9044,2026-03-03 22:10:00,stockout
673,973,9047,2026-03-11 18:23:00,other
674,978,9082,2026-03-31 08:40:00,stockout
675,979,9084,2026-03-03 18:03:00,late
676,979,9100,2026-04-27 14:42:00,late
677,980,9126,2026-02-24 18:30:00,late
678,980,9128,2026-03-24 23:20:00,late
679,980,9130,2026-04-23 18:50:00,late
680,981,9138,2026-03-27 07:48:00,late
681,984,9161,2026-05-15 19:50:00,other
682,984,9165,2026-06-02 10:12:00,other
683,986,9180,2026-04-29 20:48:00,stockout
684,993,9218,2026-02-17 18:11:00,late
685,993,9224,2026-03-03 19:01:00,other
686,994,9231,2026-03-11 05:33:00,late
687,994,9234,2026-03-18 17:39:00,late
688,994,9247,2026-05-24 06:05:00,late
689,995,9256,2026-04-26 08:24:00,late
690,995,9278,2026-05-25 18:53:00,late
691,996,9303,2026-03-25 20:32:00,other
692,998,9316,2026-03-14 19:27:00,late
693,998,9320,2026-05-13 14:38:00,late
694,999,9335,2026-05-01 17:10:00,stockout
695,999,9347,2026-07-04 18:35:00,other
696,1001,9355,2026-05-29 09:45:00,stockout
697,1002,9357,2026-01-21 18:38:00,late
698,1006,9368,2026-03-31 10:30:00,late
699,1008,9377,2026-05-17 08:12:00,late
700,1008,9389,2026-06-14 14:24:00,other
701,1009,9411,2026-03-31 17:23:00,stockout
702,1010,9412,2026-02-20 20:10:00,late
703,1012,9424,2026-04-28 20:02:00,late
704,1013,9428,2026-02-20 17:29:00,other
705,1013,9432,2026-02-24 19:44:00,late
706,1014,9453,2026-03-02 16:55:00,stockout
707,1015,9491,2026-02-21 08:21:00,other
708,1015,9498,2026-03-11 09:19:00,stockout
709,1015,9501,2026-03-24 06:23:00,stockout
710,1015,9503,2026-03-28 09:26:00,other
711,1023,9566,2026-02-25 09:42:00,stockout
712,1023,9570,2026-03-21 19:20:00,late
713,1023,9571,2026-03-18 14:48:00,other
714,1024,9632,2026-03-26 08:05:00,stockout
715,1024,9635,2026-03-25 13:11:00,late
716,1024,9640,2026-04-21 15:30:00,late
717,1025,9654,2026-05-22 19:35:00,other
718,1031,9696,2026-04-18 10:01:00,stockout
719,1031,9699,2026-04-13 14:29:00,late
720,1031,9715,2026-05-08 01:43:00,late
721,1031,9718,2026-05-22 16:11:00,stockout
722,1031,9730,2026-06-07 15:04:00,other
723,1031,9732,2026-06-02 18:54:00,late
724,1032,9760,2026-05-04 14:06:00,other
725,1032,9767,2026-05-19 19:16:00,stockout
726,1033,9788,2026-04-20 22:47:00,stockout
727,1036,9815,2026-06-23 08:32:00,stockout
728,1037,9831,2026-04-02 19:49:00,late
729,1041,9844,2026-02-26 07:00:00,stockout
730,1043,9853,2026-05-07 18:37:00,late
731,1043,9857,2026-05-28 08:00:00,late
732,1044,9870,2026-04-11 20:42:00,late
733,1044,9878,2026-05-02 21:37:00,late
734,1045,9906,2026-04-29 20:29:00,late
735,1048,9930,2026-05-09 17:05:00,stockout
736,1048,9935,2026-05-21 15:51:00,stockout
737,1049,9962,2026-04-26 09:27:00,stockout
738,1049,9968,2026-06-11 20:28:00,late
739,1051,9973,2026-03-16 14:11:00,other
740,1051,9978,2026-03-29 18:43:00,other
741,1051,10016,2026-05-25 00:20:00,late
742,1051,10020,2026-06-13 08:31:00,stockout
743,1051,10029,2026-06-28 07:49:00,other
744,1052,10034,2026-05-02 12:11:00,late
745,1054,10039,2026-04-12 12:10:00,stockout
746,1054,10053,2026-05-08 19:10:00,late
747,1054,10059,2026-05-17 19:53:00,late
748,1056,10066,2026-02-01 22:47:00,late
749,1056,10069,2026-03-13 18:57:00,late
750,1059,10079,2026-02-19 13:40:00,stockout
751,1060,10080,2026-04-13 09:01:00,stockout
752,1062,10089,2026-01-26 11:48:00,other
753,1068,10102,2026-03-29 19:27:00,late
754,1071,10118,2026-01-12 08:25:00,stockout
755,1072,10124,2026-02-07 14:56:00,other
756,1073,10139,2026-04-24 10:51:00,stockout
757,1073,10141,2026-05-08 18:38:00,late
758,1074,10147,2026-05-31 07:26:00,late
759,1074,10155,2026-06-15 22:09:00,stockout
760,1074,10160,2026-06-30 11:02:00,late
761,1074,10162,2026-07-05 19:03:00,late
762,1075,10188,2026-03-13 16:46:00,stockout
763,1075,10199,2026-04-04 18:28:00,stockout
764,1078,10224,2026-05-02 17:12:00,late
765,1078,10225,2026-05-09 20:15:00,late
766,1080,10238,2026-05-12 18:18:00,stockout
767,1081,10239,2026-03-30 18:58:00,late
768,1081,10242,2026-04-09 08:20:00,late
769,1082,10252,2026-06-02 10:08:00,late
770,1082,10256,2026-06-13 21:34:00,stockout
771,1083,10260,2026-03-21 20:06:00,late
772,1085,10272,2026-06-25 20:11:00,stockout
773,1086,10275,2026-05-21 17:46:00,late
774,1087,10281,2026-03-23 20:03:00,late
775,1088,10288,2026-04-19 20:13:00,late
776,1090,10300,2026-05-28 15:52:00,late
777,1090,10302,2026-06-26 19:50:00,late
778,1094,10316,2026-02-01 16:58:00,late
779,1094,10318,2026-01-31 19:08:00,stockout
780,1094,10341,2026-03-31 18:04:00,stockout
781,1094,10347,2026-04-19 15:55:00,stockout
782,1095,10362,2026-04-07 20:41:00,late
783,1096,10396,2026-05-06 19:00:00,late
784,1098,10398,2026-02-08 20:45:00,late
785,1100,10401,2026-03-02 14:43:00,other
786,1100,10412,2026-04-01 07:30:00,other
787,1103,10440,2026-04-22 12:27:00,stockout
788,1103,10443,2026-04-28 02:05:00,other
789,1105,10459,2026-05-20 17:18:00,late
790,1106,10474,2026-03-16 18:05:00,stockout
791,1106,10480,2026-03-27 18:35:00,late
792,1106,10482,2026-03-30 09:49:00,stockout
793,1107,10492,2026-05-01 09:37:00,other
794,1108,10503,2026-03-21 13:55:00,late
795,1110,10517,2026-04-08 10:31:00,other
796,1112,10526,2026-02-06 02:30:00,late
797,1113,10531,2026-01-22 11:59:00,late
798,1113,10534,2026-01-30 15:34:00,late
799,1113,10536,2026-02-01 12:05:00,stockout
800,1113,10540,2026-02-09 13:02:00,late
801,1114,10550,2026-02-03 08:02:00,stockout
802,1114,10551,2026-02-08 21:53:00,late
803,1115,10574,2026-04-23 16:05:00,stockout
804,1117,10578,2026-02-09 07:24:00,other
805,1117,10580,2026-02-09 02:58:00,stockout
806,1117,10589,2026-04-08 07:26:00,other
807,1117,10592,2026-04-23 12:57:00,stockout
808,1119,10600,2026-04-14 09:13:00,late
809,1123,10606,2026-05-24 20:43:00,stockout
810,1125,10626,2026-05-22 18:43:00,late
811,1125,10633,2026-06-11 17:31:00,late
812,1125,10634,2026-06-24 16:00:00,late
813,1129,10644,2026-04-29 09:10:00,stockout
814,1133,10669,2026-05-13 22:26:00,stockout
815,1134,10677,2026-03-18 18:23:00,late
816,1137,10693,2026-05-26 11:42:00,late
817,1138,10701,2026-02-06 19:05:00,stockout
818,1138,10728,2026-04-13 21:07:00,stockout
819,1138,10742,2026-06-21 09:22:00,late
820,1140,10762,2026-03-30 07:09:00,stockout
821,1141,10770,2026-05-12 12:07:00,late
822,1142,10788,2026-06-20 09:06:00,stockout
823,1142,10790,2026-06-27 18:28:00,late
824,1145,10802,2026-01-21 19:39:00,late
825,1147,10809,2026-02-21 20:43:00,late
826,1148,10810,2026-03-17 16:32:00,stockout
827,1149,10814,2026-03-16 20:25:00,late
828,1149,10816,2026-04-15 19:37:00,late
829,1149,10821,2026-05-21 20:23:00,late
830,1149,10825,2026-06-05 08:08:00,late
831,1149,10827,2026-06-12 11:19:00,stockout
832,1151,10847,2026-04-16 20:32:00,late
833,1151,10849,2026-04-16 18:58:00,late
834,1152,10862,2026-05-20 20:48:00,stockout
835,1152,10867,2026-06-20 19:52:00,stockout
836,1155,10920,2026-05-22 10:06:00,stockout
837,1155,10922,2026-06-07 13:07:00,other
838,1155,10927,2026-06-19 11:46:00,other
839,1162,10956,2026-04-27 19:16:00,stockout
840,1162,10968,2026-06-26 19:50:00,late
841,1163,10978,2026-04-17 05:13:00,late
842,1163,10979,2026-04-13 20:45:00,late
843,1166,10990,2026-06-10 06:03:00,other
844,1168,11008,2026-03-29 22:04:00,late
845,1174,11058,2026-06-20 04:27:00,other
846,1185,11100,2026-03-12 19:04:00,late
847,1187,11103,2026-01-16 18:22:00,late
848,1193,11127,2026-03-09 23:40:00,late
849,1193,11130,2026-03-20 20:21:00,late
850,1193,11135,2026-03-31 11:49:00,late
851,1203,11174,2026-04-25 12:55:00,late
852,1203,11196,2026-06-14 08:47:00,other
853,1204,11208,2026-03-24 12:50:00,stockout
854,1205,11215,2026-04-29 08:07:00,late
855,1207,11222,2026-02-17 18:03:00,other
856,1207,11258,2026-06-29 15:20:00,stockout
857,1208,11261,2026-03-07 14:06:00,stockout
858,1208,11267,2026-03-29 11:10:00,other
859,1214,11302,2026-02-21 12:50:00,late
860,1214,11333,2026-05-10 19:13:00,late
861,1214,11339,2026-05-12 14:14:00,other
862,1214,11356,2026-06-18 08:04:00,late
863,1215,11367,2026-04-15 18:21:00,late
864,1222,11382,2026-04-01 15:18:00,stockout
865,1225,11397,2026-05-17 16:13:00,late
866,1236,11452,2026-02-24 18:28:00,late
867,1236,11454,2026-03-06 17:04:00,late
868,1236,11455,2026-03-05 03:20:00,other
869,1237,11464,2026-06-06 08:54:00,stockout
870,1242,11479,2026-05-04 04:38:00,stockout
871,1243,11501,2026-04-27 08:40:00,late
872,1247,11540,2026-03-14 19:05:00,late
873,1247,11542,2026-03-09 13:39:00,late
874,1247,11557,2026-05-03 08:51:00,stockout
875,1247,11585,2026-07-03 19:53:00,other
876,1248,11593,2026-04-09 19:09:00,late
877,1250,11614,2026-06-26 06:21:00,stockout
878,1255,11634,2026-04-05 19:06:00,stockout
879,1255,11636,2026-04-05 16:33:00,late
880,1255,11638,2026-04-12 09:11:00,other
881,1255,11643,2026-04-29 23:36:00,late
882,1255,11644,2026-05-03 15:24:00,late
883,1255,11645,2026-04-29 20:09:00,late
884,1255,11665,2026-06-29 19:39:00,late
885,1258,11691,2026-05-06 07:01:00,other
886,1261,11723,2026-05-12 14:26:00,stockout
887,1261,11729,2026-06-06 21:22:00,other
888,1261,11733,2026-06-18 08:19:00,late
889,1262,11737,2026-04-06 17:58:00,other
890,1269,11775,2026-03-08 20:15:00,late
891,1270,11783,2026-05-27 05:43:00,late
892,1270,11788,2026-06-12 18:46:00,late
893,1270,11789,2026-06-08 12:26:00,late
894,1273,11803,2026-03-29 07:08:00,late
895,1273,11807,2026-04-20 11:12:00,late
896,1273,11813,2026-05-07 10:23:00,late
897,1273,11819,2026-05-23 20:40:00,late
898,1273,11832,2026-07-02 05:33:00,stockout
899,1278,11878,2026-03-21 14:25:00,other
900,1278,11884,2026-04-04 13:37:00,late
901,1278,11888,2026-04-04 19:01:00,stockout
902,1278,11890,2026-04-28 14:15:00,late
903,1278,11893,2026-05-11 20:31:00,late
904,1283,11922,2026-01-15 19:30:00,late
905,1283,11925,2026-01-12 08:00:00,other
906,1283,11934,2026-01-19 20:56:00,late
907,1293,11977,2026-05-21 21:04:00,other
908,1296,12005,2026-01-30 21:04:00,other
909,1297,12027,2026-06-20 16:56:00,stockout
910,1300,12053,2026-05-10 19:11:00,late
911,1302,12058,2026-06-20 19:30:00,late
912,1306,12078,2026-04-05 20:10:00,late
913,1306,12081,2026-05-19 22:18:00,stockout
914,1306,12082,2026-05-31 19:15:00,other
915,1306,12083,2026-06-02 20:48:00,stockout
916,1309,12096,2026-04-15 19:02:00,stockout
917,1313,12129,2026-05-27 23:50:00,late
918,1314,12158,2026-04-02 19:42:00,late
919,1314,12170,2026-05-11 17:43:00,other
920,1314,12175,2026-05-30 19:42:00,late
921,1314,12182,2026-06-08 13:09:00,other
922,1316,12199,2026-05-13 23:48:00,stockout
923,1316,12203,2026-06-14 15:17:00,late
924,1319,12217,2026-02-06 19:20:00,late
925,1325,12285,2026-06-19 18:29:00,late
926,1325,12286,2026-06-22 01:54:00,stockout
927,1329,12307,2026-03-09 18:13:00,stockout
928,1330,12354,2026-04-16 11:57:00,stockout
929,1332,12378,2026-02-10 17:13:00,other
930,1332,12380,2026-02-18 18:12:00,late
931,1333,12382,2026-02-27 20:49:00,late
932,1334,12385,2026-05-23 09:18:00,late
933,1334,12393,2026-05-25 16:51:00,stockout
934,1334,12404,2026-06-24 20:51:00,late
935,1334,12409,2026-07-01 20:00:00,late
936,1334,12413,2026-07-05 20:06:00,late
937,1335,12417,2026-03-06 13:21:00,stockout
938,1336,12423,2026-06-07 08:05:00,stockout
939,1337,12441,2026-02-11 22:18:00,other
940,1338,12449,2026-04-17 03:51:00,late
941,1338,12450,2026-04-16 10:08:00,late
942,1338,12452,2026-04-30 17:22:00,stockout
943,1339,12472,2026-04-06 16:10:00,late
944,1339,12490,2026-06-10 09:27:00,stockout
945,1341,12501,2026-05-25 19:12:00,stockout
946,1344,12514,2026-02-08 20:54:00,late
947,1345,12516,2026-04-21 16:44:00,late
948,1346,12531,2026-02-27 19:37:00,stockout
949,1346,12556,2026-07-03 18:03:00,late
950,1348,12561,2026-04-20 17:44:00,stockout
951,1350,12564,2026-03-07 18:28:00,late
952,1354,12588,2026-04-24 18:26:00,late
953,1358,12601,2026-03-24 20:05:00,late
954,1359,12605,2026-03-25 09:46:00,stockout
955,1359,12612,2026-05-23 13:15:00,stockout
956,1360,12632,2026-05-15 19:21:00,late
957,1360,12637,2026-06-17 09:34:00,late
958,1363,12649,2026-03-27 17:22:00,other
959,1363,12650,2026-03-30 17:26:00,stockout
960,1369,12665,2026-03-28 10:07:00,other
961,1369,12670,2026-04-10 10:46:00,late
962,1369,12675,2026-05-24 21:04:00,late
963,1372,12704,2026-06-13 23:39:00,stockout
964,1374,12710,2026-02-03 08:59:00,stockout
965,1374,12711,2026-02-27 02:03:00,late
966,1377,12718,2026-03-17 10:34:00,late
967,1377,12722,2026-05-24 19:35:00,stockout
968,1377,12725,2026-07-05 02:00:00,late
969,1381,12750,2026-04-13 15:58:00,other
970,1383,12760,2026-05-03 18:54:00,late
971,1385,12765,2026-01-24 19:34:00,late
972,1385,12773,2026-02-22 18:00:00,late
973,1385,12783,2026-04-01 22:39:00,stockout
974,1385,12791,2026-05-17 14:38:00,other
975,1386,12814,2026-05-24 18:34:00,late
976,1386,12818,2026-05-31 18:50:00,other
977,1386,12829,2026-06-03 14:58:00,stockout
978,1388,12856,2026-05-31 16:59:00,late
979,1388,12857,2026-05-26 21:49:00,other
980,1392,12889,2026-06-17 14:48:00,late
981,1394,12921,2026-04-15 07:27:00,late
982,1394,12927,2026-04-21 08:59:00,late
983,1396,12937,2026-05-22 17:51:00,stockout
984,1396,12941,2026-05-29 01:25:00,stockout
985,1397,12950,2026-02-24 09:55:00,stockout
986,1397,12963,2026-04-23 17:37:00,late
987,1397,12964,2026-04-24 23:01:00,late
988,1397,12966,2026-04-23 19:16:00,stockout
989,1398,12978,2026-05-03 13:16:00,late
990,1398,12979,2026-05-06 23:13:00,stockout
991,1399,12986,2026-04-24 18:39:00,stockout
992,1402,12997,2026-01-29 16:37:00,late
993,1402,13004,2026-02-20 21:20:00,late
994,1404,13035,2026-05-02 18:41:00,other
995,1406,13046,2026-04-18 12:36:00,late
996,1410,13072,2026-03-30 06:55:00,stockout
997,1410,13073,2026-04-05 18:57:00,late
998,1410,13074,2026-04-10 08:11:00,stockout
999,1410,13076,2026-04-17 18:10:00,late
1000,1410,13089,2026-06-30 20:38:00,late
1001,1411,13092,2026-05-11 18:16:00,late
1002,1412,13094,2026-03-27 03:47:00,stockout
1003,1413,13099,2026-03-28 21:21:00,late
1004,1413,13104,2026-04-08 19:10:00,late
1005,1413,13109,2026-05-09 17:58:00,late
1006,1415,13126,2026-04-19 18:02:00,other
1007,1416,13146,2026-04-02 14:43:00,stockout
1008,1417,13153,2026-05-19 06:24:00,other
1009,1417,13158,2026-06-11 19:11:00,late
1010,1418,13170,2026-05-15 20:21:00,late
1011,1418,13179,2026-06-01 19:03:00,stockout
1012,1418,13182,2026-06-10 19:42:00,late
1013,1418,13186,2026-07-03 11:05:00,late
1014,1421,13192,2026-01-28 09:51:00,stockout
1015,1421,13194,2026-02-02 16:22:00,late
1016,1421,13209,2026-04-06 18:41:00,stockout
1017,1421,13216,2026-04-16 21:56:00,stockout
1018,1422,13253,2026-04-04 13:43:00,other
1019,1424,13279,2026-04-09 08:32:00,stockout
1020,1427,13303,2026-03-28 19:29:00,stockout
1021,1430,13327,2026-02-07 17:37:00,stockout
1022,1430,13329,2026-02-05 18:57:00,late
1023,1430,13331,2026-02-17 22:29:00,late
1024,1432,13348,2026-05-16 09:37:00,late
1025,1438,13360,2026-01-25 17:01:00,late
1026,1443,13439,2026-02-22 08:37:00,other
1027,1443,13447,2026-03-05 18:37:00,late
1028,1443,13453,2026-03-29 17:18:00,stockout
1029,1443,13456,2026-04-15 17:36:00,stockout
1030,1443,13477,2026-07-02 10:19:00,other
1031,1445,13498,2026-02-18 18:36:00,late
1032,1451,13533,2026-05-10 20:07:00,late
1033,1457,13581,2026-05-10 21:12:00,late
1034,1463,13602,2026-03-15 17:17:00,stockout
1035,1464,13603,2026-05-11 20:46:00,late
1036,1465,13610,2026-03-05 07:04:00,other
1037,1467,13630,2026-06-29 00:36:00,other
1038,1468,13645,2026-05-15 09:12:00,late
1039,1473,13669,2026-03-06 13:25:00,stockout
1040,1473,13678,2026-05-31 20:59:00,late
1041,1478,13688,2026-04-20 14:34:00,late
1042,1478,13694,2026-05-08 05:32:00,stockout
1043,1478,13712,2026-07-02 23:52:00,stockout
1044,1479,13721,2026-03-30 18:32:00,other
1045,1479,13735,2026-06-17 06:57:00,late
1046,1482,13756,2026-02-20 20:09:00,late
1047,1487,13786,2026-04-01 20:27:00,stockout
1048,1488,13802,2026-04-15 20:53:00,late
1049,1489,13808,2026-02-05 16:36:00,other
1050,1492,13842,2026-01-06 10:30:00,late
1051,1492,13849,2026-02-14 14:49:00,other
1052,1492,13856,2026-05-04 20:44:00,late
1053,1493,13877,2026-05-08 09:49:00,late
1054,1493,13882,2026-06-06 20:29:00,late
1055,1496,13902,2026-03-13 15:26:00,late
1056,1496,13911,2026-05-24 17:35:00,late
1057,1496,13914,2026-06-05 08:16:00,stockout
1058,1497,13917,2026-05-22 07:07:00,late
1059,1497,13927,2026-06-24 19:28:00,stockout
1060,1498,13929,2026-02-07 00:21:00,late
1061,1499,13942,2026-03-05 13:48:00,stockout
1062,1499,13954,2026-04-14 19:03:00,late
1063,1500,13963,2026-03-14 17:29:00,late
1064,1501,13967,2026-03-05 11:55:00,other
1065,1503,13988,2026-04-29 07:26:00,other
1066,1504,14000,2026-04-14 17:49:00,other
1067,1507,14036,2026-06-16 10:31:00,late
1068,1508,14041,2026-05-10 16:20:00,stockout
1069,1510,14051,2026-06-15 17:35:00,other
1070,1511,14060,2026-03-25 20:35:00,late
1071,1512,14064,2026-01-05 10:49:00,other
1072,1512,14068,2026-02-02 17:40:00,late
1073,1516,14087,2026-04-30 08:33:00,stockout
1074,1516,14089,2026-05-15 19:08:00,late
1075,1518,14112,2026-05-14 09:23:00,stockout
1076,1518,14127,2026-06-18 20:36:00,late
1077,1518,14131,2026-07-04 22:05:00,stockout
1078,1520,14140,2026-03-23 19:38:00,stockout
1079,1521,14156,2026-06-03 23:48:00,late
1080,1522,14162,2026-05-21 18:27:00,late
1081,1522,14167,2026-06-20 12:22:00,late
1082,1523,14171,2026-05-02 19:35:00,late
1083,1523,14181,2026-05-17 18:39:00,late
1084,1523,14187,2026-05-23 20:03:00,late
1085,1523,14192,2026-06-10 17:03:00,other
1086,1523,14195,2026-06-08 17:46:00,other
1087,1523,14197,2026-06-11 07:10:00,stockout
1088,1525,14221,2026-05-02 18:30:00,stockout
1089,1525,14226,2026-06-01 17:16:00,stockout
1090,1527,14249,2026-04-08 11:16:00,other
1091,1530,14277,2026-03-31 03:02:00,other
1092,1530,14293,2026-05-08 11:52:00,other
1093,1532,14321,2026-03-22 19:09:00,late
1094,1532,14324,2026-04-05 19:49:00,stockout
1095,1532,14329,2026-07-02 11:26:00,stockout
1096,1533,14334,2026-05-13 23:43:00,late
1097,1536,14349,2026-03-28 08:04:00,late
1098,1538,14351,2026-01-12 18:09:00,late
1099,1538,14352,2026-01-14 15:08:00,other
1100,1539,14357,2026-02-03 12:49:00,other
1101,1547,14401,2026-05-10 18:44:00,stockout
1102,1551,14422,2026-06-09 18:49:00,other
1103,1551,14423,2026-06-08 13:22:00,other
1104,1553,14442,2026-02-16 17:29:00,late
1105,1553,14461,2026-05-16 10:54:00,other
1106,1553,14464,2026-05-26 19:37:00,late
1107,1553,14466,2026-06-12 15:05:00,other
1108,1558,14494,2026-04-04 15:14:00,stockout
1109,1559,14495,2026-01-08 13:30:00,late
1110,1560,14504,2026-04-12 16:31:00,late
1111,1560,14510,2026-04-28 09:51:00,stockout
1112,1560,14511,2026-04-29 14:50:00,stockout
1113,1561,14516,2026-02-28 17:59:00,other
1114,1563,14521,2026-03-10 19:20:00,late
1115,1563,14529,2026-05-26 12:21:00,other
1116,1566,14547,2026-01-23 09:24:00,other
1117,1570,14558,2026-04-04 15:26:00,stockout
1118,1571,14567,2026-06-15 10:48:00,stockout
1119,1571,14569,2026-06-21 21:26:00,other
1120,1572,14571,2026-04-20 16:36:00,late
1121,1574,14583,2026-04-10 19:51:00,late
1122,1575,14613,2026-06-19 06:06:00,stockout
1123,1577,14627,2026-07-01 10:18:00,stockout
1124,1578,14628,2026-03-21 19:10:00,late
1125,1578,14631,2026-04-01 15:45:00,late
1126,1578,14632,2026-04-07 19:18:00,late
1127,1580,14643,2026-04-23 18:05:00,late
1128,1587,14677,2026-01-24 04:10:00,stockout
1129,1588,14682,2026-06-04 21:49:00,stockout
1130,1594,14715,2026-02-08 20:21:00,stockout
1131,1600,14740,2026-05-07 11:06:00,late
1132,1600,14742,2026-05-16 08:56:00,stockout
1133,1603,14763,2026-06-02 09:40:00,late
1134,1604,14771,2026-06-11 16:07:00,other
1135,1604,14773,2026-06-12 17:20:00,other
1136,1607,14813,2026-03-24 09:09:00,stockout
1137,1610,14854,2026-05-28 14:59:00,late
1138,1611,14858,2026-04-25 11:03:00,late
1139,1611,14860,2026-04-20 11:53:00,other
1140,1614,14863,2026-05-14 10:12:00,stockout
1141,1614,14870,2026-06-04 06:13:00,late
1142,1618,14919,2026-01-27 20:20:00,late
1143,1618,14920,2026-02-01 05:21:00,late
1144,1618,14930,2026-02-27 20:35:00,late
1145,1618,14933,2026-03-08 08:29:00,late
1146,1618,14943,2026-03-28 19:49:00,stockout
1147,1618,14944,2026-03-26 13:47:00,stockout
1148,1618,14949,2026-04-01 23:50:00,stockout
1149,1618,14950,2026-04-01 03:11:00,other
1150,1620,14958,2026-01-05 11:20:00,late
1151,1622,14965,2026-02-25 02:16:00,stockout
1152,1623,14982,2026-06-05 20:38:00,stockout
1153,1624,14988,2026-06-13 17:18:00,stockout
1154,1625,14992,2026-04-04 19:56:00,stockout
1155,1625,15007,2026-06-01 17:35:00,stockout
1156,1625,15010,2026-06-18 16:27:00,stockout
1157,1625,15014,2026-06-29 06:21:00,stockout
1158,1626,15025,2026-02-21 22:35:00,other
1159,1626,15049,2026-04-24 20:55:00,other
1160,1633,15103,2026-05-04 23:22:00,stockout
1161,1633,15105,2026-05-13 18:23:00,stockout
1162,1636,15137,2026-06-07 20:04:00,late
1163,1637,15145,2026-03-23 20:17:00,late
1164,1637,15146,2026-03-29 09:17:00,stockout
1165,1637,15158,2026-04-06 12:37:00,late
1166,1640,15163,2026-05-14 20:38:00,late
1167,1644,15196,2026-06-10 11:29:00,stockout
1168,1646,15205,2026-04-02 14:21:00,other
1169,1651,15255,2026-06-25 06:19:00,other
1170,1654,15269,2026-06-25 19:55:00,late
1171,1662,15282,2026-05-11 17:39:00,late
1172,1665,15289,2026-04-11 07:35:00,stockout
1173,1669,15308,2026-04-20 17:44:00,stockout
1174,1671,15324,2026-05-03 06:32:00,late
1175,1672,15326,2026-04-17 16:23:00,other
1176,1672,15336,2026-06-17 19:01:00,late
1177,1672,15338,2026-07-04 19:34:00,stockout
1178,1673,15349,2026-05-10 07:14:00,other
1179,1673,15352,2026-05-21 20:45:00,late
1180,1673,15357,2026-06-25 08:47:00,stockout
1181,1674,15363,2026-04-06 19:04:00,late
1182,1677,15387,2026-06-06 12:14:00,stockout
1183,1679,15399,2026-05-24 20:14:00,late
1184,1679,15400,2026-05-20 18:00:00,late
1185,1679,15409,2026-06-10 17:37:00,stockout
1186,1683,15431,2026-02-23 23:03:00,stockout
1187,1683,15440,2026-05-03 16:31:00,other
1188,1684,15463,2026-05-25 07:29:00,other
1189,1684,15468,2026-06-14 11:03:00,stockout
1190,1684,15474,2026-06-26 11:14:00,stockout
1191,1688,15502,2026-04-29 21:59:00,stockout
1192,1695,15539,2026-05-02 10:49:00,other
1193,1695,15543,2026-05-26 12:14:00,stockout
1194,1696,15553,2026-02-21 18:45:00,other
1195,1698,15566,2026-05-22 06:31:00,late
1196,1698,15567,2026-06-03 07:54:00,stockout
1197,1698,15568,2026-06-02 11:45:00,other
1198,1698,15570,2026-06-11 09:39:00,late
1199,1699,15574,2026-04-10 07:50:00,other
1200,1700,15589,2026-03-28 15:45:00,late
1201,1700,15593,2026-04-05 14:30:00,late
1202,1700,15600,2026-04-13 03:24:00,late
1203,1700,15602,2026-04-17 01:28:00,stockout
1204,1700,15603,2026-04-23 02:16:00,late
1205,1700,15604,2026-04-25 21:27:00,late
1206,1700,15605,2026-04-28 09:30:00,late
1207,1700,15610,2026-05-10 22:39:00,late
1208,1700,15611,2026-05-06 18:33:00,late
1209,1700,15618,2026-05-18 17:18:00,late
1210,1703,15622,2026-02-25 19:35:00,late
1211,1707,15651,2026-04-12 21:56:00,other
1212,1707,15652,2026-05-23 18:01:00,late
1213,1708,15659,2026-05-07 07:18:00,late
1214,1708,15661,2026-06-07 02:19:00,late
1215,1708,15664,2026-06-23 09:20:00,late
1216,1710,15674,2026-06-19 21:10:00,late
1217,1712,15682,2026-02-24 22:08:00,other
1218,1712,15692,2026-03-31 14:06:00,late
1219,1713,15699,2026-03-20 07:56:00,stockout
1220,1713,15700,2026-03-21 14:55:00,late
1221,1715,15714,2026-04-05 15:22:00,late
1222,1715,15718,2026-05-03 09:26:00,stockout
1223,1715,15730,2026-06-21 11:59:00,stockout
1224,1716,15737,2026-04-08 13:36:00,late
1225,1721,15769,2026-02-09 16:04:00,other
1226,1728,15798,2026-05-11 18:40:00,other
1227,1729,15804,2026-02-11 10:34:00,other
1228,1729,15808,2026-03-06 19:47:00,stockout
1229,1729,15821,2026-04-02 21:37:00,stockout
1230,1729,15822,2026-03-31 09:02:00,stockout
1231,1729,15829,2026-04-26 16:39:00,other
1232,1729,15830,2026-04-22 12:38:00,stockout
1233,1733,15840,2026-02-19 17:27:00,late
1234,1733,15846,2026-03-04 10:11:00,late
1235,1733,15847,2026-03-12 14:30:00,stockout
1236,1734,15849,2026-05-31 19:16:00,late
1237,1734,15852,2026-06-06 11:28:00,late
1238,1734,15855,2026-07-01 17:19:00,stockout
1239,1735,15858,2026-03-13 19:32:00,late
1240,1738,15860,2026-05-11 12:02:00,late
1241,1740,15875,2026-04-26 22:29:00,stockout
1242,1740,15876,2026-04-27 20:11:00,stockout
1243,1743,15884,2026-04-05 14:06:00,stockout
1244,1743,15890,2026-04-12 11:18:00,late
1245,1744,15899,2026-04-30 21:20:00,late
1246,1746,15903,2026-03-26 20:29:00,other
1247,1749,15934,2026-05-16 17:15:00,late
1248,1751,15967,2026-06-06 14:44:00,late
1249,1753,15985,2026-06-09 16:32:00,other
1250,1753,15988,2026-06-19 21:57:00,other
1251,1755,16004,2026-03-30 19:36:00,late
1252,1756,16011,2026-02-22 21:17:00,other
1253,1757,16055,2026-06-02 12:12:00,late
1254,1758,16061,2026-02-12 19:39:00,late
1255,1759,16065,2026-02-02 22:43:00,late
1256,1759,16074,2026-02-24 16:55:00,stockout
1257,1759,16078,2026-03-20 20:10:00,late
1258,1759,16082,2026-04-05 10:54:00,late
1259,1759,16083,2026-04-01 12:06:00,late
1260,1759,16092,2026-04-22 13:53:00,stockout
1261,1759,16093,2026-04-26 10:15:00,late
1262,1759,16095,2026-05-01 18:51:00,late
1263,1761,16110,2026-04-02 20:05:00,late
1264,1765,16142,2026-01-22 08:13:00,other
1265,1765,16153,2026-03-06 20:01:00,late
1266,1769,16161,2026-04-11 15:42:00,other
1267,1772,16178,2026-05-23 14:02:00,stockout
1268,1773,16187,2026-05-22 18:22:00,late
1269,1773,16188,2026-06-02 22:32:00,late
1270,1773,16190,2026-06-24 11:01:00,other
1271,1774,16192,2026-02-27 20:53:00,late
1272,1774,16200,2026-03-20 08:27:00,late
1273,1774,16205,2026-04-05 17:55:00,late
1274,1774,16208,2026-04-08 10:25:00,late
1275,1775,16214,2026-01-13 12:09:00,other
1276,1775,16229,2026-02-21 18:34:00,late
1277,1775,16248,2026-04-05 19:30:00,late
1278,1775,16264,2026-05-02 08:04:00,other
1279,1775,16290,2026-07-05 15:39:00,late
1280,1783,16339,2026-03-18 04:23:00,stockout
1281,1783,16353,2026-05-07 21:30:00,stockout
1282,1785,16368,2026-02-22 19:36:00,other
1283,1785,16406,2026-06-30 15:27:00,stockout
1284,1791,16449,2026-03-06 19:55:00,stockout
1285,1793,16466,2026-03-06 07:13:00,stockout
1286,1793,16471,2026-04-12 21:45:00,other
1287,1794,16482,2026-01-23 09:21:00,stockout
1288,1794,16493,2026-02-25 13:25:00,late
1289,1794,16516,2026-05-17 06:22:00,other
1290,1794,16525,2026-06-02 19:08:00,stockout
1291,1794,16530,2026-06-17 18:21:00,late
1292,1796,16546,2026-06-08 22:21:00,other
1293,1797,16555,2026-05-19 08:36:00,stockout
1294,1797,16556,2026-05-19 20:44:00,stockout
1295,1797,16560,2026-06-03 07:38:00,stockout
1296,1798,16580,2026-02-17 07:32:00,late
1297,1798,16588,2026-03-09 08:19:00,other
1298,1798,16628,2026-05-20 02:22:00,other
1299,1798,16633,2026-06-11 19:46:00,late
1300,1798,16641,2026-06-24 21:03:00,stockout
1301,1798,16645,2026-06-28 03:07:00,other
1302,1799,16654,2026-02-24 20:53:00,late
1303,1799,16659,2026-03-10 16:06:00,other
1304,1799,16669,2026-05-28 16:29:00,stockout
1305,1799,16670,2026-05-26 14:50:00,stockout
1306,1800,16684,2026-05-28 19:02:00,late
1307,1800,16686,2026-06-09 19:47:00,stockout
1308,1800,16687,2026-06-13 19:48:00,late
1309,1815,16754,2026-02-28 22:31:00,stockout
1310,1815,16762,2026-03-14 08:00:00,other
1311,1815,16788,2026-05-28 08:45:00,stockout
1312,1815,16800,2026-06-22 19:04:00,other
1313,1816,16816,2026-04-17 06:01:00,other
1314,1816,16821,2026-04-23 07:48:00,stockout
1315,1816,16823,2026-05-01 22:26:00,stockout
1316,1816,16824,2026-04-29 09:14:00,other
1317,1816,16829,2026-05-08 09:49:00,late
1318,1822,16913,2026-03-27 10:07:00,other
1319,1822,16919,2026-04-12 07:11:00,other
1320,1822,16958,2026-06-19 19:48:00,late
1321,1822,16963,2026-06-25 17:06:00,stockout
1322,1822,16969,2026-06-30 11:44:00,other
1323,1824,16973,2026-02-24 18:48:00,stockout
1324,1824,16988,2026-06-01 06:34:00,stockout
1325,1824,16990,2026-06-24 12:01:00,late
1326,1824,16991,2026-06-25 20:06:00,late
1327,1825,16994,2026-04-13 18:15:00,late
1328,1829,17002,2026-07-02 10:03:00,other
1329,1830,17012,2026-03-29 19:10:00,stockout
1330,1830,17023,2026-04-26 17:23:00,other
1331,1831,17038,2026-05-24 11:24:00,late
1332,1831,17040,2026-05-23 14:18:00,late
1333,1831,17045,2026-05-27 21:13:00,late
1334,1831,17046,2026-05-29 21:19:00,stockout
1335,1831,17049,2026-06-02 21:33:00,late
1336,1831,17056,2026-07-04 20:05:00,stockout
1337,1833,17080,2026-04-28 19:31:00,stockout
1338,1833,17099,2026-05-27 18:28:00,other
1339,1834,17120,2026-01-08 13:16:00,other
1340,1834,17121,2026-01-10 15:10:00,stockout
1341,1834,17155,2026-02-20 21:38:00,stockout
1342,1834,17169,2026-03-14 21:26:00,other
1343,1834,17188,2026-03-30 21:45:00,stockout
1344,1834,17215,2026-05-03 16:02:00,other
1345,1834,17229,2026-05-20 07:59:00,other
1346,1834,17246,2026-06-15 20:51:00,late
1347,1834,17249,2026-06-20 20:13:00,late
1348,1836,17276,2026-06-15 14:30:00,stockout
1349,1843,17291,2026-01-17 18:25:00,late
1350,1843,17311,2026-04-27 23:38:00,other
1351,1844,17321,2026-05-12 18:32:00,stockout
1352,1844,17324,2026-05-20 17:31:00,stockout
1353,1844,17329,2026-06-03 18:55:00,other
1354,1852,17413,2026-06-20 18:14:00,stockout
1355,1854,17439,2026-03-08 19:59:00,late
1356,1854,17442,2026-03-10 08:45:00,late
1357,1854,17444,2026-04-01 14:50:00,stockout
1358,1854,17445,2026-03-31 02:38:00,late
1359,1854,17456,2026-06-12 18:07:00,late
1360,1855,17466,2026-04-08 06:34:00,late
1361,1864,17513,2026-04-16 19:27:00,late
1362,1864,17525,2026-05-04 02:27:00,late
1363,1864,17532,2026-05-18 19:41:00,late
1364,1864,17549,2026-06-20 21:47:00,late
1365,1865,17568,2026-04-19 18:09:00,late
1366,1865,17576,2026-05-03 14:48:00,late
1367,1865,17599,2026-06-28 07:47:00,stockout
1368,1865,17600,2026-06-27 20:12:00,late
1369,1865,17601,2026-06-29 07:47:00,late
1370,1867,17607,2026-04-10 10:35:00,late
1371,1867,17620,2026-05-04 15:09:00,stockout
1372,1871,17652,2026-03-24 03:00:00,late
1373,1873,17662,2026-02-19 20:04:00,late
1374,1874,17666,2026-02-21 19:59:00,stockout
1375,1875,17682,2026-04-08 11:59:00,late
1376,1877,17690,2026-04-17 16:43:00,stockout
1377,1877,17694,2026-05-18 18:53:00,stockout
1378,1879,17716,2026-02-18 14:33:00,other
1379,1879,17721,2026-03-05 15:52:00,stockout
1380,1879,17724,2026-03-10 09:57:00,other
1381,1879,17729,2026-03-20 12:37:00,late
1382,1879,17731,2026-03-27 17:25:00,late
1383,1879,17744,2026-05-12 08:32:00,late
1384,1879,17761,2026-06-16 20:03:00,late
1385,1879,17764,2026-06-19 17:44:00,late
1386,1893,17830,2026-04-26 15:39:00,stockout
1387,1895,17851,2026-02-19 11:21:00,stockout
1388,1895,17858,2026-03-15 17:18:00,stockout
1389,1895,17871,2026-06-09 19:14:00,other
1390,1903,17907,2026-05-19 19:50:00,late
1391,1906,17919,2026-04-29 15:56:00,late
1392,1909,17933,2026-02-13 16:11:00,late
1393,1911,17951,2026-04-12 12:39:00,other
1394,1912,17965,2026-06-18 19:42:00,late
1395,1913,17968,2026-05-02 15:41:00,late
1396,1913,17969,2026-04-28 15:00:00,other
1397,1913,17997,2026-07-04 20:32:00,other
1398,1915,18003,2026-03-30 18:21:00,other
1399,1917,18025,2026-04-05 16:03:00,late
1400,1918,18041,2026-04-15 10:24:00,stockout
1401,1919,18048,2026-05-06 19:00:00,stockout
1402,1919,18050,2026-05-10 01:52:00,late
1403,1919,18058,2026-06-21 19:48:00,late
1404,1921,18064,2026-01-21 10:04:00,late
1405,1923,18116,2026-05-23 08:26:00,other
1406,1923,18118,2026-05-28 22:11:00,stockout
1407,1923,18127,2026-06-10 16:50:00,other
1408,1925,18143,2026-04-08 13:00:00,other
1409,1927,18159,2026-04-18 20:01:00,stockout
1410,1927,18163,2026-05-05 08:48:00,late
1411,1927,18169,2026-05-31 17:28:00,stockout
1412,1927,18174,2026-06-22 14:48:00,stockout
1413,1927,18176,2026-06-24 10:39:00,late
1414,1928,18180,2026-03-28 15:00:00,other
1415,1929,18190,2026-06-12 17:23:00,stockout
1416,1930,18195,2026-01-27 18:50:00,late
1417,1930,18213,2026-04-30 19:27:00,stockout
1418,1931,18228,2026-04-15 15:08:00,late
1419,1931,18232,2026-04-21 14:42:00,late
1420,1931,18235,2026-05-09 12:15:00,late
1421,1933,18251,2026-03-07 16:22:00,stockout
1422,1934,18261,2026-04-16 10:28:00,late
1423,1934,18262,2026-04-17 09:47:00,late
1424,1936,18263,2026-01-30 20:47:00,late
1425,1940,18272,2026-03-14 19:27:00,late
1426,1941,18282,2026-05-15 08:19:00,late
1427,1945,18304,2026-05-04 19:38:00,late
1428,1945,18306,2026-05-07 21:57:00,stockout
1429,1945,18314,2026-05-27 08:31:00,late
1430,1947,18320,2026-03-25 14:17:00,late
1431,1948,18321,2026-04-18 02:41:00,stockout
1432,1950,18327,2026-06-07 17:59:00,stockout
1433,1956,18380,2026-03-20 14:14:00,stockout
1434,1958,18391,2026-03-09 15:24:00,late
1435,1958,18393,2026-03-14 05:47:00,stockout
1436,1958,18410,2026-04-17 09:08:00,late
1437,1959,18416,2026-03-24 02:21:00,late
1438,1959,18441,2026-06-25 19:02:00,late
1439,1959,18442,2026-06-30 09:21:00,stockout
1440,1961,18461,2026-01-18 13:32:00,other
1441,1961,18474,2026-02-10 11:42:00,stockout
1442,1961,18477,2026-02-27 20:55:00,stockout
1443,1961,18510,2026-05-24 20:22:00,late
1444,1963,18544,2026-05-15 16:24:00,stockout
1445,1965,18558,2026-05-24 12:09:00,late
1446,1965,18563,2026-05-28 19:31:00,late
1447,1967,18575,2026-01-28 15:37:00,late
1448,1967,18583,2026-03-05 07:41:00,late
1449,1970,18600,2026-06-09 06:43:00,late
1450,1970,18605,2026-06-29 07:48:00,other
1451,1971,18617,2026-04-04 14:56:00,late
1452,1971,18621,2026-06-02 18:37:00,late
1453,1979,18678,2026-04-24 19:22:00,stockout
1454,1979,18701,2026-05-28 16:24:00,other
1455,1979,18714,2026-06-25 14:35:00,stockout
1456,1979,18717,2026-06-25 13:17:00,other
1457,1980,18722,2026-04-08 18:24:00,late
1458,1980,18726,2026-04-24 20:58:00,late
1459,1981,18729,2026-02-24 18:40:00,other
1460,1984,18757,2026-02-27 20:24:00,late
1461,1984,18762,2026-03-29 14:24:00,other
1462,1985,18770,2026-03-13 05:36:00,late
1463,1986,18773,2026-02-19 17:35:00,late
1464,1992,18799,2026-03-13 02:26:00,late
1465,1994,18829,2026-03-10 19:22:00,stockout
1466,1995,18849,2026-04-09 14:38:00,late
1467,1995,18864,2026-05-14 18:53:00,late
1468,1995,18875,2026-06-17 09:45:00,late
1469,1996,18893,2026-03-13 20:11:00,late
1470,1996,18898,2026-03-19 20:23:00,late
1471,2000,18920,2026-02-27 00:17:00,late
1472,2000,18936,2026-04-05 20:16:00,stockout
1473,2003,18939,2026-04-06 13:59:00,late
1474,2004,18965,2026-05-17 10:12:00,other
1475,2004,18968,2026-05-23 17:03:00,stockout
1476,2007,18977,2026-03-24 18:51:00,stockout
1477,2012,19000,2026-06-07 06:45:00,stockout
1478,2016,19037,2026-03-23 20:24:00,stockout
1479,2021,19053,2026-05-21 11:40:00,other
1480,2027,19098,2026-02-22 18:12:00,other
1481,2027,19105,2026-02-25 09:57:00,stockout
1482,2027,19116,2026-03-28 20:53:00,late
1483,2027,19168,2026-06-13 05:22:00,other
1484,2031,19218,2026-01-17 20:34:00,late
1485,2032,19220,2026-03-23 18:24:00,late
1486,2032,19237,2026-06-02 18:38:00,late
1487,2033,19242,2026-02-01 17:55:00,other
1488,2036,19261,2026-03-20 18:07:00,stockout
1489,2038,19272,2026-01-30 01:51:00,late
1490,2041,19286,2026-03-26 14:05:00,late
1491,2042,19314,2026-03-19 22:08:00,other
1492,2042,19327,2026-05-15 06:13:00,late
1493,2045,19333,2026-04-22 22:23:00,stockout
1494,2051,19371,2026-05-23 18:03:00,other
1495,2053,19382,2026-05-15 07:45:00,other
1496,2054,19383,2026-01-08 20:13:00,stockout
1497,2060,19425,2026-04-19 07:33:00,late
1498,2060,19432,2026-05-06 20:32:00,late
1499,2060,19434,2026-05-09 08:06:00,late
1500,2065,19453,2026-05-10 10:56:00,late
1501,2068,19471,2026-02-10 20:53:00,late
1502,2069,19484,2026-05-01 17:45:00,stockout
1503,2069,19494,2026-06-08 09:02:00,other
1504,2071,19509,2026-01-26 18:13:00,late
1505,2075,19537,2026-01-31 19:08:00,late
1506,2075,19599,2026-05-29 08:42:00,other
1507,2075,19604,2026-06-20 10:18:00,other
1508,2080,19638,2026-04-12 19:10:00,late
1509,2082,19659,2026-03-18 13:30:00,late
1510,2086,19716,2026-03-13 19:44:00,late
1511,2086,19757,2026-05-30 20:23:00,other
1512,2087,19785,2026-05-06 20:50:00,late
1513,2089,19788,2026-06-05 12:17:00,late
1514,2089,19794,2026-06-09 18:16:00,other
1515,2089,19798,2026-06-22 17:29:00,other
1516,2091,19810,2026-01-29 18:37:00,late
1517,2091,19814,2026-02-04 10:27:00,late
1518,2091,19821,2026-03-15 18:24:00,late
1519,2092,19825,2026-01-12 13:46:00,late
1520,2092,19833,2026-02-02 18:52:00,other
1521,2092,19837,2026-02-28 12:21:00,stockout
1522,2094,19863,2026-02-02 22:21:00,late
1523,2094,19869,2026-02-19 17:28:00,late
1524,2094,19874,2026-03-28 23:09:00,stockout
1525,2095,19897,2026-04-10 11:09:00,stockout
1526,2102,19950,2026-03-03 03:14:00,late
1527,2103,19959,2026-04-14 21:56:00,late
1528,2103,19963,2026-04-25 18:53:00,late
1529,2103,19969,2026-05-19 19:29:00,late
1530,2103,19972,2026-06-05 17:29:00,other
1531,2106,20000,2026-06-25 10:57:00,late
1532,2107,20007,2026-04-14 19:14:00,late
1533,2107,20010,2026-05-09 13:28:00,late
1534,2107,20012,2026-05-08 18:24:00,late
1535,2109,20031,2026-04-10 14:33:00,other
1536,2112,20048,2026-06-01 09:54:00,stockout
1537,2115,20084,2026-05-18 15:57:00,late
1538,2115,20090,2026-06-04 19:06:00,late
1539,2115,20093,2026-06-02 19:05:00,late
1540,2121,20140,2026-04-15 16:53:00,stockout
1541,2122,20174,2026-04-07 19:10:00,late
1542,2122,20180,2026-04-23 15:48:00,late
1543,2122,20189,2026-05-02 06:22:00,other
1544,2122,20197,2026-06-07 04:52:00,stockout
1545,2125,20209,2026-04-20 10:26:00,other
1546,2129,20231,2026-02-07 19:55:00,late
1547,2135,20246,2026-05-20 22:20:00,other
1548,2135,20254,2026-06-16 22:13:00,other
1549,2137,20270,2026-03-08 20:28:00,late
1550,2137,20271,2026-03-06 12:07:00,stockout
1551,2138,20272,2026-01-11 15:57:00,stockout
1552,2139,20275,2026-03-29 18:06:00,stockout
1553,2139,20288,2026-06-04 21:14:00,late
1554,2139,20294,2026-06-27 19:38:00,late
1555,2140,20299,2026-03-23 18:45:00,late
1556,2141,20320,2026-06-21 20:40:00,other
1557,2141,20326,2026-07-03 12:03:00,stockout
1558,2142,20335,2026-03-15 06:47:00,other
1559,2144,20341,2026-07-05 20:49:00,late
1560,2145,20345,2026-01-24 10:05:00,late
1561,2146,20354,2026-03-31 18:54:00,other
1562,2150,20369,2026-03-04 18:22:00,late
1563,2150,20371,2026-03-26 23:20:00,late
1564,2150,20377,2026-05-10 20:04:00,late
1565,2150,20380,2026-05-26 12:59:00,other
1566,2154,20405,2026-03-30 22:23:00,late
1567,2154,20416,2026-05-04 18:53:00,late
1568,2157,20427,2026-04-27 20:22:00,stockout
1569,2157,20428,2026-05-02 23:56:00,stockout
1570,2157,20430,2026-05-02 20:36:00,other
1571,2157,20438,2026-06-29 10:08:00,other
1572,2158,20447,2026-04-24 19:58:00,late
1573,2158,20457,2026-06-07 18:20:00,other
1574,2163,20478,2026-04-13 17:52:00,stockout
1575,2171,20535,2026-06-04 18:37:00,stockout
1576,2176,20563,2026-05-21 12:29:00,stockout
1577,2177,20576,2026-04-17 15:26:00,late
1578,2181,20594,2026-04-08 14:34:00,late
1579,2185,20621,2026-06-05 14:19:00,other
1580,2186,20628,2026-03-27 10:04:00,other
1581,2186,20640,2026-05-03 13:13:00,stockout
1582,2186,20648,2026-05-12 19:28:00,late
1583,2188,20655,2026-03-22 09:39:00,stockout
1584,2190,20680,2026-05-09 16:52:00,other
1585,2190,20684,2026-05-26 20:50:00,stockout
1586,2191,20699,2026-04-17 05:07:00,other
1587,2191,20702,2026-05-22 18:12:00,late
1588,2192,20722,2026-03-23 12:09:00,other
1589,2192,20729,2026-05-22 22:43:00,other
1590,2194,20738,2026-04-26 22:12:00,late
1591,2194,20750,2026-06-24 19:50:00,late
1592,2195,20759,2026-06-05 16:15:00,other
1593,2196,20766,2026-04-21 09:21:00,other
1594,2197,20783,2026-02-17 08:07:00,other
1595,2198,20794,2026-05-04 09:11:00,stockout
1596,2198,20805,2026-06-29 10:16:00,other
1597,2199,20807,2026-04-18 19:21:00,late
1598,2200,20832,2026-05-20 18:34:00,other
1599,2201,20838,2026-05-20 10:13:00,stockout
1600,2203,20870,2026-02-13 11:04:00,stockout
1601,2203,20874,2026-02-24 21:07:00,stockout
1602,2203,20882,2026-04-01 17:13:00,late
1603,2206,20903,2026-02-03 11:59:00,late
1604,2208,20916,2026-03-31 22:18:00,late
1605,2212,20962,2026-02-08 18:35:00,stockout
1606,2212,20969,2026-02-19 16:09:00,late
1607,2212,20972,2026-02-23 19:11:00,late
1608,2212,20978,2026-03-07 17:01:00,late
1609,2212,20980,2026-03-13 18:00:00,late
1610,2212,20983,2026-03-10 04:19:00,stockout
1611,2213,20999,2026-06-17 17:43:00,stockout
1612,2214,21004,2026-03-24 17:54:00,stockout
1613,2214,21005,2026-03-28 14:12:00,late
1614,2215,21008,2026-01-20 17:12:00,other
1615,2215,21010,2026-02-21 05:02:00,late
1616,2217,21021,2026-03-01 13:57:00,stockout
1617,2218,21023,2026-03-14 17:32:00,stockout
1618,2218,21025,2026-03-10 12:53:00,other
1619,2218,21028,2026-03-19 03:17:00,late
1620,2218,21031,2026-03-16 19:16:00,late
1621,2218,21047,2026-04-30 21:23:00,late
1622,2218,21055,2026-05-11 21:54:00,late
1623,2218,21059,2026-05-18 22:08:00,late
1624,2218,21067,2026-05-25 06:08:00,late
1625,2218,21076,2026-06-18 12:37:00,stockout
1626,2219,21091,2026-02-06 18:25:00,late
1627,2223,21120,2026-02-06 09:35:00,other
1628,2232,21161,2026-01-07 19:45:00,stockout
1629,2232,21171,2026-03-10 09:17:00,other
1630,2239,21220,2026-03-27 08:10:00,late
1631,2240,21223,2026-03-17 08:12:00,stockout
1632,2242,21236,2026-04-23 19:15:00,late
1633,2251,21286,2026-03-11 23:03:00,stockout
1634,2251,21294,2026-04-11 18:29:00,other
1635,2251,21314,2026-06-26 12:05:00,stockout
1636,2253,21330,2026-03-06 12:06:00,stockout
1637,2253,21335,2026-03-19 18:28:00,late
1638,2256,21359,2026-01-12 20:09:00,late
1639,2256,21364,2026-01-30 16:58:00,stockout
1640,2260,21379,2026-03-14 08:51:00,other
1641,2260,21384,2026-03-31 18:46:00,late
1642,2265,21391,2026-03-29 18:48:00,stockout
1643,2266,21395,2026-05-27 12:31:00,late
1644,2273,21425,2026-01-07 06:23:00,stockout
1645,2273,21436,2026-01-27 10:46:00,stockout
1646,2273,21437,2026-01-27 18:10:00,stockout
1647,2274,21459,2026-06-20 18:31:00,other
1648,2274,21466,2026-06-27 22:16:00,stockout
1649,2278,21499,2026-04-30 13:04:00,late
1650,2281,21510,2026-01-18 19:39:00,late
1651,2282,21526,2026-06-01 10:23:00,late
1652,2283,21532,2026-01-19 07:01:00,stockout
1653,2283,21535,2026-02-19 19:34:00,stockout
1654,2283,21543,2026-05-04 17:32:00,other
1655,2286,21553,2026-01-16 18:12:00,stockout
1656,2286,21558,2026-02-13 06:24:00,late
1657,2286,21559,2026-02-20 08:49:00,late
1658,2286,21561,2026-03-13 06:05:00,stockout
1659,2287,21569,2026-01-29 22:17:00,late
1660,2287,21572,2026-02-12 20:14:00,stockout
1661,2287,21583,2026-04-15 17:39:00,late
1662,2288,21586,2026-05-26 20:07:00,late
1663,2290,21594,2026-03-20 05:54:00,late
1664,2290,21597,2026-05-02 17:46:00,late
1665,2293,21609,2026-07-03 09:08:00,late
1666,2300,21638,2026-03-04 00:36:00,late
1667,2300,21639,2026-03-03 19:41:00,stockout
1668,2300,21647,2026-03-18 16:35:00,late
1669,2300,21652,2026-04-04 20:07:00,late
1670,2300,21657,2026-04-15 22:34:00,late
1671,2303,21669,2026-02-12 20:54:00,stockout
1672,2306,21690,2026-05-30 17:03:00,late
1673,2306,21695,2026-07-05 18:38:00,late
1674,2308,21723,2026-05-07 11:20:00,other
1675,2309,21726,2026-02-26 23:54:00,stockout
1676,2311,21753,2026-06-27 17:23:00,other
1677,2312,21756,2026-03-15 07:45:00,stockout
1678,2313,21774,2026-05-24 07:03:00,stockout
1679,2317,21800,2026-03-18 19:46:00,stockout
1680,2317,21805,2026-03-23 14:50:00,stockout
1681,2317,21815,2026-04-19 18:27:00,stockout
1682,2317,21829,2026-05-08 08:23:00,other
1683,2317,21845,2026-06-14 09:00:00,stockout
1684,2317,21851,2026-06-22 18:52:00,late
1685,2318,21856,2026-04-16 13:59:00,stockout
1686,2327,21894,2026-06-08 19:52:00,stockout
1687,2330,21900,2026-06-18 13:29:00,late
1688,2333,21906,2026-02-10 03:07:00,other
1689,2335,21915,2026-02-26 17:07:00,stockout
1690,2336,21919,2026-04-22 12:10:00,other
1691,2341,21938,2026-07-03 20:23:00,late
1692,2342,21941,2026-05-31 06:30:00,late
1693,2342,21943,2026-06-14 20:39:00,other
1694,2343,21949,2026-01-31 10:31:00,other
1695,2343,21982,2026-05-15 15:43:00,other
1696,2344,21996,2026-06-08 00:10:00,late
1697,2345,22000,2026-03-03 18:26:00,late
1698,2345,22004,2026-04-27 08:14:00,stockout
1699,2351,22017,2026-02-23 20:17:00,stockout
1700,2351,22019,2026-02-25 15:30:00,late
1701,2358,22070,2026-04-04 08:44:00,late
1702,2359,22072,2026-01-25 12:34:00,other
1703,2360,22086,2026-02-12 20:33:00,late
1704,2360,22087,2026-02-21 18:08:00,late
1705,2360,22088,2026-02-22 08:11:00,late
1706,2360,22089,2026-02-26 14:13:00,late
1707,2360,22102,2026-03-05 07:44:00,other
1708,2360,22107,2026-03-22 15:36:00,late
1709,2370,22161,2026-02-10 17:40:00,late
1710,2370,22163,2026-03-06 21:36:00,stockout
1711,2370,22167,2026-06-30 19:30:00,late
1712,2374,22180,2026-03-08 19:28:00,other
1713,2374,22182,2026-03-27 13:22:00,other
1714,2374,22185,2026-04-11 16:25:00,stockout
1715,2375,22191,2026-04-05 18:11:00,other
1716,2376,22195,2026-05-12 22:07:00,late
1717,2380,22217,2026-05-13 18:37:00,late
1718,2381,22223,2026-04-06 20:38:00,late
1719,2381,22234,2026-05-28 20:22:00,late
1720,2383,22260,2026-03-24 10:51:00,late
1721,2383,22270,2026-05-14 18:10:00,stockout
1722,2388,22293,2026-05-14 17:36:00,stockout
1723,2388,22296,2026-05-11 20:54:00,late
1724,2388,22303,2026-06-01 12:26:00,stockout
1725,2390,22333,2026-05-11 18:39:00,late
1726,2391,22337,2026-04-30 08:39:00,stockout
1727,2394,22348,2026-04-26 18:03:00,late
1728,2395,22365,2026-05-10 10:18:00,stockout
1729,2396,22369,2026-05-12 15:47:00,stockout
1730,2396,22375,2026-05-24 08:32:00,stockout
1731,2396,22387,2026-07-01 18:08:00,stockout
1732,2397,22404,2026-04-09 22:23:00,late
1733,2399,22436,2026-04-28 16:13:00,late
1734,2401,22443,2026-04-22 18:54:00,late
1735,2401,22444,2026-05-28 08:10:00,stockout
1736,2407,22477,2026-04-29 13:45:00,late
1737,2407,22483,2026-05-23 16:04:00,other
1738,2407,22486,2026-05-29 12:35:00,stockout
1739,2410,22520,2026-03-06 18:27:00,stockout
1740,2410,22531,2026-03-30 11:16:00,late
1741,2414,22554,2026-05-09 11:58:00,late
1742,2419,22583,2026-01-23 09:47:00,other
1743,2419,22592,2026-03-04 18:20:00,late
1744,2419,22600,2026-05-02 13:43:00,late
1745,2419,22612,2026-06-21 18:48:00,stockout
1746,2419,22616,2026-06-26 12:18:00,late
1747,2424,22625,2026-05-26 18:26:00,stockout
1748,2425,22628,2026-05-10 19:29:00,stockout
1749,2425,22631,2026-06-07 20:57:00,late
1750,2427,22644,2026-03-24 14:04:00,late
1751,2428,22651,2026-03-10 06:01:00,late
1752,2428,22655,2026-03-22 11:47:00,late
1753,2430,22664,2026-02-19 20:19:00,stockout
1754,2432,22681,2026-05-23 11:59:00,other
1755,2435,22701,2026-04-26 07:10:00,late
1756,2435,22703,2026-06-26 10:05:00,stockout
1757,2438,22708,2026-04-19 09:48:00,other
1758,2438,22737,2026-06-23 14:49:00,other
1759,2439,22741,2026-05-21 21:30:00,late
1760,2440,22758,2026-06-02 07:23:00,late
1761,2440,22760,2026-06-29 19:20:00,stockout
1762,2442,22763,2026-01-22 08:52:00,other
1763,2442,22768,2026-01-31 06:48:00,other
1764,2448,22824,2026-04-06 22:50:00,late
1765,2448,22830,2026-04-27 18:01:00,late
1766,2448,22831,2026-05-05 08:55:00,other
1767,2448,22835,2026-05-21 11:02:00,other
1768,2454,22855,2026-03-14 16:16:00,late
1769,2454,22856,2026-03-12 08:25:00,stockout
1770,2454,22874,2026-04-25 06:03:00,other
1771,2454,22908,2026-06-09 16:01:00,late
1772,2455,22924,2026-01-25 07:23:00,other
1773,2456,22925,2026-04-03 06:04:00,late
1774,2456,22932,2026-06-01 18:32:00,other
1775,2457,22940,2026-01-27 15:10:00,late
1776,2457,22951,2026-02-20 09:51:00,other
1777,2457,22957,2026-03-08 16:53:00,late
1778,2457,22965,2026-04-01 13:01:00,other
1779,2459,22975,2026-04-27 20:39:00,late
1780,2459,22982,2026-05-12 20:01:00,other
1781,2459,22993,2026-06-20 21:51:00,stockout
1782,2459,22995,2026-06-15 19:33:00,late
1783,2463,23006,2026-06-17 17:19:00,late
1784,2467,23012,2026-05-13 20:59:00,late
1785,2467,23019,2026-05-23 12:49:00,late
1786,2467,23022,2026-05-31 13:34:00,late
1787,2467,23027,2026-05-31 15:32:00,other
1788,2467,23028,2026-05-25 10:48:00,late
1789,2479,23120,2026-03-14 18:01:00,stockout
1790,2479,23121,2026-03-15 18:40:00,stockout
1791,2480,23133,2026-01-28 08:51:00,stockout
1792,2480,23134,2026-01-27 20:51:00,stockout
1793,2480,23137,2026-02-06 08:54:00,other
1794,2480,23153,2026-03-18 16:20:00,other
1795,2480,23167,2026-04-20 13:36:00,other
1796,2480,23181,2026-05-21 10:36:00,other
1797,2480,23183,2026-05-28 17:16:00,late
1798,2482,23202,2026-03-14 05:54:00,stockout
1799,2483,23216,2026-03-11 21:15:00,other
1800,2483,23236,2026-05-20 17:29:00,other
1801,2483,23239,2026-05-29 11:18:00,stockout
1802,2483,23246,2026-06-16 19:59:00,late
1803,2484,23262,2026-05-09 07:08:00,late
1804,2484,23263,2026-05-13 03:11:00,stockout
1805,2486,23269,2026-04-22 10:47:00,late
1806,2487,23278,2026-03-18 21:13:00,late
1807,2492,23299,2026-03-21 11:31:00,stockout
1808,2493,23302,2026-04-04 03:27:00,stockout
1809,2493,23303,2026-04-05 21:24:00,stockout
1810,2496,23321,2026-06-20 19:25:00,other
1811,2499,23331,2026-05-04 11:25:00,late
1812,2500,23337,2026-03-27 11:51:00,stockout
1813,2502,23355,2026-03-20 18:55:00,late
1814,2502,23357,2026-03-17 20:50:00,stockout
1815,2507,23368,2026-04-05 07:43:00,late
1816,2514,23388,2026-04-29 12:10:00,other
1817,2518,23438,2026-02-20 01:26:00,other
1818,2518,23441,2026-02-25 17:35:00,late
1819,2518,23453,2026-04-07 07:05:00,stockout
1820,2519,23462,2026-03-12 19:54:00,late
1821,2530,23498,2026-02-05 23:09:00,late
1822,2531,23502,2026-04-30 17:30:00,stockout
1823,2531,23511,2026-05-29 19:38:00,late
1824,2533,23525,2026-03-07 12:28:00,late
1825,2534,23531,2026-04-15 12:40:00,late
1826,2534,23535,2026-05-22 19:11:00,stockout
1827,2538,23567,2026-03-27 20:03:00,stockout
1828,2541,23578,2026-04-13 17:57:00,late
1829,2544,23590,2026-03-26 19:28:00,other
1830,2544,23594,2026-04-20 14:58:00,other
1831,2544,23597,2026-05-27 17:41:00,stockout
1832,2545,23601,2026-05-23 06:21:00,stockout
1833,2546,23618,2026-05-02 07:54:00,late
1834,2547,23622,2026-02-22 08:42:00,late
1835,2547,23638,2026-04-04 06:15:00,other
1836,2547,23644,2026-05-09 07:39:00,stockout
1837,2547,23647,2026-05-08 20:51:00,other
1838,2548,23678,2026-06-10 20:47:00,late
1839,2556,23726,2026-04-02 07:29:00,other
1840,2556,23728,2026-04-08 11:58:00,other
1841,2556,23730,2026-04-30 13:07:00,late
1842,2560,23744,2026-02-03 11:18:00,other
1843,2560,23745,2026-02-12 13:27:00,other
1844,2560,23747,2026-04-23 19:10:00,stockout
1845,2563,23762,2026-05-10 15:58:00,other
1846,2564,23768,2026-02-20 06:48:00,late
1847,2564,23771,2026-03-13 08:41:00,stockout
1848,2564,23778,2026-05-14 18:41:00,stockout
1849,2565,23787,2026-04-18 13:11:00,other
1850,2568,23812,2026-06-04 08:46:00,other
1851,2572,23846,2026-05-15 19:19:00,stockout
1852,2572,23853,2026-05-29 19:09:00,late
1853,2572,23860,2026-06-06 21:38:00,late
1854,2572,23864,2026-06-19 19:39:00,late
1855,2573,23881,2026-02-22 18:32:00,late
1856,2573,23883,2026-02-22 17:56:00,stockout
1857,2575,23885,2026-02-19 18:27:00,late
1858,2577,23900,2026-04-13 18:43:00,late
1859,2579,23917,2026-05-14 18:06:00,late
1860,2581,23925,2026-03-13 10:39:00,late
1861,2581,23932,2026-05-23 18:16:00,stockout
1862,2582,23938,2026-04-09 11:58:00,late
1863,2583,23941,2026-05-13 07:42:00,other
1864,2585,23964,2026-05-29 16:12:00,stockout
1865,2586,23972,2026-05-03 20:05:00,stockout
1866,2592,23994,2026-02-16 08:53:00,stockout
1867,2592,23998,2026-04-05 09:07:00,other
1868,2592,24000,2026-04-19 09:26:00,late
1869,2593,24002,2026-01-30 18:54:00,late
1870,2594,24005,2026-02-02 19:54:00,late
1871,2594,24015,2026-07-04 14:13:00,other
1872,2595,24020,2026-04-19 17:34:00,late
1873,2596,24044,2026-03-30 12:14:00,late
1874,2598,24079,2026-03-09 19:56:00,late
1875,2598,24084,2026-03-29 12:11:00,late
1876,2598,24091,2026-04-21 07:12:00,late
1877,2598,24097,2026-05-12 11:15:00,stockout
1878,2599,24108,2026-02-04 18:57:00,late
1879,2599,24111,2026-02-10 18:50:00,late
1880,2599,24112,2026-02-20 18:09:00,late
1881,2600,24140,2026-06-12 14:54:00,other
1882,2600,24141,2026-06-19 10:44:00,other
1883,2601,24156,2026-02-12 23:41:00,other
1884,2602,24159,2026-02-03 08:31:00,stockout
1885,2602,24167,2026-03-20 19:25:00,late
1886,2602,24170,2026-04-24 16:55:00,stockout
1887,2604,24201,2026-05-04 09:44:00,late
1888,2605,24216,2026-04-12 18:01:00,other
1889,2606,24220,2026-02-19 13:34:00,late
1890,2607,24227,2026-03-12 10:23:00,other
1891,2607,24233,2026-07-02 20:15:00,late
1892,2608,24243,2026-03-26 20:04:00,late
1893,2608,24247,2026-04-14 14:48:00,stockout
1894,2620,24307,2026-05-03 15:00:00,stockout
1895,2621,24315,2026-04-03 21:02:00,late
1896,2621,24319,2026-04-19 23:14:00,late
1897,2623,24337,2026-05-26 21:15:00,late
1898,2624,24342,2026-04-21 15:49:00,stockout
1899,2626,24368,2026-02-18 09:57:00,late
1900,2626,24369,2026-02-20 09:03:00,other
1901,2626,24372,2026-02-22 19:45:00,late
1902,2627,24381,2026-06-26 20:08:00,late
1903,2632,24404,2026-04-18 05:36:00,stockout
1904,2633,24425,2026-06-09 21:11:00,stockout
1905,2636,24455,2026-05-09 10:18:00,late
1906,2638,24470,2026-03-01 08:46:00,stockout
1907,2638,24474,2026-03-09 19:32:00,late
1908,2638,24504,2026-06-06 20:19:00,late
1909,2641,24527,2026-05-31 19:09:00,other
1910,2642,24542,2026-03-17 11:52:00,stockout
1911,2643,24546,2026-04-24 20:42:00,late
1912,2644,24571,2026-06-01 07:40:00,stockout
1913,2644,24576,2026-06-10 21:41:00,stockout
1914,2647,24591,2026-05-22 18:35:00,stockout
1915,2649,24601,2026-02-26 22:59:00,stockout
1916,2650,24602,2026-04-09 22:49:00,late
1917,2650,24610,2026-05-25 19:29:00,late
1918,2650,24611,2026-06-03 20:32:00,late
1919,2651,24617,2026-05-06 20:05:00,late
1920,2652,24635,2026-03-12 14:06:00,late
1921,2655,24642,2026-05-12 14:24:00,stockout
1922,2656,24650,2026-05-09 20:57:00,late
1923,2657,24655,2026-05-26 14:08:00,other
1924,2660,24666,2026-05-21 13:57:00,stockout
1925,2660,24668,2026-05-20 13:22:00,stockout
1926,2663,24695,2026-05-28 19:19:00,stockout
1927,2664,24707,2026-04-11 23:43:00,late
1928,2664,24711,2026-05-14 10:57:00,other
1929,2666,24725,2026-02-25 16:19:00,late
1930,2666,24727,2026-03-04 11:45:00,late
1931,2667,24750,2026-05-26 07:00:00,stockout
1932,2667,24756,2026-06-11 12:05:00,stockout
1933,2668,24768,2026-05-12 23:53:00,stockout
1934,2672,24792,2026-05-11 22:43:00,late
1935,2675,24812,2026-02-09 09:55:00,other
1936,2675,24814,2026-02-19 11:47:00,late
1937,2675,24818,2026-03-15 18:53:00,other
1938,2675,24821,2026-03-29 18:19:00,stockout
1939,2675,24841,2026-06-13 10:18:00,other
1940,2678,24850,2026-03-06 11:28:00,other
1941,2678,24858,2026-03-29 20:12:00,stockout
1942,2682,24876,2026-03-22 13:29:00,other
1943,2682,24887,2026-06-12 18:04:00,stockout
1944,2683,24895,2026-04-03 20:51:00,late
1945,2683,24897,2026-04-04 10:50:00,late
1946,2685,24906,2026-04-04 21:23:00,late
1947,2688,24920,2026-05-17 02:40:00,other
1948,2690,24936,2026-01-12 23:11:00,late
1949,2691,24975,2026-02-28 18:00:00,stockout
1950,2691,24981,2026-03-04 11:23:00,late
1951,2691,24985,2026-03-14 13:53:00,other
1952,2691,24988,2026-03-09 20:15:00,late
1953,2691,25013,2026-04-15 20:02:00,late
1954,2691,25059,2026-06-11 18:46:00,stockout
1955,2691,25064,2026-06-20 19:12:00,other
1956,2692,25085,2026-05-10 15:40:00,late
1957,2692,25090,2026-05-22 07:54:00,late
1958,2692,25094,2026-06-08 12:06:00,stockout
1959,2694,25102,2026-01-15 20:55:00,other
1960,2694,25114,2026-02-18 08:35:00,late
1961,2698,25147,2026-06-05 17:26:00,other
1962,2700,25162,2026-04-25 17:30:00,late
1963,2700,25171,2026-06-28 18:09:00,late
1964,2701,25180,2026-05-04 07:18:00,stockout
1965,2704,25209,2026-01-31 18:54:00,late
1966,2706,25219,2026-05-24 16:54:00,stockout
1967,2706,25220,2026-05-18 17:10:00,stockout
1968,2717,25254,2026-02-03 20:40:00,stockout
1969,2717,25258,2026-02-09 17:21:00,stockout
1970,2717,25262,2026-03-01 14:34:00,late
1971,2719,25264,2026-01-25 18:17:00,late
1972,2719,25270,2026-02-08 17:12:00,late
1973,2719,25285,2026-04-03 17:39:00,stockout
1974,2720,25295,2026-02-19 05:23:00,stockout
1975,2720,25305,2026-03-04 17:29:00,stockout
1976,2722,25330,2026-04-17 19:51:00,late
1977,2726,25357,2026-03-01 08:06:00,stockout
1978,2729,25390,2026-05-10 19:27:00,late
1979,2729,25391,2026-05-09 11:52:00,late
1980,2730,25409,2026-06-10 18:53:00,late
1981,2732,25414,2026-03-05 07:55:00,other
1982,2732,25424,2026-03-20 17:22:00,late
1983,2738,25471,2026-03-29 19:20:00,late
1984,2738,25472,2026-03-24 11:32:00,stockout
1985,2738,25473,2026-03-25 06:49:00,stockout
1986,2738,25500,2026-05-25 19:12:00,late
1987,2738,25511,2026-06-17 18:33:00,late
1988,2745,25558,2026-04-14 09:52:00,other
1989,2745,25562,2026-04-30 21:51:00,late
1990,2747,25590,2026-05-01 08:31:00,stockout
1991,2751,25618,2026-06-28 19:46:00,late
1992,2752,25624,2026-05-14 17:43:00,other
1993,2752,25629,2026-06-13 05:50:00,other
1994,2756,25674,2026-01-28 19:43:00,late
1995,2756,25679,2026-02-13 17:14:00,late
1996,2757,25681,2026-03-27 12:50:00,late
1997,2758,25703,2026-03-23 19:26:00,stockout
1998,2758,25704,2026-03-26 08:02:00,late
1999,2758,25709,2026-04-11 08:44:00,late
2000,2759,25726,2026-04-16 17:48:00,stockout
2001,2760,25732,2026-03-05 19:06:00,late
2002,2760,25736,2026-03-16 19:28:00,stockout
2003,2761,25743,2026-02-01 19:28:00,late
2004,2763,25761,2026-06-16 19:16:00,late
2005,2763,25765,2026-06-26 14:22:00,other
2006,2764,25775,2026-02-04 18:34:00,late
2007,2764,25854,2026-06-17 12:45:00,stockout
2008,2765,25872,2026-04-30 08:02:00,late
2009,2768,25907,2026-05-08 21:24:00,late
2010,2771,25924,2026-04-18 07:03:00,late
2011,2771,25926,2026-04-15 10:28:00,stockout
2012,2771,25937,2026-05-15 11:14:00,late
2013,2771,25942,2026-05-22 22:30:00,late
2014,2771,25946,2026-05-27 14:52:00,late
2015,2771,25960,2026-07-02 20:33:00,late
2016,2774,25974,2026-05-22 11:30:00,other
2017,2776,25984,2026-04-30 14:51:00,late
2018,2776,25986,2026-04-28 07:39:00,late
2019,2779,26003,2026-04-05 12:14:00,stockout
2020,2786,26039,2026-02-20 22:13:00,late
2021,2786,26040,2026-02-22 12:48:00,late
2022,2787,26049,2026-03-25 22:54:00,stockout
2023,2788,26056,2026-05-03 18:07:00,late
2024,2792,26085,2026-01-05 17:43:00,late
2025,2792,26086,2026-01-08 14:24:00,late
2026,2796,26094,2026-02-17 18:47:00,late
2027,2797,26098,2026-04-16 20:31:00,late
2028,2800,26137,2026-01-23 08:04:00,stockout
2029,2800,26151,2026-03-06 19:25:00,stockout
2030,2802,26166,2026-04-30 20:00:00,other
2031,2803,26178,2026-01-23 22:23:00,other
2032,2805,26185,2026-04-28 08:43:00,stockout
2033,2807,26195,2026-01-29 10:00:00,late
2034,2807,26210,2026-02-16 00:47:00,stockout
2035,2816,26291,2026-03-05 21:55:00,stockout
2036,2820,26324,2026-05-26 15:24:00,stockout
2037,2822,26338,2026-01-06 19:00:00,other
2038,2822,26342,2026-02-12 17:56:00,stockout
2039,2823,26343,2026-01-26 00:05:00,late
2040,2823,26345,2026-02-08 07:53:00,late
2041,2823,26346,2026-02-10 19:57:00,late
2042,2825,26364,2026-05-03 10:00:00,stockout
2043,2825,26368,2026-05-24 17:22:00,stockout
2044,2826,26379,2026-05-31 16:05:00,stockout
2045,2833,26413,2026-06-23 12:23:00,late
2046,2833,26414,2026-06-22 18:59:00,late
2047,2833,26415,2026-06-22 15:13:00,stockout
2048,2836,26422,2026-05-18 19:53:00,late
2049,2837,26431,2026-04-30 18:20:00,stockout
2050,2837,26434,2026-05-10 18:19:00,other
2051,2839,26456,2026-03-12 18:01:00,late
2052,2839,26457,2026-04-25 18:46:00,late
2053,2840,26463,2026-06-06 19:30:00,late
2054,2841,26467,2026-03-01 19:15:00,late
2055,2842,26473,2026-03-08 19:02:00,other
2056,2842,26490,2026-04-02 16:19:00,other
2057,2842,26500,2026-04-22 21:23:00,stockout
2058,2844,26512,2026-04-03 15:17:00,other
2059,2845,26516,2026-04-22 09:58:00,stockout
2060,2849,26552,2026-05-03 18:12:00,late
2061,2858,26610,2026-05-03 20:43:00,late
2062,2861,26629,2026-04-04 20:48:00,late
2063,2863,26656,2026-03-23 20:27:00,stockout
2064,2863,26697,2026-06-17 14:33:00,stockout
2065,2872,26740,2026-04-26 21:05:00,stockout
2066,2874,26753,2026-02-28 09:08:00,stockout
2067,2881,26804,2026-05-31 17:20:00,other
2068,2882,26810,2026-05-02 10:09:00,other
2069,2882,26813,2026-05-14 17:43:00,other
2070,2884,26819,2026-04-15 15:11:00,stockout
2071,2888,26840,2026-04-18 18:05:00,stockout
2072,2888,26841,2026-04-13 14:26:00,other
2073,2889,26847,2026-02-19 14:07:00,late
2074,2890,26858,2026-03-17 18:54:00,late
2075,2890,26870,2026-03-31 18:05:00,late
2076,2890,26881,2026-04-14 21:48:00,other
2077,2890,26897,2026-05-27 18:20:00,late
2078,2893,26931,2026-05-29 21:16:00,stockout
2079,2896,26940,2026-04-30 23:45:00,late
2080,2898,26947,2026-02-07 18:55:00,late
2081,2900,26958,2026-02-26 08:58:00,other
2082,2901,26976,2026-04-07 17:17:00,late
2083,2905,26987,2026-04-11 19:12:00,stockout
2084,2906,27006,2026-03-21 07:35:00,late
2085,2914,27032,2026-03-20 20:57:00,stockout
2086,2917,27049,2026-01-18 10:32:00,late
2087,2917,27051,2026-01-12 19:48:00,late
2088,2917,27052,2026-01-15 14:57:00,stockout
2089,2917,27053,2026-01-12 18:54:00,late
2090,2917,27067,2026-02-08 20:45:00,late
2091,2917,27071,2026-03-01 15:38:00,stockout
2092,2918,27090,2026-05-25 19:30:00,late
2093,2919,27106,2026-03-16 16:16:00,late
2094,2924,27139,2026-05-20 20:07:00,late
2095,2926,27143,2026-02-02 17:25:00,late
2096,2930,27166,2026-06-18 17:09:00,stockout
2097,2932,27180,2026-01-05 10:42:00,late
2098,2932,27183,2026-01-29 15:46:00,late
2099,2938,27207,2026-02-12 18:07:00,late
2100,2938,27239,2026-05-22 22:18:00,late
2101,2938,27247,2026-06-03 11:07:00,other
2102,2938,27248,2026-06-05 13:45:00,other
2103,2938,27255,2026-07-01 15:25:00,stockout
2104,2940,27258,2026-03-17 20:23:00,late
2105,2942,27259,2026-02-15 08:29:00,stockout
2106,2942,27262,2026-03-09 13:20:00,other
2107,2942,27263,2026-03-18 19:39:00,late
2108,2948,27298,2026-04-04 19:54:00,stockout
2109,2949,27306,2026-01-12 19:03:00,other
2110,2949,27312,2026-01-27 10:02:00,late
2111,2949,27316,2026-02-07 22:57:00,late
2112,2950,27321,2026-03-03 18:19:00,late
2113,2953,27329,2026-03-22 14:18:00,late
2114,2954,27339,2026-05-22 15:19:00,other
2115,2954,27342,2026-06-05 10:57:00,other
2116,2954,27343,2026-06-05 20:57:00,stockout
2117,2954,27347,2026-06-23 11:42:00,late
2118,2956,27361,2026-02-01 07:36:00,stockout
2119,2959,27393,2026-06-14 07:02:00,stockout
2120,2963,27408,2026-03-02 20:09:00,other
2121,2968,27429,2026-04-23 20:57:00,late
2122,2968,27432,2026-04-23 17:31:00,late
2123,2968,27441,2026-06-03 09:05:00,stockout
2124,2969,27456,2026-06-09 20:28:00,other
2125,2971,27461,2026-05-06 08:52:00,stockout
2126,2974,27477,2026-04-10 13:45:00,late
2127,2974,27490,2026-07-01 21:18:00,other
2128,2976,27506,2026-06-15 08:36:00,other
2129,2977,27509,2026-04-08 23:38:00,other
2130,2979,27519,2026-05-13 13:33:00,late
2131,2979,27521,2026-05-13 17:19:00,late
2132,2979,27524,2026-05-14 19:23:00,late
2133,2980,27525,2026-04-08 19:25:00,late
2134,2980,27526,2026-04-29 17:43:00,late
2135,2983,27538,2026-05-27 07:47:00,stockout
2136,2983,27543,2026-06-13 10:15:00,stockout
2137,2988,27593,2026-04-05 19:52:00,late
2138,2992,27611,2026-04-03 13:23:00,stockout
2139,2992,27612,2026-04-10 17:39:00,late
2140,2993,27633,2026-02-18 23:58:00,stockout
2141,2994,27638,2026-06-12 08:32:00,stockout
2142,2996,27643,2026-03-02 09:02:00,late
2143,2996,27644,2026-03-17 20:27:00,stockout
2144,2997,27651,2026-02-17 20:01:00,other
2145,2997,27661,2026-04-12 18:49:00,stockout
2146,2997,27665,2026-04-16 11:37:00,late
2147,2999,27697,2026-06-20 17:27:00,stockout
2148,3000,27701,2026-03-19 19:46:00,late
2149,3001,27717,2026-04-11 07:28:00,stockout
2150,3001,27719,2026-04-25 08:47:00,late
2151,3001,27726,2026-05-07 21:48:00,stockout
2152,3005,27753,2026-04-14 09:28:00,stockout
2153,3005,27760,2026-04-23 11:13:00,stockout
2154,3005,27763,2026-04-21 07:58:00,late
2155,3005,27771,2026-05-06 18:42:00,stockout
2156,3005,27776,2026-05-15 17:04:00,stockout
2157,3007,27799,2026-06-09 13:31:00,other
2158,3007,27801,2026-06-23 00:57:00,other
2159,3008,27812,2026-05-08 18:53:00,other
2160,3009,27813,2026-01-28 15:23:00,late
2161,3009,27820,2026-02-05 09:49:00,other
2162,3011,27827,2026-05-02 19:24:00,late
2163,3012,27831,2026-01-16 22:22:00,late
2164,3012,27845,2026-02-11 20:23:00,late
2165,3012,27857,2026-03-07 13:03:00,other
2166,3012,27869,2026-04-06 04:42:00,stockout
2167,3012,27872,2026-04-15 16:16:00,late
2168,3012,27900,2026-07-05 06:51:00,late
2169,3016,27910,2026-01-18 20:53:00,late
2170,3016,27916,2026-02-07 22:23:00,stockout
2171,3016,27917,2026-02-13 00:52:00,late
2172,3018,27947,2026-04-14 19:16:00,other
2173,3018,27949,2026-05-10 09:02:00,stockout
2174,3022,27986,2026-04-23 09:14:00,late
2175,3023,28011,2026-02-22 21:45:00,stockout
2176,3023,28014,2026-02-28 19:33:00,stockout
2177,3023,28016,2026-02-27 14:49:00,late
2178,3024,28028,2026-06-17 18:58:00,late
2179,3026,28087,2026-06-04 09:22:00,stockout
2180,3028,28110,2026-03-09 04:54:00,other
2181,3028,28112,2026-03-18 14:55:00,other
2182,3034,28127,2026-02-14 11:11:00,stockout
2183,3038,28133,2026-04-17 12:27:00,stockout
2184,3038,28146,2026-05-24 08:55:00,stockout
2185,3038,28151,2026-06-02 10:18:00,other
2186,3038,28155,2026-06-10 08:03:00,late
2187,3038,28173,2026-07-03 17:22:00,other
2188,3040,28177,2026-01-14 19:24:00,late
2189,3042,28190,2026-02-21 18:05:00,late
2190,3042,28191,2026-02-19 07:16:00,stockout
2191,3042,28202,2026-04-04 09:15:00,late
2192,3042,28209,2026-04-19 18:19:00,other
2193,3042,28220,2026-06-26 15:41:00,stockout
2194,3043,28231,2026-04-14 16:26:00,stockout
2195,3044,28232,2026-03-31 07:39:00,other
2196,3044,28244,2026-06-24 20:56:00,late
2197,3045,28251,2026-06-14 18:42:00,late
2198,3045,28254,2026-06-16 20:42:00,late
2199,3045,28255,2026-06-28 20:53:00,late
2200,3050,28272,2026-04-26 00:58:00,stockout
2201,3050,28274,2026-05-05 14:23:00,late
2202,3053,28299,2026-03-08 13:45:00,stockout
2203,3055,28308,2026-05-13 19:39:00,late
2204,3058,28331,2026-04-02 08:30:00,other
2205,3060,28341,2026-03-06 17:12:00,stockout
2206,3060,28343,2026-03-02 08:40:00,other
2207,3061,28368,2026-05-25 19:18:00,other
2208,3065,28399,2026-05-15 13:09:00,other
2209,3065,28400,2026-05-17 19:18:00,late
2210,3070,28444,2026-06-10 11:43:00,stockout
2211,3072,28461,2026-03-05 09:05:00,late
2212,3072,28463,2026-03-03 15:25:00,other
2213,3072,28464,2026-03-13 18:37:00,other
2214,3072,28466,2026-03-13 08:08:00,stockout
2215,3072,28472,2026-03-23 20:02:00,stockout
2216,3072,28473,2026-03-25 22:16:00,stockout
2217,3075,28481,2026-03-31 16:42:00,late
2218,3075,28482,2026-04-03 17:47:00,stockout
2219,3075,28491,2026-06-13 17:12:00,late
2220,3075,28493,2026-06-17 19:29:00,stockout
2221,3075,28494,2026-06-17 17:57:00,late
2222,3078,28510,2026-02-03 08:44:00,stockout
2223,3079,28532,2026-03-05 18:15:00,stockout
2224,3080,28548,2026-03-30 16:31:00,late
2225,3080,28561,2026-05-03 20:14:00,other
2226,3082,28577,2026-04-05 06:35:00,late
2227,3082,28580,2026-04-08 18:33:00,late
2228,3084,28604,2026-02-19 22:05:00,stockout
2229,3085,28611,2026-04-07 14:18:00,other
2230,3087,28638,2026-06-23 18:42:00,late
2231,3089,28651,2026-01-19 12:47:00,stockout
2232,3091,28654,2026-02-15 08:21:00,stockout
2233,3102,28731,2026-05-24 17:07:00,stockout
2234,3102,28736,2026-05-30 07:25:00,other
2235,3102,28737,2026-05-26 11:32:00,stockout
2236,3102,28752,2026-06-30 09:30:00,stockout
2237,3103,28766,2026-03-03 06:07:00,stockout
2238,3104,28770,2026-05-13 11:33:00,late
2239,3106,28784,2026-02-14 19:12:00,other
2240,3107,28801,2026-06-25 23:50:00,stockout
2241,3109,28823,2026-06-26 20:22:00,late
2242,3112,28836,2026-01-20 21:55:00,late
2243,3113,28853,2026-05-22 18:13:00,late
2244,3113,28857,2026-05-27 18:46:00,late
2245,3116,28879,2026-01-31 11:21:00,late
2246,3117,28888,2026-05-02 07:34:00,other
2247,3126,28926,2026-05-02 00:46:00,stockout
2248,3129,28937,2026-04-13 12:09:00,late
2249,3132,28954,2026-03-22 09:23:00,late
2250,3132,28957,2026-04-16 18:54:00,other
2251,3134,28969,2026-03-31 22:20:00,late
2252,3135,28971,2026-03-17 03:23:00,other
2253,3138,28974,2026-03-21 11:43:00,stockout
2254,3138,28981,2026-04-13 16:14:00,stockout
2255,3141,28996,2026-03-29 16:43:00,stockout
2256,3146,29009,2026-03-26 15:43:00,stockout
2257,3147,29010,2026-03-16 22:32:00,late
2258,3149,29026,2026-02-23 01:07:00,stockout
2259,3149,29028,2026-02-26 07:58:00,other
2260,3151,29034,2026-05-21 20:43:00,late
2261,3152,29057,2026-05-28 18:49:00,late
2262,3152,29059,2026-06-01 18:58:00,stockout
2263,3156,29108,2026-07-05 18:27:00,other
2264,3160,29117,2026-04-29 12:00:00,late
2265,3160,29118,2026-04-29 09:45:00,stockout
2266,3163,29158,2026-06-02 19:53:00,other
2267,3163,29165,2026-07-05 18:42:00,stockout
2268,3165,29186,2026-03-04 15:10:00,late
2269,3165,29198,2026-04-07 10:59:00,late
2270,3165,29201,2026-04-18 13:29:00,other
2271,3165,29213,2026-06-11 19:29:00,late
2272,3171,29263,2026-02-18 19:07:00,other
2273,3172,29274,2026-05-04 13:49:00,stockout
2274,3174,29286,2026-06-20 06:48:00,stockout
2275,3174,29287,2026-06-17 09:23:00,stockout
2276,3176,29294,2026-03-24 17:07:00,late
2277,3177,29334,2026-06-24 19:42:00,late
2278,3179,29347,2026-04-02 16:53:00,stockout
2279,3181,29363,2026-05-12 19:21:00,late
2280,3181,29370,2026-05-31 19:49:00,stockout
2281,3181,29385,2026-07-01 14:56:00,other
2282,3182,29401,2026-03-22 19:38:00,late
2283,3182,29413,2026-04-10 05:10:00,other
2284,3185,29426,2026-01-28 05:16:00,other
2285,3185,29432,2026-03-18 22:01:00,other
2286,3185,29436,2026-03-24 06:19:00,other
2287,3186,29442,2026-06-19 21:46:00,other
2288,3187,29444,2026-05-08 11:23:00,stockout
2289,3190,29491,2026-01-21 19:43:00,other
2290,3193,29505,2026-03-27 09:12:00,late
2291,3195,29515,2026-05-05 08:18:00,stockout
2292,3196,29524,2026-03-20 18:01:00,other
2293,3196,29531,2026-04-09 20:44:00,other
2294,3196,29532,2026-04-11 19:35:00,late
2295,3197,29544,2026-04-27 20:40:00,late
2296,3197,29545,2026-05-17 19:20:00,other
2297,3197,29549,2026-06-05 19:32:00,stockout
2298,3199,29565,2026-05-24 18:23:00,late
2299,3199,29569,2026-05-27 11:12:00,late
2300,3201,29579,2026-02-14 00:33:00,late
2301,3201,29581,2026-02-17 18:27:00,stockout
2302,3205,29592,2026-04-29 23:55:00,other
2303,3206,29622,2026-06-11 19:31:00,stockout
2304,3207,29633,2026-04-13 08:28:00,other
2305,3207,29641,2026-05-17 09:58:00,other
2306,3208,29656,2026-02-15 05:24:00,other
2307,3208,29670,2026-03-27 18:58:00,late
2308,3208,29683,2026-04-25 14:30:00,other
2309,3208,29691,2026-05-05 10:48:00,late
2310,3209,29720,2026-03-01 17:11:00,late
2311,3212,29732,2026-03-06 22:30:00,stockout
2312,3215,29739,2026-02-06 07:08:00,late
2313,3215,29740,2026-02-13 20:17:00,late
2314,3215,29746,2026-03-17 19:19:00,late
2315,3215,29748,2026-03-26 16:01:00,late
2316,3215,29757,2026-05-04 19:16:00,late
2317,3220,29806,2026-03-19 02:57:00,stockout
2318,3220,29812,2026-04-09 21:45:00,late
2319,3220,29826,2026-05-22 11:55:00,other
2320,3231,29871,2026-03-21 18:51:00,late
2321,3233,29891,2026-01-13 18:01:00,late
2322,3236,29916,2026-02-04 06:14:00,late
2323,3237,29932,2026-03-26 10:14:00,late
2324,3237,29935,2026-03-31 22:54:00,stockout
2325,3238,29939,2026-02-22 19:55:00,stockout
2326,3238,29946,2026-04-10 18:59:00,other
2327,3240,29970,2026-04-23 20:42:00,late
2328,3240,29976,2026-05-08 04:17:00,late
2329,3240,29985,2026-06-22 19:22:00,late
2330,3242,29996,2026-03-02 18:52:00,late
2331,3245,30008,2026-02-10 20:12:00,late
2332,3245,30016,2026-03-29 09:07:00,stockout
2333,3246,30030,2026-05-29 18:21:00,stockout
2334,3247,30035,2026-03-14 07:13:00,stockout
2335,3255,30080,2026-04-25 13:01:00,late
2336,3255,30084,2026-04-29 10:34:00,late
2337,3263,30144,2026-02-10 21:19:00,stockout
2338,3263,30159,2026-03-28 14:09:00,other
2339,3263,30179,2026-05-24 10:13:00,stockout
2340,3265,30213,2026-01-16 20:48:00,late
2341,3265,30217,2026-02-10 02:40:00,stockout
2342,3266,30234,2026-01-22 19:38:00,late
2343,3266,30242,2026-03-08 12:17:00,stockout
2344,3273,30287,2026-03-02 07:22:00,stockout
2345,3273,30289,2026-03-14 19:38:00,late
2346,3273,30292,2026-04-21 08:01:00,stockout
2347,3273,30294,2026-06-01 10:07:00,stockout
2348,3275,30306,2026-05-29 08:16:00,late
2349,3280,30331,2026-05-21 15:24:00,other
2350,3280,30339,2026-05-30 07:03:00,late
2351,3287,30389,2026-03-22 18:16:00,late
2352,3287,30410,2026-07-05 18:16:00,late
2353,3290,30425,2026-03-11 08:15:00,stockout
2354,3290,30427,2026-03-12 15:21:00,other
2355,3290,30430,2026-03-18 18:15:00,late
2356,3290,30454,2026-05-09 10:19:00,stockout
2357,3292,30459,2026-04-09 16:37:00,late
2358,3292,30462,2026-04-15 20:56:00,other
2359,3292,30467,2026-04-21 10:24:00,stockout
2360,3294,30470,2026-01-24 17:53:00,late
2361,3294,30478,2026-02-08 06:42:00,stockout
2362,3296,30502,2026-05-25 19:14:00,stockout
2363,3296,30503,2026-06-03 08:34:00,late
2364,3300,30513,2026-03-06 05:51:00,late
2365,3300,30514,2026-03-11 08:43:00,late
2366,3302,30519,2026-01-13 18:22:00,stockout
2367,3302,30539,2026-03-10 20:04:00,stockout
2368,3303,30588,2026-04-28 20:17:00,late
2369,3304,30592,2026-05-28 20:52:00,late
2370,3305,30598,2026-04-15 09:40:00,stockout
2371,3306,30605,2026-04-21 13:33:00,late
2372,3307,30610,2026-01-13 12:56:00,stockout
2373,3307,30615,2026-01-22 18:11:00,stockout
2374,3307,30623,2026-01-31 20:34:00,other
2375,3307,30645,2026-03-31 19:09:00,late
2376,3307,30648,2026-04-09 20:13:00,stockout
2377,3307,30659,2026-04-25 21:10:00,late
2378,3307,30669,2026-05-22 18:29:00,late
2379,3313,30691,2026-01-05 08:38:00,other
2380,3313,30692,2026-01-13 18:06:00,stockout
2381,3313,30711,2026-03-30 12:37:00,stockout
2382,3313,30716,2026-04-20 20:07:00,late
2383,3313,30717,2026-04-23 07:11:00,late
2384,3313,30722,2026-05-17 19:29:00,late
2385,3313,30733,2026-07-05 06:24:00,late
2386,3317,30765,2026-01-17 18:36:00,stockout
2387,3317,30794,2026-05-13 18:34:00,late
2388,3319,30804,2026-01-15 17:46:00,other
2389,3320,30810,2026-05-06 20:58:00,stockout
2390,3320,30814,2026-05-18 03:35:00,other
2391,3320,30824,2026-06-25 14:44:00,other
2392,3321,30828,2026-01-17 15:22:00,late
2393,3321,30831,2026-01-31 18:14:00,other
2394,3321,30841,2026-03-08 11:46:00,other
2395,3322,30858,2026-05-31 02:19:00,late
2396,3326,30892,2026-04-09 20:40:00,other
2397,3327,30916,2026-03-16 18:16:00,late
2398,3327,30930,2026-06-20 14:51:00,other
2399,3329,30948,2026-03-05 19:14:00,late
2400,3329,30959,2026-04-28 05:20:00,stockout
2401,3330,30968,2026-03-14 06:02:00,late
2402,3330,30973,2026-03-27 16:06:00,late
2403,3330,30989,2026-04-28 18:56:00,late
2404,3331,31008,2026-04-16 09:06:00,stockout
2405,3337,31037,2026-06-20 18:57:00,late
2406,3338,31044,2026-03-08 22:22:00,stockout
2407,3338,31055,2026-04-01 07:52:00,late
2408,3338,31072,2026-05-10 08:33:00,other
2409,3338,31080,2026-05-12 17:56:00,other
2410,3338,31087,2026-05-28 13:19:00,other
2411,3338,31097,2026-06-28 21:52:00,stockout
2412,3340,31109,2026-02-23 11:50:00,other
2413,3345,31158,2026-05-18 06:14:00,other
2414,3345,31168,2026-06-21 09:22:00,stockout
2415,3353,31212,2026-01-06 13:03:00,stockout
2416,3357,31232,2026-02-21 19:52:00,stockout
2417,3357,31238,2026-02-24 17:48:00,other
2418,3360,31256,2026-06-04 14:56:00,other
2419,3360,31258,2026-06-14 18:11:00,other
2420,3361,31277,2026-06-29 20:17:00,late
2421,3366,31300,2026-03-20 10:20:00,other
2422,3372,31329,2026-01-12 08:14:00,late
2423,3372,31330,2026-01-16 09:52:00,late
2424,3372,31333,2026-01-21 13:48:00,other
2425,3372,31336,2026-01-23 10:04:00,late
2426,3372,31337,2026-01-21 11:42:00,late
2427,3372,31354,2026-03-01 10:59:00,late
2428,3372,31356,2026-03-02 20:20:00,late
2429,3372,31359,2026-03-25 18:23:00,late
2430,3372,31364,2026-03-23 19:36:00,late
2431,3376,31385,2026-02-16 08:54:00,stockout
2432,3376,31386,2026-02-27 12:36:00,stockout
2433,3377,31388,2026-04-18 10:53:00,stockout
2434,3379,31390,2026-04-19 18:00:00,stockout
2435,3380,31395,2026-05-07 14:13:00,other
2436,3381,31407,2026-02-18 10:32:00,late
2437,3381,31410,2026-02-24 21:06:00,stockout
2438,3381,31414,2026-03-12 09:15:00,late
2439,3381,31416,2026-03-17 15:28:00,late
2440,3382,31432,2026-05-14 05:43:00,other
2441,3383,31442,2026-06-03 18:20:00,other
2442,3383,31443,2026-06-08 19:05:00,late
2443,3384,31454,2026-02-23 18:05:00,late
2444,3387,31482,2026-03-20 06:36:00,late
2445,3387,31483,2026-03-16 17:57:00,stockout
2446,3394,31518,2026-02-06 03:56:00,other
2447,3394,31523,2026-02-10 15:23:00,stockout
2448,3394,31531,2026-03-18 20:13:00,stockout
2449,3394,31533,2026-03-21 21:23:00,other
2450,3399,31539,2026-01-27 15:17:00,other
2451,3399,31545,2026-02-12 23:20:00,late
2452,3400,31559,2026-07-04 10:13:00,stockout
2453,3401,31569,2026-03-14 18:47:00,late
2454,3404,31611,2026-01-27 19:51:00,late
2455,3408,31615,2026-04-25 14:02:00,stockout
2456,3409,31625,2026-02-28 15:39:00,stockout
2457,3409,31648,2026-03-18 17:18:00,stockout
2458,3409,31670,2026-04-17 00:27:00,late
2459,3409,31683,2026-05-06 17:43:00,other
2460,3409,31691,2026-05-22 12:28:00,stockout
2461,3409,31692,2026-05-18 19:59:00,stockout
2462,3409,31702,2026-06-09 02:03:00,other
2463,3412,31727,2026-03-06 10:44:00,stockout
2464,3412,31737,2026-04-04 08:34:00,other
2465,3412,31739,2026-04-03 12:45:00,late
2466,3413,31770,2026-04-07 19:40:00,late
2467,3413,31776,2026-05-19 14:23:00,stockout
2468,3414,31793,2026-04-05 18:25:00,stockout
2469,3415,31824,2026-04-29 18:29:00,late
2470,3428,31849,2026-01-20 10:20:00,late
2471,3430,31860,2026-03-16 17:49:00,stockout
2472,3430,31864,2026-04-22 18:22:00,other
2473,3431,31878,2026-01-25 08:30:00,late
2474,3431,31894,2026-02-26 06:05:00,late
2475,3431,31896,2026-03-08 12:41:00,late
2476,3431,31899,2026-03-14 04:09:00,stockout
2477,3431,31910,2026-04-28 22:15:00,other
2478,3431,31915,2026-05-23 18:36:00,stockout
2479,3434,31935,2026-06-04 19:07:00,late
2480,3439,31955,2026-04-17 08:59:00,stockout
2481,3440,31962,2026-02-05 18:07:00,late
2482,3442,31984,2026-03-20 20:27:00,stockout
2483,3442,32002,2026-05-18 19:10:00,late
2484,3448,32019,2026-04-24 20:41:00,late
2485,3453,32041,2026-07-03 20:13:00,late
2486,3457,32046,2026-01-06 00:42:00,late
2487,3458,32058,2026-07-04 08:07:00,other
2488,3461,32062,2026-04-11 08:03:00,other
2489,3461,32063,2026-04-09 19:17:00,late
2490,3461,32067,2026-05-14 10:36:00,other
2491,3462,32097,2026-04-18 17:22:00,stockout
2492,3462,32099,2026-04-21 01:16:00,late
2493,3462,32103,2026-05-08 19:18:00,late
2494,3462,32116,2026-06-27 20:14:00,other
2495,3463,32123,2026-05-29 16:26:00,stockout
2496,3463,32124,2026-05-28 19:01:00,late
2497,3463,32129,2026-07-05 23:49:00,stockout
2498,3466,32132,2026-02-01 22:25:00,stockout
2499,3466,32134,2026-02-03 16:37:00,stockout
2500,3466,32135,2026-02-05 08:09:00,late
2501,3466,32151,2026-04-06 08:06:00,other
2502,3466,32163,2026-06-14 10:32:00,late
2503,3466,32165,2026-06-17 22:35:00,late
2504,3470,32214,2026-05-30 22:26:00,other
2505,3470,32230,2026-07-02 15:46:00,other
2506,3474,32235,2026-05-20 18:20:00,late
2507,3474,32240,2026-06-12 20:24:00,stockout
2508,3474,32243,2026-07-05 06:52:00,stockout
2509,3475,32246,2026-03-04 21:31:00,other
2510,3476,32254,2026-04-13 20:58:00,late
2511,3476,32260,2026-04-14 19:22:00,late
2512,3478,32263,2026-04-27 22:19:00,stockout
2513,3478,32264,2026-05-07 18:39:00,late
2514,3478,32267,2026-06-03 21:12:00,late
2515,3480,32282,2026-05-13 03:21:00,other
2516,3485,32334,2026-05-20 10:27:00,stockout
2517,3485,32335,2026-05-26 13:10:00,late
2518,3486,32350,2026-04-03 19:09:00,stockout
2519,3489,32363,2026-04-12 13:51:00,other
2520,3489,32377,2026-06-07 18:05:00,stockout
2521,3491,32385,2026-04-27 20:34:00,late
2522,3495,32409,2026-04-11 19:48:00,late
2523,3496,32416,2026-03-29 17:49:00,stockout
2524,3496,32419,2026-04-14 18:40:00,late
2525,3496,32422,2026-04-25 15:55:00,late
2526,3496,32424,2026-04-30 20:05:00,other
2527,3496,32438,2026-06-25 20:44:00,late
2528,3497,32449,2026-06-14 19:12:00,late
2529,3498,32483,2026-06-06 22:39:00,stockout
2530,3499,32499,2026-03-04 08:54:00,late
2531,3499,32500,2026-03-02 22:03:00,late
2532,3499,32501,2026-03-02 16:22:00,late
2533,3499,32502,2026-03-02 17:24:00,late
2534,3499,32505,2026-03-14 08:35:00,late
2535,3499,32514,2026-03-18 11:14:00,late
2536,3499,32517,2026-03-21 18:43:00,late
2537,3501,32527,2026-06-13 20:29:00,stockout
2538,3506,32553,2026-05-18 17:10:00,late
2539,3506,32557,2026-07-04 18:25:00,stockout
2540,3510,32567,2026-01-17 19:09:00,late
2541,3510,32576,2026-01-26 15:26:00,stockout
2542,3513,32584,2026-02-19 03:16:00,stockout
2543,3514,32588,2026-03-17 18:34:00,late
2544,3518,32603,2026-01-13 17:54:00,other
2545,3518,32605,2026-01-25 17:59:00,late
2546,3519,32610,2026-05-04 21:22:00,late
2547,3519,32613,2026-05-13 12:12:00,stockout
2548,3519,32624,2026-06-18 15:40:00,late
2549,3520,32631,2026-03-10 19:51:00,late
2550,3520,32639,2026-03-16 08:01:00,late
2551,3520,32646,2026-04-04 05:25:00,stockout
2552,3520,32649,2026-04-04 16:23:00,late
2553,3520,32675,2026-05-06 18:42:00,late
2554,3520,32676,2026-05-07 08:02:00,stockout
2555,3521,32718,2026-04-23 20:51:00,late
2556,3525,32741,2026-02-22 19:57:00,other
2557,3528,32793,2026-05-08 10:40:00,stockout
2558,3534,32836,2026-04-20 13:07:00,late
2559,3534,32840,2026-06-05 11:08:00,late
2560,3534,32843,2026-06-30 19:49:00,late
2561,3535,32853,2026-04-07 13:26:00,late
2562,3536,32871,2026-02-24 17:53:00,late
2563,3536,32897,2026-06-06 08:16:00,other
2564,3536,32906,2026-06-28 18:43:00,late
2565,3538,32912,2026-05-20 08:54:00,other
2566,3539,32922,2026-04-26 20:10:00,late
2567,3540,32925,2026-03-22 01:05:00,stockout
2568,3541,32931,2026-01-15 09:25:00,late
2569,3547,32946,2026-03-26 07:55:00,late
2570,3547,32947,2026-03-30 09:54:00,stockout
2571,3547,32950,2026-04-07 09:13:00,late
2572,3547,32958,2026-05-07 09:07:00,stockout
2573,3548,32982,2026-04-05 20:36:00,stockout
2574,3549,33016,2026-03-22 18:25:00,late
2575,3549,33026,2026-04-12 21:18:00,other
2576,3549,33040,2026-05-03 22:59:00,late
2577,3549,33042,2026-04-27 20:20:00,late
2578,3549,33045,2026-05-17 22:07:00,late
2579,3559,33080,2026-06-14 10:44:00,late
2580,3563,33108,2026-06-16 12:18:00,stockout
2581,3565,33121,2026-04-09 20:51:00,late
2582,3565,33123,2026-04-19 02:22:00,late
2583,3565,33130,2026-05-16 16:02:00,stockout
2584,3565,33131,2026-06-06 19:45:00,late
2585,3565,33134,2026-06-10 18:07:00,late
2586,3566,33159,2026-06-07 20:15:00,late
2587,3568,33161,2026-01-10 06:25:00,stockout
2588,3568,33163,2026-01-15 00:38:00,late
2589,3568,33172,2026-02-21 12:14:00,stockout
2590,3568,33209,2026-06-01 19:45:00,late
2591,3575,33248,2026-02-16 07:16:00,other
2592,3580,33313,2026-06-10 13:09:00,stockout
2593,3580,33314,2026-06-16 04:35:00,late
2594,3581,33318,2026-04-07 12:57:00,late
2595,3586,33351,2026-03-08 19:13:00,other
2596,3587,33362,2026-03-16 07:43:00,late
2597,3592,33414,2026-05-30 09:45:00,stockout
2598,3595,33430,2026-01-27 12:29:00,late
2599,3595,33452,2026-03-30 11:16:00,late
2600,3595,33453,2026-04-04 13:26:00,late
2601,3595,33461,2026-05-13 23:12:00,late
2602,3595,33465,2026-05-27 18:10:00,late
2603,3595,33470,2026-06-25 20:48:00,stockout
2604,3596,33474,2026-01-31 21:24:00,late
2605,3597,33477,2026-05-04 07:23:00,stockout
2606,3597,33482,2026-06-12 18:44:00,late
2607,3601,33525,2026-05-05 17:01:00,late
2608,3601,33539,2026-06-03 11:55:00,stockout
2609,3601,33553,2026-06-30 04:25:00,other
2610,3613,33607,2026-05-12 07:15:00,late
2611,3613,33608,2026-05-23 18:35:00,late
2612,3616,33622,2026-02-06 08:01:00,other
2613,3620,33633,2026-03-31 11:39:00,late
2614,3623,33663,2026-06-22 07:58:00,late
2615,3628,33669,2026-04-03 08:29:00,late
2616,3635,33697,2026-04-26 21:13:00,stockout
2617,3636,33709,2026-05-27 18:19:00,late
2618,3636,33720,2026-06-24 20:08:00,late
2619,3640,33747,2026-01-21 11:50:00,other
2620,3640,33757,2026-02-24 17:43:00,stockout
2621,3640,33760,2026-03-03 10:59:00,stockout
2622,3642,33789,2026-01-21 11:09:00,late
2623,3642,33798,2026-02-18 20:11:00,stockout
2624,3642,33800,2026-02-23 22:07:00,stockout
2625,3644,33816,2026-03-03 22:12:00,other
2626,3645,33858,2026-03-17 20:47:00,late
2627,3646,33862,2026-04-13 19:11:00,late
2628,3649,33895,2026-03-23 08:36:00,other
2629,3649,33901,2026-04-30 11:12:00,stockout
2630,3649,33903,2026-04-30 06:33:00,late
2631,3649,33907,2026-05-19 15:18:00,other
2632,3649,33910,2026-06-01 12:05:00,late
2633,3649,33913,2026-06-25 11:24:00,late
2634,3656,33952,2026-01-27 21:37:00,stockout
2635,3656,33969,2026-04-09 19:26:00,late
2636,3656,33978,2026-05-12 07:37:00,other
2637,3656,33989,2026-06-06 17:11:00,stockout
2638,3658,34001,2026-03-27 20:25:00,late
2639,3658,34005,2026-04-08 06:10:00,other
2640,3658,34007,2026-04-06 16:46:00,late
2641,3659,34021,2026-06-11 20:53:00,late
2642,3660,34025,2026-03-01 18:44:00,late
2643,3660,34052,2026-06-23 16:13:00,late
2644,3664,34065,2026-05-01 15:55:00,other
2645,3664,34081,2026-06-01 05:02:00,stockout
2646,3669,34123,2026-04-09 22:32:00,other
2647,3672,34164,2026-07-04 11:07:00,stockout
2648,3674,34177,2026-05-29 16:15:00,other
2649,3674,34178,2026-05-26 17:04:00,late
2650,3674,34181,2026-06-14 06:24:00,late
2651,3675,34188,2026-06-07 20:02:00,other
2652,3675,34189,2026-06-05 21:30:00,late
2653,3676,34194,2026-03-21 20:31:00,other
2654,3676,34210,2026-06-11 20:49:00,late
2655,3677,34215,2026-03-17 14:33:00,late
2656,3677,34220,2026-04-17 13:21:00,late
2657,3678,34222,2026-03-11 16:58:00,stockout
2658,3678,34243,2026-03-31 17:56:00,stockout
2659,3678,34257,2026-04-21 12:36:00,stockout
2660,3678,34266,2026-05-15 19:01:00,late
2661,3680,34302,2026-03-16 12:59:00,other
2662,3680,34304,2026-03-28 09:04:00,late
2663,3685,34320,2026-03-30 22:33:00,stockout
2664,3686,34332,2026-06-10 09:15:00,other
2665,3689,34354,2026-02-21 12:52:00,stockout
2666,3692,34382,2026-05-08 13:58:00,stockout
2667,3698,34420,2026-05-07 22:58:00,stockout
2668,3699,34422,2026-04-30 00:27:00,stockout
2669,3701,34431,2026-03-05 20:56:00,late
2670,3702,34444,2026-02-26 18:34:00,late
2671,3702,34449,2026-03-10 15:33:00,other
2672,3702,34459,2026-04-09 10:24:00,late
2673,3702,34460,2026-04-06 18:25:00,late
2674,3702,34466,2026-05-03 18:12:00,late
2675,3702,34475,2026-06-06 20:56:00,other
2676,3702,34483,2026-07-03 14:59:00,late
2677,3703,34486,2026-02-02 09:46:00,late
2678,3703,34488,2026-02-20 22:36:00,stockout
2679,3703,34491,2026-03-07 18:36:00,other
2680,3705,34502,2026-03-31 09:08:00,stockout
2681,3708,34526,2026-05-03 18:19:00,late
2682,3710,34549,2026-05-31 18:24:00,late
2683,3712,34551,2026-01-12 13:31:00,late
2684,3712,34558,2026-02-03 14:22:00,stockout
2685,3713,34567,2026-02-13 18:45:00,stockout
2686,3713,34578,2026-04-29 01:18:00,other
2687,3714,34581,2026-01-23 08:55:00,late
2688,3718,34592,2026-03-10 20:19:00,late
2689,3718,34593,2026-03-19 07:22:00,stockout
2690,3718,34595,2026-03-21 21:37:00,late
2691,3718,34603,2026-05-09 19:44:00,stockout
2692,3718,34604,2026-05-09 18:47:00,late
2693,3718,34611,2026-06-11 06:41:00,stockout
2694,3718,34613,2026-06-21 01:00:00,stockout
2695,3720,34618,2026-03-22 15:45:00,stockout
2696,3722,34631,2026-03-07 07:48:00,late
2697,3723,34638,2026-03-24 19:32:00,other
2698,3723,34680,2026-06-12 21:02:00,late
2699,3726,34707,2026-06-13 17:45:00,late
2700,3726,34710,2026-06-16 18:25:00,late
2701,3726,34715,2026-07-03 09:25:00,other
2702,3727,34731,2026-04-16 20:42:00,stockout
2703,3727,34734,2026-04-27 19:14:00,stockout
2704,3727,34739,2026-05-19 17:19:00,stockout
2705,3729,34754,2026-01-16 16:44:00,late
2706,3730,34761,2026-03-03 08:15:00,late
2707,3734,34773,2026-02-24 08:37:00,other
2708,3734,34779,2026-03-04 23:41:00,other
2709,3735,34824,2026-05-02 17:16:00,late
2710,3736,34845,2026-05-18 18:15:00,other
2711,3736,34850,2026-06-03 09:20:00,late
2712,3736,34851,2026-06-09 17:05:00,late
2713,3738,34871,2026-04-23 16:15:00,late
2714,3740,34876,2026-04-03 13:39:00,stockout
2715,3742,34893,2026-07-01 15:13:00,late
2716,3744,34897,2026-02-28 19:36:00,late
2717,3744,34925,2026-06-13 08:44:00,stockout
2718,3744,34929,2026-06-27 14:36:00,late
2719,3748,34942,2026-02-20 20:17:00,late
2720,3749,34953,2026-03-30 19:28:00,late
2721,3750,34989,2026-04-20 21:49:00,other
2722,3750,34990,2026-05-08 18:39:00,other
2723,3751,35008,2026-02-18 20:11:00,late
2724,3751,35033,2026-05-28 17:54:00,late
2725,3752,35061,2026-05-08 07:51:00,other
2726,3756,35082,2026-02-21 08:40:00,stockout
2727,3756,35090,2026-03-18 18:54:00,stockout
2728,3756,35100,2026-04-14 11:19:00,other
2729,3756,35103,2026-04-24 10:39:00,late
2730,3759,35138,2026-06-11 10:08:00,other
2731,3763,35156,2026-04-04 21:13:00,other
2732,3763,35164,2026-04-24 18:22:00,late
2733,3765,35222,2026-06-21 07:35:00,stockout
2734,3769,35236,2026-05-27 16:40:00,other
2735,3770,35238,2026-05-20 22:30:00,stockout
2736,3770,35242,2026-06-27 20:02:00,late
2737,3771,35243,2026-04-23 10:46:00,late
2738,3771,35259,2026-06-24 17:13:00,stockout
2739,3771,35261,2026-06-30 20:57:00,late
2740,3773,35272,2026-03-08 21:08:00,other
2741,3774,35279,2026-04-13 21:26:00,late
2742,3774,35283,2026-06-02 12:04:00,stockout
2743,3775,35300,2026-05-10 20:39:00,late
2744,3775,35316,2026-06-27 06:17:00,other
2745,3776,35325,2026-03-10 20:50:00,other
2746,3780,35356,2026-05-20 22:45:00,stockout
2747,3781,35373,2026-03-25 20:57:00,other
2748,3785,35387,2026-02-17 13:31:00,late
2749,3785,35390,2026-03-01 18:47:00,stockout
2750,3785,35392,2026-03-04 18:34:00,late
2751,3785,35395,2026-03-25 22:01:00,late
2752,3785,35406,2026-05-11 19:39:00,late
2753,3787,35418,2026-04-02 09:19:00,other
2754,3793,35475,2026-04-01 07:57:00,other
2755,3793,35482,2026-04-13 10:12:00,other
2756,3793,35488,2026-05-10 10:40:00,other
2757,3793,35496,2026-06-05 20:46:00,late
2758,3794,35516,2026-03-03 19:36:00,late
2759,3794,35532,2026-05-30 14:25:00,stockout
2760,3794,35536,2026-06-12 19:48:00,late
2761,3794,35542,2026-06-29 23:27:00,stockout
2762,3795,35556,2026-05-21 18:22:00,late
2763,3797,35584,2026-06-27 16:29:00,late
2764,3799,35588,2026-03-25 20:15:00,other
2765,3799,35593,2026-04-07 21:34:00,late
2766,3801,35607,2026-05-08 15:53:00,other
2767,3802,35622,2026-04-11 19:40:00,late
2768,3807,35639,2026-03-28 21:50:00,late
2769,3809,35665,2026-04-30 09:55:00,other
2770,3809,35671,2026-05-10 07:21:00,late
2771,3810,35678,2026-05-29 09:40:00,other
2772,3811,35685,2026-02-09 21:02:00,other
2773,3812,35691,2026-05-22 13:39:00,other
2774,3815,35700,2026-05-22 05:12:00,stockout
2775,3816,35712,2026-02-25 15:48:00,other
2776,3817,35733,2026-02-11 09:39:00,stockout
2777,3817,35741,2026-03-09 19:15:00,late
2778,3817,35750,2026-04-04 16:37:00,late
2779,3818,35772,2026-05-07 14:45:00,late
2780,3820,35791,2026-04-19 06:24:00,late
2781,3820,35796,2026-04-20 08:07:00,stockout
2782,3820,35797,2026-04-21 19:29:00,late
2783,3820,35799,2026-04-30 20:42:00,late
2784,3820,35809,2026-06-19 20:42:00,late
2785,3820,35810,2026-06-21 15:22:00,stockout
2786,3821,35814,2026-01-22 09:54:00,late
2787,3822,35818,2026-04-09 14:19:00,late
2788,3826,35838,2026-04-21 23:31:00,other
2789,3828,35851,2026-03-17 12:52:00,late
2790,3829,35885,2026-07-01 19:27:00,late
2791,3831,35891,2026-02-22 06:19:00,stockout
2792,3837,35966,2026-05-24 07:10:00,stockout
2793,3843,35998,2026-01-26 13:37:00,stockout
2794,3847,36010,2026-03-11 07:41:00,late
2795,3847,36014,2026-03-09 18:37:00,stockout
2796,3852,36090,2026-03-20 20:37:00,stockout
2797,3852,36123,2026-05-10 07:14:00,late
2798,3857,36215,2026-03-15 05:43:00,other
2799,3862,36249,2026-05-01 17:43:00,other
2800,3862,36254,2026-07-04 21:44:00,other
2801,3868,36315,2026-01-28 18:18:00,stockout
2802,3870,36327,2026-03-11 09:52:00,late
2803,3870,36333,2026-03-31 19:18:00,late
2804,3870,36342,2026-04-25 09:31:00,stockout
2805,3870,36373,2026-06-28 09:27:00,stockout
2806,3870,36381,2026-07-04 22:50:00,other
2807,3871,36382,2026-03-29 11:08:00,stockout
2808,3871,36397,2026-04-06 12:55:00,late
2809,3871,36398,2026-04-24 21:21:00,other
2810,3871,36401,2026-05-02 15:32:00,stockout
2811,3871,36431,2026-06-05 18:09:00,stockout
2812,3871,36433,2026-06-13 16:26:00,stockout
2813,3876,36482,2026-02-26 18:36:00,stockout
2814,3876,36484,2026-02-28 18:14:00,stockout
2815,3876,36501,2026-04-11 09:10:00,other
2816,3880,36532,2026-03-27 20:31:00,other
2817,3880,36545,2026-06-05 19:09:00,late
2818,3886,36567,2026-05-09 13:25:00,late
2819,3887,36595,2026-02-27 10:01:00,late
2820,3887,36599,2026-03-16 18:37:00,late
2821,3887,36601,2026-03-18 18:13:00,late
2822,3887,36623,2026-05-01 14:24:00,late
2823,3889,36639,2026-04-24 12:12:00,late
2824,3894,36662,2026-05-23 18:04:00,late
2825,3896,36686,2026-04-24 08:42:00,stockout
2826,3896,36688,2026-05-07 18:21:00,late
2827,3896,36691,2026-05-20 08:12:00,stockout
2828,3896,36693,2026-06-04 14:51:00,late
2829,3896,36694,2026-06-19 17:34:00,stockout
2830,3896,36698,2026-06-28 08:15:00,stockout
2831,3901,36730,2026-01-26 09:22:00,late
2832,3903,36737,2026-02-26 17:18:00,late
2833,3905,36768,2026-02-04 16:25:00,other
2834,3908,36804,2026-06-04 15:04:00,other
2835,3908,36805,2026-06-08 13:55:00,stockout
2836,3908,36808,2026-06-26 18:46:00,other
2837,3911,36816,2026-02-07 09:30:00,late
2838,3916,36839,2026-03-21 12:26:00,other
2839,3917,36848,2026-02-18 17:52:00,other
2840,3917,36883,2026-05-08 22:54:00,other
2841,3917,36917,2026-06-15 16:30:00,stockout
2842,3921,36925,2026-06-02 18:57:00,late
2843,3925,36945,2026-03-21 21:16:00,late
2844,3926,36960,2026-01-25 19:49:00,stockout
2845,3929,37016,2026-05-16 16:56:00,late
2846,3929,37019,2026-05-26 18:32:00,late
2847,3930,37028,2026-04-22 20:25:00,stockout
2848,3934,37066,2026-04-17 14:46:00,stockout
2849,3934,37072,2026-04-27 17:36:00,stockout
2850,3934,37084,2026-06-01 20:21:00,other
2851,3938,37123,2026-06-26 18:32:00,late
2852,3942,37136,2026-06-28 18:40:00,late
2853,3943,37142,2026-04-23 13:13:00,late
2854,3943,37143,2026-05-01 08:28:00,late
2855,3944,37161,2026-02-17 16:46:00,other
2856,3945,37168,2026-04-13 19:12:00,late
2857,3946,37201,2026-06-12 19:46:00,late
2858,3949,37216,2026-03-24 17:33:00,late
2859,3949,37230,2026-05-18 19:58:00,late
2860,3952,37253,2026-05-27 22:37:00,stockout
2861,3954,37263,2026-01-16 04:51:00,other
2862,3955,37278,2026-06-16 13:36:00,other
2863,3956,37284,2026-02-28 07:34:00,other
2864,3956,37288,2026-02-27 19:51:00,late
2865,3956,37295,2026-03-21 19:39:00,other
2866,3956,37315,2026-06-02 11:06:00,stockout
2867,3956,37319,2026-06-19 20:45:00,late
2868,3956,37323,2026-07-02 18:21:00,late
2869,3957,37325,2026-03-09 08:04:00,late
2870,3957,37329,2026-03-18 09:23:00,stockout
2871,3957,37334,2026-03-23 18:11:00,late
2872,3957,37336,2026-03-23 16:27:00,late
2873,3957,37350,2026-05-23 10:39:00,late
2874,3957,37357,2026-05-27 17:23:00,late
2875,3957,37362,2026-06-11 17:55:00,late
2876,3957,37366,2026-07-04 18:58:00,late
2877,3958,37369,2026-05-12 17:10:00,other
2878,3958,37372,2026-06-17 21:29:00,late
2879,3962,37390,2026-06-29 18:35:00,stockout
2880,3965,37394,2026-03-23 12:12:00,late
2881,3966,37425,2026-01-13 07:46:00,other
2882,3967,37437,2026-04-20 08:25:00,other
2883,3967,37439,2026-04-23 19:09:00,late
2884,3967,37459,2026-06-07 11:36:00,stockout
2885,3972,37475,2026-02-28 21:49:00,stockout
2886,3974,37498,2026-06-05 16:23:00,other
2887,3976,37506,2026-04-16 20:32:00,other
2888,3977,37514,2026-04-11 20:25:00,late
2889,3977,37517,2026-04-18 19:58:00,late
2890,3977,37519,2026-04-30 16:59:00,other
2891,3978,37526,2026-06-08 01:40:00,other
2892,3979,37534,2026-02-21 18:20:00,other
2893,3979,37535,2026-02-25 17:03:00,late
2894,3982,37551,2026-05-07 01:43:00,stockout
2895,3983,37577,2026-04-29 14:39:00,other
2896,3984,37600,2026-04-27 16:50:00,stockout
2897,3984,37612,2026-05-15 19:40:00,late
2898,3989,37651,2026-02-16 07:13:00,stockout
2899,3989,37654,2026-03-08 10:31:00,late
2900,3989,37655,2026-03-09 18:40:00,late
2901,3990,37656,2026-05-19 20:33:00,late
2902,3990,37660,2026-06-04 17:53:00,late
2903,3990,37664,2026-06-20 16:39:00,stockout
2904,3992,37674,2026-01-20 05:40:00,other
2905,3993,37688,2026-06-09 13:18:00,late
2906,3997,37702,2026-05-17 19:10:00,late
2907,4001,37731,2026-01-28 12:27:00,late
2908,4001,37738,2026-02-20 10:56:00,stockout
2909,4001,37743,2026-03-07 06:05:00,late
2910,4002,37759,2026-03-10 20:23:00,late
2911,4002,37760,2026-03-10 16:35:00,other
2912,4002,37763,2026-03-24 20:57:00,stockout
2913,4002,37774,2026-04-27 18:07:00,late
2914,4002,37776,2026-04-28 16:15:00,stockout
2915,4002,37779,2026-05-08 18:45:00,late
2916,4002,37782,2026-05-29 12:59:00,late
2917,4002,37784,2026-05-28 19:30:00,late
2918,4003,37794,2026-03-14 20:02:00,late
2919,4003,37801,2026-04-14 14:08:00,stockout
2920,4006,37835,2026-05-29 07:21:00,other
2921,4009,37849,2026-04-13 09:29:00,late
2922,4012,37870,2026-02-11 16:23:00,stockout
2923,4012,37873,2026-02-20 11:32:00,late
2924,4012,37874,2026-02-27 13:40:00,stockout
2925,4012,37886,2026-04-11 10:57:00,late
2926,4012,37888,2026-04-19 08:25:00,stockout
2927,4012,37899,2026-05-27 20:24:00,late
2928,4012,37900,2026-05-25 15:42:00,late
2929,4012,37901,2026-06-11 21:16:00,late
2930,4012,37905,2026-06-25 09:01:00,late
2931,4015,37923,2026-04-13 22:48:00,stockout
2932,4015,37930,2026-06-05 10:05:00,stockout
2933,4018,37948,2026-02-09 09:06:00,stockout
2934,4019,37963,2026-05-11 16:59:00,late
2935,4020,37968,2026-04-30 23:13:00,other
2936,4020,37972,2026-07-02 09:53:00,late
2937,4023,38017,2026-03-10 18:43:00,late
2938,4025,38031,2026-04-09 14:38:00,late
2939,4026,38036,2026-02-19 18:39:00,stockout
2940,4029,38047,2026-01-29 20:17:00,late
2941,4029,38049,2026-02-02 08:08:00,other
2942,4038,38086,2026-06-06 16:38:00,stockout
2943,4038,38090,2026-06-22 19:47:00,late
2944,4041,38113,2026-07-02 08:18:00,other
2945,4042,38117,2026-04-19 11:10:00,stockout
2946,4042,38123,2026-04-20 10:48:00,other
2947,4043,38154,2026-04-25 12:41:00,stockout
2948,4043,38155,2026-04-21 08:39:00,stockout
2949,4043,38167,2026-05-21 20:16:00,late
2950,4043,38169,2026-05-20 08:42:00,other
2951,4043,38170,2026-05-29 09:27:00,late
2952,4043,38171,2026-06-05 22:04:00,stockout
2953,4043,38178,2026-06-20 17:13:00,late
2954,4049,38230,2026-03-09 18:20:00,stockout
2955,4050,38231,2026-02-04 22:59:00,other
2956,4050,38232,2026-02-05 11:23:00,late
2957,4051,38243,2026-01-14 20:18:00,late
2958,4053,38254,2026-04-29 06:05:00,other
2959,4054,38264,2026-02-16 14:40:00,stockout
2960,4057,38283,2026-03-02 19:47:00,late
2961,4057,38284,2026-03-05 19:02:00,late
2962,4057,38287,2026-03-15 06:30:00,stockout
2963,4058,38317,2026-06-24 12:41:00,stockout
2964,4060,38321,2026-02-19 11:59:00,late
2965,4060,38323,2026-02-19 14:40:00,late
2966,4061,38341,2026-04-08 11:39:00,other
2967,4063,38346,2026-03-25 22:49:00,stockout
2968,4064,38352,2026-04-05 19:56:00,other
2969,4064,38373,2026-06-10 12:18:00,other
2970,4067,38402,2026-02-12 16:29:00,late
2971,4067,38415,2026-04-30 07:17:00,stockout
2972,4067,38423,2026-06-19 11:29:00,stockout
2973,4067,38424,2026-06-18 07:50:00,other
2974,4068,38434,2026-06-11 18:23:00,late
2975,4069,38438,2026-04-06 10:16:00,other
2976,4073,38475,2026-03-10 20:23:00,stockout
2977,4073,38483,2026-03-26 11:02:00,stockout
2978,4073,38485,2026-03-23 17:00:00,other
2979,4073,38493,2026-03-31 17:34:00,late
2980,4073,38517,2026-05-06 22:15:00,other
2981,4075,38577,2026-03-26 03:24:00,other
2982,4076,38597,2026-04-07 20:15:00,late
2983,4084,38630,2026-04-25 19:09:00,late
2984,4089,38670,2026-04-28 19:41:00,late
2985,4089,38678,2026-06-04 19:47:00,late
2986,4090,38687,2026-06-27 20:38:00,stockout
2987,4091,38689,2026-03-26 08:01:00,late
2988,4091,38693,2026-04-05 20:08:00,stockout
2989,4091,38700,2026-04-10 06:04:00,stockout
2990,4096,38726,2026-03-13 19:24:00,stockout
2991,4100,38741,2026-01-26 08:49:00,other
2992,4100,38764,2026-04-02 16:27:00,late
2993,4102,38773,2026-04-30 13:01:00,late
2994,4102,38777,2026-05-20 12:25:00,late
2995,4103,38785,2026-03-05 13:45:00,other
2996,4104,38795,2026-03-14 21:22:00,stockout
2997,4104,38796,2026-03-09 14:47:00,late
2998,4104,38797,2026-04-09 08:09:00,late
2999,4106,38806,2026-04-24 18:04:00,late
3000,4110,38823,2026-05-12 01:01:00,other
3001,4112,38838,2026-03-11 16:46:00,stockout
3002,4116,38858,2026-03-06 17:39:00,late
3003,4117,38859,2026-03-10 22:46:00,stockout
3004,4118,38873,2026-06-27 08:12:00,late
3005,4120,38881,2026-01-18 06:24:00,stockout
3006,4125,38899,2026-04-09 19:51:00,other
3007,4128,38914,2026-03-29 09:18:00,late
3008,4128,38923,2026-04-22 16:23:00,stockout
3009,4128,38932,2026-05-29 07:10:00,late
3010,4129,38954,2026-05-20 21:29:00,stockout
3011,4130,38965,2026-06-09 17:05:00,stockout
3012,4133,38974,2026-06-11 16:24:00,late
3013,4134,38976,2026-05-12 12:38:00,stockout
3014,4137,38981,2026-02-06 13:40:00,stockout
3015,4139,38986,2026-04-26 03:36:00,stockout
3016,4145,39041,2026-05-20 08:02:00,late
3017,4145,39046,2026-05-19 08:00:00,other
3018,4146,39061,2026-02-25 17:35:00,late
3019,4146,39072,2026-04-01 06:15:00,stockout
3020,4147,39083,2026-02-14 18:25:00,stockout
3021,4148,39092,2026-04-25 18:08:00,late
3022,4153,39124,2026-04-21 18:44:00,late
3023,4153,39131,2026-05-08 13:23:00,late
3024,4153,39147,2026-06-07 14:18:00,stockout
3025,4157,39170,2026-05-30 19:34:00,late
3026,4161,39205,2026-03-30 18:15:00,stockout
3027,4165,39255,2026-03-19 18:54:00,late
3028,4165,39260,2026-05-20 20:53:00,other
3029,4168,39277,2026-05-16 16:26:00,stockout
3030,4168,39279,2026-05-22 17:49:00,other
3031,4168,39282,2026-05-29 13:34:00,late
3032,4170,39305,2026-03-22 16:21:00,late
3033,4170,39306,2026-03-24 20:46:00,late
3034,4171,39313,2026-02-26 19:59:00,late
3035,4173,39316,2026-01-25 13:57:00,other
3036,4179,39331,2026-01-25 06:00:00,other
3037,4179,39333,2026-01-23 12:55:00,late
3038,4185,39374,2026-05-21 15:40:00,other
3039,4186,39375,2026-04-20 20:35:00,stockout
3040,4188,39386,2026-05-06 14:30:00,late
3041,4189,39398,2026-03-06 18:40:00,late
3042,4190,39399,2026-04-15 15:35:00,late
3043,4191,39408,2026-02-08 14:18:00,late
3044,4193,39422,2026-03-18 05:09:00,late
3045,4193,39423,2026-04-04 23:04:00,stockout
3046,4193,39430,2026-05-15 12:49:00,late
3047,4195,39451,2026-02-18 03:51:00,stockout
3048,4197,39453,2026-01-20 11:36:00,late
3049,4198,39463,2026-03-01 07:54:00,stockout
3050,4199,39478,2026-06-17 13:00:00,other
3051,4203,39483,2026-01-20 21:08:00,late
3052,4204,39488,2026-06-07 15:18:00,late
3053,4204,39489,2026-06-09 09:04:00,stockout
3054,4205,39492,2026-04-01 08:16:00,stockout
3055,4206,39512,2026-03-04 17:04:00,other
3056,4206,39524,2026-04-10 20:55:00,stockout
3057,4210,39590,2026-01-18 22:01:00,late
3058,4210,39593,2026-02-19 21:18:00,stockout
3059,4210,39599,2026-06-17 20:35:00,late
3060,4210,39600,2026-06-28 16:28:00,other
3061,4212,39605,2026-01-06 14:37:00,late
3062,4214,39612,2026-04-01 11:05:00,late
3063,4214,39618,2026-04-07 20:31:00,stockout
3064,4214,39619,2026-04-08 10:30:00,stockout
3065,4214,39624,2026-04-25 20:04:00,late
3066,4216,39627,2026-03-19 19:21:00,other
3067,4217,39633,2026-05-15 19:44:00,late
3068,4220,39646,2026-05-19 19:55:00,late
3069,4223,39656,2026-05-15 15:22:00,other
3070,4229,39681,2026-02-02 09:40:00,stockout
3071,4229,39687,2026-02-26 13:52:00,stockout
3072,4231,39697,2026-06-04 18:35:00,late
3073,4238,39757,2026-04-07 21:29:00,other
3074,4238,39769,2026-05-11 21:48:00,late
3075,4240,39778,2026-05-15 22:35:00,late
3076,4241,39796,2026-01-26 17:12:00,stockout
3077,4241,39798,2026-02-07 13:22:00,stockout
3078,4243,39809,2026-05-14 06:29:00,other
3079,4244,39811,2026-04-30 17:00:00,late
3080,4244,39817,2026-05-09 08:11:00,stockout
3081,4244,39818,2026-05-06 09:06:00,late
3082,4244,39831,2026-06-17 18:14:00,stockout
3083,4245,39832,2026-05-03 09:40:00,stockout
3084,4249,39845,2026-05-10 19:21:00,other
3085,4249,39851,2026-05-18 08:52:00,late
3086,4249,39853,2026-06-07 12:18:00,stockout
3087,4249,39865,2026-06-26 19:32:00,late
3088,4254,39938,2026-02-21 19:12:00,late
3089,4257,39953,2026-03-23 19:48:00,other
3090,4258,39957,2026-04-25 19:28:00,late
3091,4260,39975,2026-01-08 14:37:00,late
3092,4261,39979,2026-02-09 18:15:00,late
3093,4261,39980,2026-02-15 07:47:00,late
3094,4261,39988,2026-04-13 19:04:00,stockout
3095,4264,39998,2026-03-15 19:51:00,late
3096,4265,40000,2026-01-15 18:18:00,late
3097,4270,40026,2026-06-06 18:31:00,late
3098,4270,40028,2026-06-07 19:01:00,late
3099,4270,40032,2026-06-11 12:15:00,late
3100,4270,40033,2026-06-12 22:24:00,stockout
3101,4273,40056,2026-03-31 11:44:00,late
3102,4274,40069,2026-05-30 01:03:00,late
3103,4275,40084,2026-04-22 17:07:00,stockout
3104,4276,40116,2026-02-22 09:18:00,late
3105,4280,40159,2026-05-21 19:25:00,late
3106,4280,40166,2026-06-08 02:06:00,stockout
3107,4282,40207,2026-04-10 18:10:00,stockout
3108,4282,40217,2026-05-22 18:09:00,late
3109,4283,40229,2026-03-22 20:06:00,late
3110,4287,40246,2026-03-31 22:40:00,stockout
3111,4288,40249,2026-03-01 14:48:00,late
3112,4288,40251,2026-03-31 17:30:00,stockout
3113,4288,40257,2026-05-16 18:51:00,late
3114,4293,40283,2026-05-30 12:02:00,other
3115,4293,40289,2026-06-22 14:12:00,stockout
3116,4296,40295,2026-05-11 18:35:00,late
3117,4296,40302,2026-06-08 18:00:00,late
3118,4301,40338,2026-04-19 20:58:00,late
3119,4302,40339,2026-05-11 18:51:00,late
3120,4302,40352,2026-06-20 15:31:00,stockout
3121,4302,40355,2026-06-23 05:38:00,late
3122,4302,40359,2026-06-23 19:07:00,late
3123,4303,40381,2026-05-10 19:16:00,late
3124,4303,40391,2026-05-30 06:27:00,stockout
3125,4303,40400,2026-06-23 19:53:00,other
3126,4307,40426,2026-02-04 16:08:00,other
3127,4308,40436,2026-02-15 05:18:00,stockout
3128,4308,40438,2026-02-26 06:25:00,late
3129,4310,40446,2026-04-16 20:59:00,late
3130,4311,40456,2026-04-02 14:24:00,late
3131,4312,40464,2026-02-24 21:19:00,late
3132,4313,40477,2026-01-12 14:33:00,stockout
3133,4314,40492,2026-02-23 10:51:00,other
3134,4316,40543,2026-02-13 19:12:00,late
3135,4316,40550,2026-06-22 18:21:00,late
3136,4317,40552,2026-05-18 19:56:00,late
3137,4317,40558,2026-06-02 17:12:00,other
3138,4317,40560,2026-06-09 18:50:00,late
3139,4321,40570,2026-05-05 20:35:00,late
3140,4321,40583,2026-06-20 10:26:00,late
3141,4321,40590,2026-06-28 17:28:00,late
3142,4323,40600,2026-02-28 17:28:00,other
3143,4324,40618,2026-03-28 20:18:00,other
3144,4324,40635,2026-04-23 17:45:00,other
3145,4324,40656,2026-06-24 18:03:00,stockout
3146,4326,40668,2026-03-26 18:41:00,late
3147,4329,40684,2026-04-10 18:52:00,late
3148,4334,40700,2026-05-21 10:44:00,late
3149,4336,40716,2026-02-25 19:49:00,late
3150,4336,40721,2026-04-25 09:01:00,other
3151,4336,40725,2026-05-27 16:33:00,other
3152,4338,40740,2026-04-12 01:07:00,other
3153,4338,40749,2026-05-13 14:25:00,late
3154,4339,40757,2026-03-04 09:28:00,other
3155,4339,40763,2026-03-09 22:30:00,late
3156,4339,40768,2026-04-04 11:29:00,stockout
3157,4339,40770,2026-04-08 05:11:00,late
3158,4346,40817,2026-04-12 01:41:00,late
3159,4347,40849,2026-03-21 14:39:00,stockout
3160,4347,40853,2026-03-18 10:05:00,late
3161,4347,40866,2026-05-09 19:56:00,stockout
3162,4348,40902,2026-06-30 20:46:00,late
3163,4349,40906,2026-03-03 09:02:00,late
3164,4352,40968,2026-03-10 09:36:00,other
3165,4352,40985,2026-05-01 20:29:00,late
3166,4353,41004,2026-06-04 15:02:00,other
3167,4354,41006,2026-05-21 17:51:00,late
3168,4355,41016,2026-01-19 09:19:00,late
3169,4356,41019,2026-04-06 18:36:00,late
3170,4356,41026,2026-06-20 20:54:00,late
3171,4364,41079,2026-05-02 18:06:00,other
3172,4366,41107,2026-04-23 14:55:00,other
3173,4366,41108,2026-04-26 11:04:00,late
3174,4367,41117,2026-03-13 12:40:00,stockout
3175,4369,41151,2026-03-27 19:50:00,other
3176,4369,41157,2026-04-16 18:21:00,stockout
3177,4369,41197,2026-06-08 20:26:00,other
3178,4377,41238,2026-04-16 19:39:00,stockout
3179,4377,41250,2026-06-11 19:41:00,late
3180,4378,41254,2026-04-28 18:42:00,late
3181,4379,41269,2026-06-26 18:34:00,late
3182,4381,41278,2026-05-21 21:11:00,stockout
3183,4387,41326,2026-06-19 18:02:00,late
3184,4390,41334,2026-01-21 19:26:00,late
3185,4391,41342,2026-02-14 20:51:00,late
3186,4391,41343,2026-03-13 08:14:00,other
3187,4392,41346,2026-05-03 13:38:00,stockout
3188,4396,41368,2026-04-24 09:59:00,other
3189,4399,41371,2026-04-10 21:35:00,stockout
3190,4399,41372,2026-05-05 09:47:00,other
3191,4399,41375,2026-06-28 20:56:00,late
3192,4401,41394,2026-05-23 17:33:00,stockout
3193,4401,41400,2026-06-01 20:37:00,stockout
3194,4401,41406,2026-06-22 15:30:00,stockout
3195,4402,41414,2026-03-24 12:34:00,other
3196,4402,41431,2026-06-06 21:53:00,other
3197,4405,41471,2026-05-22 19:56:00,stockout
3198,4405,41472,2026-05-23 06:55:00,late
3199,4406,41477,2026-05-22 12:51:00,late
3200,4408,41493,2026-05-19 08:27:00,late
3201,4408,41496,2026-06-13 10:16:00,other
3202,4410,41517,2026-04-24 19:43:00,other
3203,4410,41519,2026-04-20 21:48:00,other
3204,4410,41521,2026-05-09 19:00:00,late
3205,4410,41529,2026-05-20 15:23:00,late
3206,4413,41567,2026-03-11 11:05:00,stockout
3207,4413,41570,2026-03-18 06:44:00,stockout
3208,4415,41580,2026-02-17 02:56:00,late
3209,4418,41591,2026-04-07 14:20:00,other
3210,4418,41599,2026-04-30 14:24:00,late
3211,4418,41606,2026-05-26 07:49:00,other
3212,4418,41607,2026-06-06 19:23:00,stockout
3213,4423,41636,2026-05-23 07:19:00,late
3214,4423,41644,2026-06-17 11:05:00,late
3215,4423,41645,2026-06-16 13:31:00,stockout
3216,4424,41662,2026-02-17 09:56:00,late
3217,4429,41728,2026-04-30 10:54:00,stockout
3218,4431,41756,2026-03-09 21:47:00,late
3219,4432,41761,2026-03-19 16:22:00,other
3220,4432,41769,2026-04-24 18:52:00,late
3221,4432,41770,2026-04-22 18:13:00,late
3222,4432,41775,2026-05-15 17:27:00,stockout
3223,4435,41802,2026-03-19 19:33:00,late
3224,4442,41862,2026-04-05 18:09:00,late
3225,4442,41864,2026-04-03 21:59:00,late
3226,4442,41870,2026-05-01 19:01:00,late
3227,4442,41874,2026-05-15 13:14:00,late
3228,4443,41885,2026-04-22 07:06:00,late
3229,4447,41903,2026-06-15 15:48:00,late
3230,4448,41911,2026-03-01 12:30:00,late
3231,4448,41916,2026-03-15 17:38:00,other
3232,4448,41919,2026-03-20 18:54:00,late
3233,4448,41920,2026-03-28 20:21:00,late
3234,4449,41931,2026-02-14 15:47:00,late
3235,4450,41936,2026-03-29 14:57:00,late
3236,4450,41946,2026-06-16 15:05:00,late
3237,4452,41954,2026-03-04 07:53:00,late
3238,4454,41961,2026-01-30 09:35:00,late
3239,4454,41968,2026-03-02 19:25:00,late
3240,4461,42004,2026-02-08 07:27:00,stockout
3241,4466,42058,2026-03-02 18:04:00,other
3242,4467,42069,2026-01-16 20:39:00,other
3243,4469,42081,2026-03-21 17:57:00,late
3244,4471,42116,2026-04-07 23:19:00,other
3245,4471,42122,2026-05-30 14:36:00,stockout
3246,4472,42128,2026-04-26 18:40:00,late
3247,4472,42134,2026-05-14 20:14:00,late
3248,4472,42135,2026-05-31 08:34:00,late
3249,4474,42147,2026-05-06 18:04:00,late
3250,4474,42165,2026-06-25 15:04:00,stockout
3251,4475,42174,2026-05-30 10:56:00,stockout
3252,4476,42198,2026-03-30 18:42:00,other
3253,4478,42230,2026-02-04 08:15:00,other
3254,4478,42235,2026-03-06 17:47:00,stockout
3255,4478,42249,2026-05-24 17:07:00,other
3256,4478,42254,2026-06-10 16:32:00,stockout
3257,4481,42271,2026-02-15 20:38:00,stockout
3258,4481,42276,2026-04-04 22:54:00,other
3259,4481,42280,2026-05-11 17:57:00,late
3260,4481,42282,2026-05-31 19:18:00,late
3261,4485,42319,2026-04-24 11:05:00,other
3262,4487,42338,2026-03-09 19:22:00,stockout
3263,4489,42345,2026-06-10 14:50:00,late
3264,4490,42360,2026-05-25 07:22:00,stockout
3265,4491,42381,2026-05-25 08:59:00,late
3266,4494,42393,2026-05-04 20:07:00,other
3267,4502,42434,2026-06-14 19:31:00,late
3268,4502,42437,2026-06-18 08:01:00,stockout
3269,4503,42452,2026-05-06 18:46:00,other
3270,4503,42455,2026-05-14 18:29:00,other
3271,4504,42499,2026-06-04 21:07:00,late
3272,4506,42507,2026-03-24 16:34:00,late
3273,4511,42547,2026-05-26 13:36:00,stockout
3274,4512,42557,2026-04-08 12:53:00,other
3275,4512,42565,2026-05-13 05:54:00,late
3276,4512,42567,2026-05-17 05:20:00,other
3277,4514,42577,2026-05-15 19:15:00,stockout
3278,4516,42586,2026-05-01 20:08:00,late
3279,4520,42608,2026-05-20 16:19:00,other
3280,4521,42637,2026-06-15 12:41:00,late
3281,4522,42641,2026-04-13 18:36:00,stockout
3282,4522,42647,2026-05-14 12:11:00,stockout
3283,4522,42651,2026-06-06 10:57:00,late
3284,4522,42655,2026-06-20 19:14:00,late
3285,4526,42675,2026-04-22 19:58:00,late
3286,4526,42679,2026-05-03 22:07:00,late
3287,4528,42697,2026-04-21 18:40:00,stockout
3288,4538,42725,2026-03-06 20:52:00,stockout
3289,4543,42754,2026-05-26 15:56:00,other
3290,4546,42772,2026-03-30 09:58:00,late
3291,4546,42775,2026-05-03 10:44:00,stockout
3292,4546,42778,2026-05-24 21:21:00,late
3293,4546,42779,2026-05-24 09:36:00,stockout
3294,4546,42780,2026-06-09 10:34:00,late
3295,4548,42791,2026-04-04 17:33:00,late
3296,4548,42797,2026-04-12 07:57:00,stockout
3297,4548,42803,2026-04-23 07:23:00,late
3298,4548,42814,2026-05-17 19:00:00,late
3299,4552,42862,2026-03-29 07:06:00,late
3300,4552,42864,2026-04-06 16:25:00,stockout
3301,4552,42870,2026-04-22 19:59:00,late
3302,4553,42889,2026-03-13 22:14:00,late
3303,4553,42902,2026-05-02 19:07:00,late
3304,4553,42903,2026-05-05 18:25:00,late
3305,4553,42909,2026-05-24 17:47:00,other
3306,4553,42911,2026-06-05 16:07:00,late
3307,4553,42912,2026-06-14 19:58:00,late
3308,4561,42935,2026-03-16 13:09:00,other
3309,4561,42942,2026-04-07 15:40:00,other
3310,4563,42954,2026-04-26 19:33:00,late
3311,4564,42959,2026-02-28 16:11:00,stockout
3312,4564,42975,2026-06-19 21:03:00,other
3313,4565,42980,2026-03-12 07:40:00,stockout
3314,4568,43017,2026-05-02 21:45:00,late
3315,4569,43041,2026-05-02 15:40:00,stockout
3316,4571,43050,2026-02-20 16:12:00,stockout
3317,4573,43060,2026-02-09 17:49:00,other
3318,4574,43077,2026-02-22 19:58:00,stockout
3319,4574,43079,2026-02-26 20:12:00,late
3320,4574,43086,2026-03-17 18:14:00,late
3321,4575,43092,2026-04-24 07:40:00,late
3322,4575,43112,2026-07-01 19:22:00,stockout
3323,4576,43116,2026-06-16 18:09:00,late
3324,4580,43121,2026-04-03 17:49:00,late
3325,4580,43129,2026-04-14 15:40:00,stockout
3326,4580,43131,2026-04-19 19:02:00,late
3327,4580,43145,2026-05-21 18:24:00,late
3328,4580,43147,2026-05-21 19:02:00,late
3329,4580,43161,2026-07-02 08:52:00,late
3330,4582,43178,2026-06-03 08:43:00,other
3331,4589,43230,2026-02-03 17:14:00,late
3332,4590,43235,2026-05-28 09:32:00,stockout
3333,4591,43247,2026-02-23 00:26:00,stockout
3334,4591,43248,2026-02-24 03:03:00,late
3335,4591,43256,2026-03-17 15:35:00,other
3336,4593,43296,2026-03-30 15:18:00,stockout
3337,4595,43314,2026-03-05 16:32:00,other
3338,4595,43315,2026-04-13 18:37:00,late
3339,4595,43321,2026-06-06 17:48:00,stockout
3340,4598,43324,2026-01-10 18:36:00,other
3341,4598,43335,2026-02-01 15:09:00,late
3342,4598,43342,2026-02-21 17:28:00,other
3343,4598,43343,2026-02-16 20:49:00,late
3344,4598,43360,2026-04-08 15:52:00,stockout
3345,4598,43369,2026-04-23 11:08:00,other
3346,4598,43384,2026-05-29 16:17:00,other
3347,4599,43405,2026-01-23 18:13:00,late
3348,4599,43408,2026-01-29 21:14:00,other
3349,4600,43419,2026-02-25 20:45:00,stockout
3350,4600,43437,2026-07-05 08:36:00,late
3351,4601,43439,2026-03-30 14:18:00,late
3352,4603,43444,2026-02-08 16:45:00,stockout
3353,4608,43474,2026-05-01 22:56:00,late
3354,4608,43482,2026-05-27 16:43:00,other
3355,4610,43495,2026-04-11 20:42:00,late
3356,4610,43505,2026-05-23 16:30:00,late
3357,4610,43506,2026-05-23 20:54:00,late
3358,4611,43513,2026-05-03 18:53:00,late
3359,4612,43543,2026-06-01 03:55:00,late
3360,4614,43560,2026-03-08 07:40:00,stockout
3361,4614,43570,2026-03-28 17:22:00,other
3362,4614,43582,2026-05-04 19:49:00,late
3363,4614,43585,2026-05-14 10:21:00,stockout
3364,4615,43602,2026-02-18 18:09:00,other
3365,4615,43618,2026-03-25 13:17:00,late
3366,4615,43620,2026-03-24 08:14:00,late
3367,4616,43625,2026-03-19 19:24:00,late
3368,4620,43638,2026-03-14 23:55:00,stockout
3369,4620,43654,2026-05-31 19:41:00,late
3370,4620,43658,2026-06-07 18:25:00,other
3371,4620,43659,2026-06-08 23:39:00,late
3372,4627,43696,2026-04-02 18:16:00,late
3373,4631,43759,2026-04-21 08:54:00,other
3374,4631,43766,2026-05-21 09:50:00,late
3375,4634,43789,2026-05-31 22:20:00,other
3376,4637,43810,2026-06-25 17:48:00,late
3377,4639,43823,2026-04-20 21:57:00,other
3378,4640,43834,2026-03-20 14:40:00,stockout
3379,4644,43858,2026-04-28 18:46:00,late
3380,4644,43859,2026-06-01 19:32:00,stockout
3381,4645,43864,2026-04-22 20:27:00,other
3382,4649,43892,2026-01-29 10:32:00,other
3383,4649,43893,2026-01-28 20:19:00,late
3384,4649,43928,2026-05-23 16:05:00,stockout
3385,4655,43963,2026-02-26 17:56:00,stockout
3386,4655,43977,2026-04-01 11:07:00,late
3387,4655,43987,2026-05-06 21:20:00,stockout
3388,4655,43988,2026-05-13 07:24:00,late
3389,4655,43997,2026-06-21 07:14:00,late
3390,4655,44002,2026-06-29 23:27:00,other
3391,4656,44005,2026-01-18 09:30:00,stockout
3392,4665,44066,2026-05-08 19:01:00,other
3393,4672,44100,2026-02-17 18:47:00,other
3394,4673,44120,2026-05-18 11:58:00,late
3395,4673,44127,2026-06-12 19:05:00,other
3396,4673,44132,2026-07-03 18:38:00,late
3397,4675,44135,2026-03-27 13:43:00,stockout
3398,4679,44165,2026-01-31 18:57:00,stockout
3399,4679,44174,2026-03-26 20:01:00,late
3400,4680,44180,2026-05-21 20:04:00,late
3401,4681,44185,2026-03-17 17:12:00,late
3402,4683,44192,2026-01-20 22:24:00,late
3403,4683,44194,2026-01-19 17:52:00,other
3404,4683,44211,2026-04-02 15:14:00,late
3405,4683,44220,2026-04-13 20:49:00,late
3406,4683,44229,2026-05-14 06:58:00,other
3407,4686,44272,2026-03-13 18:34:00,late
3408,4688,44284,2026-04-30 13:48:00,late
3409,4689,44287,2026-01-06 23:12:00,late
3410,4689,44293,2026-01-05 19:23:00,late
3411,4697,44345,2026-06-10 07:26:00,other
3412,4698,44347,2026-05-16 16:15:00,other
3413,4700,44353,2026-04-27 21:42:00,late
3414,4701,44358,2026-05-28 09:20:00,stockout
3415,4703,44374,2026-05-09 15:46:00,other
3416,4705,44380,2026-05-15 16:59:00,other
3417,4706,44390,2026-04-24 21:42:00,other
3418,4714,44422,2026-03-24 05:23:00,late
3419,4715,44452,2026-05-19 03:37:00,stockout
3420,4715,44460,2026-06-28 07:16:00,other
3421,4719,44476,2026-03-26 07:36:00,late
3422,4719,44477,2026-03-30 07:26:00,other
3423,4719,44501,2026-06-07 20:06:00,late
3424,4720,44511,2026-02-13 06:58:00,other
3425,4720,44525,2026-03-17 12:28:00,late
3426,4720,44542,2026-05-04 19:31:00,other
3427,4721,44546,2026-05-18 20:45:00,other
3428,4721,44552,2026-06-18 06:08:00,other
3429,4722,44562,2026-01-16 19:51:00,stockout
3430,4724,44595,2026-04-16 14:59:00,stockout
3431,4730,44639,2026-01-11 18:03:00,other
3432,4731,44657,2026-02-15 07:50:00,stockout
3433,4731,44672,2026-06-11 09:12:00,stockout
3434,4733,44679,2026-04-30 17:07:00,stockout
3435,4733,44688,2026-05-31 12:16:00,other
3436,4736,44710,2026-04-04 14:55:00,other
3437,4737,44723,2026-04-29 21:46:00,other
3438,4738,44737,2026-05-04 21:26:00,other
3439,4746,44783,2026-05-10 05:56:00,stockout
3440,4750,44803,2026-03-12 19:55:00,stockout
3441,4750,44823,2026-04-04 20:12:00,late
3442,4750,44846,2026-05-01 16:57:00,other
3443,4755,44895,2026-03-11 20:25:00,other
3444,4755,44928,2026-06-05 22:34:00,late
3445,4758,44952,2026-02-01 18:36:00,late
3446,4760,44963,2026-05-14 19:25:00,other
3447,4762,44967,2026-04-21 16:12:00,late
3448,4763,44993,2026-05-26 09:08:00,other
3449,4763,45000,2026-06-21 21:58:00,late
3450,4772,45064,2026-03-06 10:46:00,late
3451,4773,45068,2026-03-14 19:13:00,stockout
3452,4774,45076,2026-04-20 15:34:00,other
3453,4777,45087,2026-02-23 23:09:00,other
3454,4778,45105,2026-06-06 18:12:00,late
3455,4780,45120,2026-04-12 18:22:00,late
3456,4781,45132,2026-03-01 09:09:00,late
3457,4781,45139,2026-03-27 07:26:00,stockout
3458,4781,45141,2026-03-25 17:48:00,late
3459,4781,45148,2026-05-14 19:44:00,late
3460,4782,45150,2026-02-20 21:47:00,stockout
3461,4782,45153,2026-03-15 21:57:00,late
3462,4782,45154,2026-03-20 06:55:00,stockout
3463,4782,45165,2026-05-25 19:44:00,stockout
3464,4782,45168,2026-06-30 20:34:00,late
3465,4783,45170,2026-03-28 04:15:00,other
3466,4784,45177,2026-02-04 03:51:00,late
3467,4787,45198,2026-04-13 22:55:00,late
3468,4787,45204,2026-05-21 18:37:00,late
3469,4790,45211,2026-03-25 15:18:00,other
3470,4805,45263,2026-06-10 19:00:00,late
3471,4807,45283,2026-03-03 20:47:00,stockout
3472,4807,45290,2026-04-17 22:06:00,other
3473,4809,45310,2026-03-03 16:45:00,late
3474,4809,45311,2026-03-06 17:47:00,late
3475,4809,45312,2026-03-05 21:39:00,late
3476,4809,45314,2026-03-18 04:53:00,other
3477,4809,45315,2026-03-18 08:55:00,late
3478,4809,45323,2026-03-31 20:37:00,stockout
3479,4810,45329,2026-03-08 14:26:00,other
3480,4812,45357,2026-03-20 12:00:00,other
3481,4812,45358,2026-03-21 10:28:00,other
3482,4813,45393,2026-05-11 16:12:00,stockout
3483,4817,45435,2026-06-11 14:44:00,other
3484,4818,45442,2026-04-12 18:57:00,late
3485,4821,45452,2026-06-25 12:00:00,stockout
3486,4822,45462,2026-04-08 21:46:00,late
3487,4824,45477,2026-03-10 20:01:00,late
3488,4824,45496,2026-04-01 23:34:00,stockout
3489,4824,45502,2026-04-12 14:21:00,other
3490,4824,45542,2026-05-18 15:21:00,other
3491,4824,45543,2026-05-31 20:02:00,late
3492,4824,45567,2026-06-26 13:18:00,stockout
3493,4824,45576,2026-07-01 21:29:00,other
3494,4826,45590,2026-04-17 19:56:00,late
3495,4826,45591,2026-04-18 05:22:00,late
3496,4829,45599,2026-06-11 07:46:00,late
3497,4833,45612,2026-02-10 07:01:00,late
3498,4833,45619,2026-02-23 19:35:00,late
3499,4833,45624,2026-03-14 18:07:00,late
3500,4833,45634,2026-04-12 14:49:00,stockout
3501,4833,45636,2026-04-15 18:59:00,late
3502,4833,45638,2026-04-16 12:16:00,late
3503,4833,45662,2026-05-30 12:12:00,late
3504,4833,45667,2026-06-04 12:48:00,other
3505,4833,45669,2026-06-07 12:27:00,other
3506,4833,45680,2026-07-01 21:37:00,late
3507,4840,45706,2026-01-10 21:24:00,late
3508,4841,45728,2026-06-11 09:55:00,late
3509,4848,45772,2026-02-26 19:27:00,late
3510,4848,45775,2026-03-02 18:41:00,stockout
3511,4850,45815,2026-03-17 17:39:00,stockout
3512,4850,45817,2026-04-13 04:03:00,stockout
3513,4850,45818,2026-04-20 17:46:00,late
3514,4851,45828,2026-01-23 14:34:00,other
3515,4852,45831,2026-02-07 06:35:00,stockout
3516,4852,45833,2026-02-23 05:03:00,late
3517,4852,45841,2026-03-31 10:34:00,other
3518,4852,45851,2026-05-23 05:46:00,late
3519,4852,45853,2026-05-26 20:38:00,late
3520,4853,45857,2026-01-27 18:48:00,stockout
3521,4855,45864,2026-02-01 23:59:00,late
3522,4855,45869,2026-02-13 21:50:00,late
3523,4856,45901,2026-06-03 20:46:00,late
3524,4857,45922,2026-05-27 13:09:00,stockout
3525,4858,45965,2026-06-08 11:01:00,other
3526,4860,45983,2026-04-09 20:00:00,stockout
3527,4864,46001,2026-03-27 19:37:00,late
3528,4865,46010,2026-03-31 10:02:00,other
3529,4869,46056,2026-04-23 21:23:00,other
3530,4873,46071,2026-02-04 17:09:00,late
3531,4873,46074,2026-02-10 16:35:00,stockout
3532,4873,46084,2026-05-13 20:45:00,stockout
3533,4873,46086,2026-05-12 11:22:00,other
3534,4875,46092,2026-05-22 19:37:00,late
3535,4877,46106,2026-01-14 19:42:00,other
3536,4878,46113,2026-03-31 12:21:00,stockout
3537,4881,46138,2026-06-07 17:38:00,stockout
3538,4882,46143,2026-05-19 01:07:00,stockout
3539,4883,46148,2026-04-21 14:14:00,stockout
3540,4888,46175,2026-01-29 15:58:00,stockout
3541,4888,46187,2026-03-06 19:47:00,stockout
3542,4890,46208,2026-04-18 06:35:00,stockout
3543,4890,46213,2026-05-08 09:07:00,stockout
3544,4891,46227,2026-02-25 11:15:00,other
3545,4892,46250,2026-05-23 13:07:00,stockout
3546,4895,46264,2026-04-11 22:33:00,stockout
3547,4899,46274,2026-01-29 14:07:00,other
3548,4900,46280,2026-06-15 15:55:00,stockout
3549,4904,46293,2026-06-23 09:10:00,late
3550,4905,46299,2026-02-26 08:00:00,other
3551,4905,46301,2026-02-25 22:53:00,late
3552,4906,46329,2026-05-16 17:41:00,late
3553,4906,46336,2026-06-15 18:57:00,late
3554,4906,46338,2026-06-28 18:13:00,other
3555,4910,46347,2026-06-10 16:22:00,stockout
3556,4911,46351,2026-03-24 21:18:00,stockout
3557,4913,46368,2026-04-26 10:30:00,late
3558,4913,46369,2026-04-23 13:23:00,stockout
3559,4916,46390,2026-04-15 13:04:00,stockout
3560,4917,46399,2026-03-20 08:18:00,late
3561,4918,46407,2026-05-11 08:08:00,other
3562,4923,46473,2026-06-19 19:25:00,late
3563,4930,46499,2026-03-02 20:16:00,late
3564,4931,46501,2026-04-05 19:16:00,stockout
3565,4932,46516,2026-05-06 08:14:00,late
3566,4940,46528,2026-03-11 12:35:00,stockout
3567,4940,46531,2026-03-24 19:29:00,late
3568,4940,46535,2026-04-22 20:58:00,late
3569,4940,46544,2026-06-10 18:44:00,late
3570,4940,46545,2026-06-10 15:03:00,late
3571,4941,46549,2026-05-03 12:56:00,stockout
3572,4943,46564,2026-03-17 21:53:00,late
3573,4943,46570,2026-04-17 23:05:00,late
3574,4946,46587,2026-01-27 14:48:00,late
3575,4956,46676,2026-02-20 21:39:00,late
3576,4961,46710,2026-02-10 17:55:00,other
3577,4962,46733,2026-04-13 15:01:00,stockout
3578,4963,46750,2026-05-19 18:37:00,late
3579,4969,46808,2026-04-24 09:17:00,other
3580,4970,46815,2026-06-15 20:07:00,other
3581,4973,46830,2026-04-13 17:20:00,stockout
3582,4975,46832,2026-05-18 08:35:00,stockout
3583,4976,46845,2026-05-16 10:25:00,stockout
3584,4977,46849,2026-02-16 20:41:00,late
3585,4978,46862,2026-05-21 20:00:00,late
3586,4978,46864,2026-06-04 08:05:00,stockout
3587,4978,46869,2026-07-02 18:54:00,late
3588,4980,46872,2026-04-24 16:16:00,late
3589,4983,46932,2026-03-25 19:07:00,late
3590,4983,46953,2026-05-30 18:58:00,other
3591,4983,46957,2026-06-01 12:17:00,other
3592,4983,46958,2026-06-10 21:32:00,other
3593,4986,46993,2026-01-17 20:21:00,other
3594,4986,47009,2026-02-24 12:38:00,late
3595,4986,47029,2026-05-04 13:04:00,stockout
3596,4986,47035,2026-05-26 07:10:00,stockout
3597,4987,47055,2026-01-30 02:29:00,other
3598,4987,47056,2026-02-05 19:12:00,late
3599,4988,47063,2026-03-10 11:09:00,late
3600,4992,47079,2026-03-15 13:30:00,stockout
3601,4993,47081,2026-04-23 19:34:00,other
3602,4995,47084,2026-01-25 15:48:00,other
3603,4997,47087,2026-04-30 09:56:00,other
3604,4997,47105,2026-06-15 17:41:00,stockout
3605,5002,47135,2026-06-14 11:32:00,late
3606,5004,47142,2026-01-26 18:27:00,late
3607,5004,47146,2026-02-22 17:29:00,late
3608,5005,47156,2026-05-08 08:09:00,other
3609,5006,47166,2026-03-29 08:42:00,other
3610,5006,47170,2026-03-30 14:28:00,late
3611,5006,47177,2026-04-09 12:06:00,other
3612,5006,47179,2026-04-16 21:27:00,late
3613,5006,47189,2026-05-09 20:10:00,late
3614,5006,47207,2026-06-21 02:02:00,stockout
3615,5006,47209,2026-06-17 07:30:00,stockout
3616,5010,47229,2026-03-11 08:37:00,late
3617,5010,47250,2026-04-18 17:55:00,stockout
3618,5010,47264,2026-05-09 12:31:00,other
3619,5010,47270,2026-05-20 13:13:00,stockout
3620,5012,47289,2026-03-19 20:48:00,late
3621,5014,47302,2026-04-06 07:20:00,late
3622,5015,47321,2026-04-07 19:55:00,late
3623,5016,47365,2026-07-05 08:26:00,other
3624,5019,47383,2026-04-02 13:59:00,stockout
3625,5023,47397,2026-05-21 13:39:00,late
3626,5029,47420,2026-02-21 20:34:00,late
3627,5033,47440,2026-06-12 18:59:00,late
3628,5033,47444,2026-06-12 09:17:00,stockout
3629,5033,47446,2026-06-25 08:27:00,other
3630,5036,47466,2026-01-18 14:14:00,stockout
3631,5036,47470,2026-01-28 16:33:00,late
3632,5036,47471,2026-01-30 18:43:00,late
3633,5037,47489,2026-06-12 19:01:00,late
3634,5038,47490,2026-03-28 13:53:00,late
3635,5049,47520,2026-01-05 18:11:00,late
3636,5049,47540,2026-02-11 20:18:00,late
3637,5049,47547,2026-02-19 08:15:00,stockout
3638,5049,47550,2026-02-16 09:47:00,late
3639,5049,47557,2026-02-26 11:27:00,stockout
3640,5049,47559,2026-03-06 17:40:00,late
3641,5049,47566,2026-03-10 12:19:00,stockout
3642,5049,47567,2026-03-09 19:04:00,late
3643,5049,47571,2026-03-15 16:14:00,late
3644,5049,47573,2026-03-21 09:32:00,stockout
3645,5049,47581,2026-03-29 00:36:00,late
3646,5049,47590,2026-04-11 18:09:00,late
3647,5049,47596,2026-04-18 21:04:00,late
3648,5049,47604,2026-04-22 20:40:00,late
3649,5049,47605,2026-05-01 20:09:00,late
3650,5049,47625,2026-06-09 22:03:00,late
3651,5049,47634,2026-06-23 09:58:00,stockout
3652,5049,47638,2026-07-05 20:56:00,late
3653,5049,47639,2026-07-01 20:15:00,stockout
3654,5049,47641,2026-07-01 08:01:00,late
3655,5053,47660,2026-03-02 10:37:00,stockout
3656,5053,47662,2026-03-08 20:31:00,late
3657,5053,47672,2026-05-29 22:35:00,late
3658,5055,47688,2026-05-16 19:39:00,stockout
3659,5057,47702,2026-01-23 21:05:00,stockout
3660,5060,47713,2026-04-25 18:33:00,stockout
3661,5060,47714,2026-04-22 20:00:00,stockout
3662,5062,47719,2026-02-27 20:35:00,late
3663,5067,47769,2026-04-07 20:33:00,late
3664,5067,47777,2026-05-18 12:33:00,late
3665,5068,47800,2026-05-26 18:23:00,late
3666,5074,47816,2026-03-11 21:08:00,late
3667,5074,47821,2026-03-27 19:33:00,late
3668,5076,47834,2026-05-17 09:23:00,other
3669,5078,47849,2026-03-29 21:30:00,other
3670,5080,47865,2026-03-03 21:07:00,late
3671,5080,47873,2026-03-25 14:55:00,stockout
3672,5081,47876,2026-04-15 18:54:00,late
3673,5081,47878,2026-04-15 07:32:00,stockout
3674,5081,47881,2026-04-18 12:34:00,stockout
3675,5081,47889,2026-04-22 12:15:00,late
3676,5081,47894,2026-05-02 19:58:00,late
3677,5081,47895,2026-05-02 19:03:00,stockout
3678,5083,47922,2026-01-06 13:44:00,late
3679,5085,47937,2026-02-10 14:52:00,stockout
3680,5086,47955,2026-01-26 16:32:00,other
3681,5087,47987,2026-05-30 20:24:00,late
3682,5087,47995,2026-06-07 20:59:00,late
3683,5088,48005,2026-04-12 06:26:00,late
3684,5089,48014,2026-04-19 17:02:00,late
3685,5093,48028,2026-02-12 19:18:00,stockout
3686,5093,48032,2026-02-21 16:31:00,other
3687,5097,48063,2026-03-21 19:37:00,late
3688,5101,48098,2026-06-22 21:39:00,late
3689,5104,48108,2026-02-01 16:01:00,other
3690,5108,48120,2026-04-02 21:17:00,late
3691,5110,48138,2026-05-14 08:09:00,late
3692,5111,48141,2026-06-28 19:24:00,late
3693,5112,48142,2026-01-06 20:13:00,late
3694,5114,48151,2026-03-27 10:29:00,other
3695,5114,48167,2026-05-03 19:13:00,late
3696,5114,48170,2026-05-01 19:04:00,late
3697,5114,48186,2026-05-31 04:30:00,other
3698,5114,48205,2026-07-03 04:42:00,stockout
3699,5118,48221,2026-05-05 15:52:00,other
3700,5119,48227,2026-04-14 16:43:00,late
3701,5120,48242,2026-01-10 15:58:00,late
3702,5125,48267,2026-05-05 15:56:00,other
3703,5127,48302,2026-03-30 15:08:00,stockout
3704,5129,48315,2026-05-24 23:11:00,late
3705,5129,48320,2026-06-02 10:23:00,stockout
3706,5129,48323,2026-06-11 12:33:00,late
3707,5130,48329,2026-03-06 20:07:00,late
3708,5132,48338,2026-05-19 01:50:00,other
3709,5134,48347,2026-05-19 11:11:00,stockout
3710,5134,48357,2026-05-25 18:04:00,late
3711,5134,48374,2026-06-18 11:22:00,late
3712,5135,48387,2026-05-09 12:20:00,late
3713,5137,48398,2026-02-23 17:39:00,other
3714,5144,48450,2026-01-19 19:57:00,stockout
3715,5144,48464,2026-03-18 11:58:00,other
3716,5146,48470,2026-05-17 19:23:00,late
3717,5146,48473,2026-05-11 10:31:00,late
3718,5146,48477,2026-05-20 19:57:00,late
3719,5146,48482,2026-05-27 19:30:00,late
3720,5146,48487,2026-06-04 05:47:00,stockout
3721,5146,48489,2026-06-09 19:31:00,late
3722,5147,48501,2026-06-15 06:01:00,stockout
3723,5148,48517,2026-05-31 16:12:00,stockout
3724,5148,48520,2026-06-07 02:03:00,stockout
3725,5154,48595,2026-06-21 12:21:00,stockout
3726,5155,48599,2026-03-07 03:28:00,late
3727,5157,48611,2026-03-24 07:21:00,other
3728,5157,48615,2026-03-23 18:04:00,stockout
3729,5159,48629,2026-04-02 23:03:00,stockout
3730,5161,48662,2026-06-15 21:56:00,late
3731,5165,48689,2026-05-19 18:38:00,late
3732,5167,48696,2026-04-25 19:31:00,stockout
3733,5173,48711,2026-04-15 18:08:00,late
3734,5181,48768,2026-06-21 18:26:00,late
3735,5185,48781,2026-04-11 07:42:00,late
3736,5185,48785,2026-04-21 18:07:00,late
3737,5189,48806,2026-05-28 19:33:00,stockout
3738,5190,48816,2026-02-11 00:39:00,stockout
3739,5194,48846,2026-03-30 18:31:00,stockout
3740,5195,48852,2026-03-24 12:37:00,stockout
3741,5195,48862,2026-04-25 12:50:00,late
3742,5195,48874,2026-05-31 21:25:00,late
3743,5198,48906,2026-06-10 12:55:00,stockout
3744,5198,48916,2026-07-05 05:55:00,late
3745,5202,48935,2026-02-27 20:41:00,late
3746,5202,48936,2026-02-23 20:32:00,stockout
3747,5203,48947,2026-04-07 18:20:00,late
3748,5206,48964,2026-04-28 09:24:00,other
3749,5206,48970,2026-05-28 19:46:00,late
3750,5207,48974,2026-03-24 23:26:00,stockout
3751,5208,48976,2026-04-17 13:57:00,other
3752,5211,49020,2026-02-22 08:05:00,stockout
3753,5211,49034,2026-03-13 12:16:00,other
3754,5211,49063,2026-05-10 20:52:00,late
3755,5211,49067,2026-05-17 19:20:00,late
3756,5211,49084,2026-06-14 16:10:00,stockout
3757,5211,49088,2026-06-20 22:45:00,other
3758,5213,49101,2026-02-23 10:14:00,late
3759,5219,49141,2026-03-06 16:36:00,other
3760,5219,49155,2026-04-23 18:05:00,late
3761,5220,49201,2026-03-27 18:03:00,other
3762,5222,49241,2026-05-02 20:18:00,late
3763,5223,49251,2026-04-18 00:57:00,other
3764,5223,49257,2026-05-15 19:36:00,late
3765,5228,49288,2026-02-01 14:57:00,stockout
3766,5228,49289,2026-01-26 22:25:00,other
3767,5228,49314,2026-03-29 18:33:00,stockout
3768,5228,49339,2026-05-07 13:26:00,other
3769,5232,49368,2026-04-02 14:22:00,other
3770,5233,49390,2026-06-07 19:00:00,late
3771,5235,49397,2026-02-18 18:05:00,late
3772,5235,49403,2026-02-26 20:48:00,late
3773,5235,49423,2026-04-07 19:42:00,stockout
3774,5235,49440,2026-05-16 21:49:00,late
3775,5236,49451,2026-02-17 17:18:00,stockout
3776,5238,49481,2026-05-13 01:11:00,stockout
3777,5238,49484,2026-06-06 09:45:00,other
3778,5238,49491,2026-06-28 12:17:00,stockout
3779,5239,49497,2026-04-05 14:28:00,other
3780,5245,49530,2026-03-19 10:38:00,stockout
3781,5245,49535,2026-04-19 09:11:00,other
3782,5245,49549,2026-04-27 11:03:00,other
3783,5245,49560,2026-05-20 18:37:00,late
3784,5245,49574,2026-06-20 08:27:00,late
3785,5246,49584,2026-01-30 22:17:00,other
3786,5246,49589,2026-02-24 10:08:00,other
3787,5246,49602,2026-04-23 09:21:00,stockout
3788,5248,49674,2026-05-07 18:44:00,late
3789,5249,49685,2026-06-28 18:54:00,stockout
3790,5253,49717,2026-05-09 18:16:00,late
3791,5256,49736,2026-05-29 15:18:00,stockout
3792,5263,49762,2026-03-28 19:08:00,late
3793,5266,49765,2026-01-26 07:29:00,late
3794,5268,49779,2026-05-29 12:53:00,late
3795,5268,49780,2026-05-28 19:14:00,late
3796,5270,49795,2026-05-06 17:17:00,late
3797,5271,49806,2026-04-07 09:49:00,late
3798,5274,49813,2026-02-13 19:37:00,late
3799,5274,49819,2026-03-09 13:42:00,stockout
3800,5276,49856,2026-05-01 12:38:00,stockout
3801,5276,49857,2026-04-30 21:42:00,late
3802,5276,49858,2026-04-30 20:42:00,late
3803,5276,49862,2026-05-18 10:51:00,late
3804,5276,49871,2026-06-25 11:07:00,late
3805,5276,49876,2026-07-03 11:12:00,late
3806,5278,49878,2026-05-15 20:12:00,late
3807,5279,49880,2026-05-04 21:09:00,other
3808,5280,49892,2026-06-23 22:41:00,other
3809,5282,49901,2026-04-22 08:44:00,other
3810,5289,49940,2026-01-22 16:13:00,late
3811,5292,49947,2026-05-01 08:20:00,stockout
3812,5293,49952,2026-01-12 18:52:00,late
3813,5294,49962,2026-06-27 11:52:00,stockout
3814,5295,49965,2026-05-26 19:14:00,late
3815,5296,49967,2026-04-20 08:57:00,late
3816,5296,49973,2026-05-13 19:11:00,late
3817,5296,49976,2026-05-23 16:48:00,late
3818,5298,49984,2026-01-25 13:32:00,late
3819,5298,49998,2026-02-24 21:53:00,other
3820,5298,50011,2026-03-28 18:03:00,late
3821,5298,50028,2026-05-29 19:10:00,late
3822,5304,50099,2026-02-24 18:07:00,late
3823,5305,50107,2026-03-02 16:47:00,late
3824,5305,50114,2026-05-01 18:12:00,late
3825,5305,50118,2026-05-04 10:28:00,late
3826,5306,50122,2026-04-21 14:42:00,late
3827,5310,50140,2026-02-28 11:49:00,stockout
3828,5311,50158,2026-01-12 22:15:00,other
3829,5316,50183,2026-04-22 19:46:00,late
3830,5317,50184,2026-05-16 22:47:00,late
3831,5317,50185,2026-05-31 14:10:00,late
3832,5318,50192,2026-02-25 05:58:00,other
3833,5318,50210,2026-04-02 09:03:00,stockout
3834,5318,50211,2026-04-09 17:06:00,stockout
3835,5318,50225,2026-04-21 22:11:00,late
3836,5318,50234,2026-05-07 13:36:00,other
3837,5318,50257,2026-06-21 16:49:00,stockout
3838,5318,50260,2026-06-21 17:07:00,other
3839,5318,50271,2026-06-30 20:58:00,late
3840,5321,50273,2026-04-02 10:35:00,late
3841,5322,50278,2026-04-29 23:39:00,late
3842,5322,50286,2026-05-16 18:11:00,late
3843,5322,50291,2026-05-28 10:24:00,stockout
3844,5322,50294,2026-06-06 13:52:00,late
3845,5322,50295,2026-06-05 20:32:00,late
3846,5329,50334,2026-06-29 17:19:00,stockout
3847,5332,50362,2026-05-29 17:06:00,stockout
3848,5332,50371,2026-06-24 10:23:00,other
3849,5333,50380,2026-04-21 20:05:00,other
3850,5333,50392,2026-05-30 10:39:00,other
3851,5333,50393,2026-05-29 19:40:00,late
3852,5335,50419,2026-03-24 20:42:00,late
3853,5335,50427,2026-04-30 20:45:00,late
3854,5337,50439,2026-02-23 18:05:00,late
3855,5337,50442,2026-03-25 08:12:00,late
3856,5337,50444,2026-04-06 20:12:00,late
3857,5340,50462,2026-04-10 10:54:00,late
3858,5342,50477,2026-02-18 20:44:00,late
3859,5342,50488,2026-04-04 18:31:00,late
3860,5344,50509,2026-05-30 16:35:00,stockout
3861,5345,50518,2026-04-23 18:40:00,stockout
3862,5346,50521,2026-06-18 13:59:00,late
3863,5348,50527,2026-04-06 14:14:00,stockout
3864,5350,50537,2026-05-09 11:48:00,late
3865,5350,50561,2026-07-04 16:12:00,late
3866,5351,50577,2026-04-28 09:26:00,late
3867,5353,50588,2026-03-24 16:04:00,late
3868,5356,50600,2026-05-25 07:51:00,late
3869,5357,50602,2026-02-11 13:35:00,stockout
3870,5363,50620,2026-05-29 15:01:00,late
3871,5364,50623,2026-02-14 07:41:00,late
3872,5364,50625,2026-02-16 20:43:00,late
3873,5364,50633,2026-03-06 18:32:00,stockout
3874,5364,50636,2026-03-03 16:58:00,other
3875,5364,50638,2026-03-13 17:54:00,late
3876,5364,50640,2026-03-20 21:40:00,stockout
3877,5364,50642,2026-03-18 14:43:00,late
3878,5367,50655,2026-05-03 07:46:00,late
3879,5367,50664,2026-05-04 16:01:00,stockout
3880,5367,50669,2026-05-21 20:07:00,stockout
3881,5367,50676,2026-06-02 17:02:00,other
3882,5367,50684,2026-06-23 14:30:00,late
3883,5372,50702,2026-03-27 10:12:00,other
3884,5375,50709,2026-05-20 17:00:00,late
3885,5376,50719,2026-02-20 22:00:00,other
3886,5376,50729,2026-06-24 11:48:00,other
3887,5378,50731,2026-02-18 18:01:00,late
3888,5378,50737,2026-04-13 08:09:00,other
3889,5378,50740,2026-05-07 20:36:00,late
3890,5378,50749,2026-06-29 20:26:00,late
3891,5381,50769,2026-04-04 12:32:00,other
3892,5381,50770,2026-04-07 06:54:00,stockout
3893,5381,50772,2026-04-13 21:19:00,stockout
3894,5381,50773,2026-04-26 21:32:00,other
3895,5384,50791,2026-04-15 20:29:00,late
3896,5387,50816,2026-04-16 07:37:00,other
3897,5390,50818,2026-05-09 20:45:00,late
3898,5390,50820,2026-05-09 18:33:00,late
3899,5391,50821,2026-04-05 19:11:00,other
3900,5392,50827,2026-05-13 17:53:00,late
3901,5392,50828,2026-05-16 12:05:00,late
3902,5392,50833,2026-05-20 10:23:00,late
3903,5392,50838,2026-05-23 12:08:00,late
3904,5396,50854,2026-01-26 20:37:00,stockout
3905,5396,50856,2026-01-28 19:10:00,late
3906,5396,50858,2026-02-02 05:05:00,other
3907,5396,50877,2026-04-02 09:49:00,late
3908,5396,50878,2026-04-16 02:48:00,other
3909,5397,50892,2026-05-25 21:31:00,stockout
3910,5397,50901,2026-06-26 09:04:00,stockout
3911,5398,50904,2026-02-06 20:12:00,late
3912,5398,50905,2026-02-02 18:23:00,other
3913,5401,50937,2026-03-26 18:44:00,other
3914,5401,50949,2026-06-29 17:00:00,other
3915,5404,50956,2026-04-10 15:32:00,stockout
3916,5404,50965,2026-05-11 18:58:00,stockout
3917,5404,50975,2026-06-22 19:58:00,late
3918,5406,51014,2026-04-26 20:43:00,late
3919,5406,51017,2026-05-03 08:33:00,stockout
3920,5406,51031,2026-05-25 20:39:00,stockout
3921,5406,51032,2026-05-27 16:13:00,other
3922,5406,51034,2026-05-28 22:25:00,stockout
3923,5406,51037,2026-06-09 06:49:00,late
3924,5406,51039,2026-06-17 09:35:00,other
3925,5406,51040,2026-06-15 22:48:00,stockout
3926,5407,51046,2026-04-08 14:47:00,late
3927,5407,51057,2026-05-03 20:40:00,late
3928,5407,51087,2026-06-30 13:19:00,stockout
3929,5409,51097,2026-06-21 18:28:00,late
3930,5410,51107,2026-05-08 09:45:00,other
3931,5412,51126,2026-02-17 00:01:00,stockout
3932,5414,51133,2026-04-01 16:12:00,stockout
3933,5414,51136,2026-03-31 18:22:00,late
3934,5416,51155,2026-04-20 06:46:00,late
3935,5416,51166,2026-05-14 04:20:00,other
3936,5417,51190,2026-05-24 20:09:00,stockout
3937,5417,51191,2026-05-31 21:53:00,late
3938,5425,51239,2026-02-13 09:01:00,stockout
3939,5425,51245,2026-04-12 21:30:00,other
3940,5429,51264,2026-04-20 13:38:00,other
3941,5439,51311,2026-06-10 15:50:00,other
3942,5441,51321,2026-03-15 10:29:00,late
3943,5442,51328,2026-05-08 19:08:00,late
3944,5444,51346,2026-01-27 08:12:00,other
3945,5444,51351,2026-02-21 21:52:00,late
3946,5444,51352,2026-02-19 18:58:00,late
3947,5453,51406,2026-05-24 18:05:00,late
3948,5454,51414,2026-03-29 00:16:00,late
3949,5458,51457,2026-05-28 13:35:00,other
3950,5458,51460,2026-06-07 20:30:00,late
3951,5460,51482,2026-03-22 20:43:00,late
3952,5465,51519,2026-04-09 05:57:00,late
3953,5466,51524,2026-05-27 19:12:00,late
3954,5468,51541,2026-05-08 18:11:00,other
3955,5468,51543,2026-05-30 06:33:00,late
3956,5469,51565,2026-04-27 21:30:00,other
3957,5469,51574,2026-06-03 19:48:00,other
3958,5469,51575,2026-06-10 08:46:00,stockout
3959,5469,51582,2026-06-24 06:23:00,other
3960,5471,51584,2026-04-13 19:07:00,late
3961,5476,51615,2026-04-23 16:31:00,stockout
3962,5480,51634,2026-01-25 18:33:00,late
3963,5484,51657,2026-02-02 15:57:00,late
3964,5488,51669,2026-01-28 03:02:00,stockout
3965,5489,51671,2026-04-02 15:34:00,stockout
3966,5491,51682,2026-03-12 19:15:00,late
3967,5491,51686,2026-03-18 06:43:00,other
3968,5491,51696,2026-03-23 19:02:00,stockout
3969,5491,51698,2026-04-03 14:52:00,other
3970,5491,51703,2026-04-16 21:26:00,late
3971,5491,51705,2026-04-19 22:25:00,other
3972,5491,51706,2026-04-14 08:01:00,other
3973,5491,51710,2026-04-25 17:06:00,stockout
3974,5491,51714,2026-05-01 06:11:00,other
3975,5491,51715,2026-04-27 21:11:00,late
3976,5491,51723,2026-05-07 11:42:00,stockout
3977,5493,51737,2026-03-09 07:27:00,stockout
3978,5496,51755,2026-01-08 14:53:00,late
3979,5496,51763,2026-02-01 16:21:00,late
3980,5496,51767,2026-02-03 14:12:00,stockout
3981,5500,51800,2026-03-12 21:06:00,other
3982,5504,51835,2026-04-28 16:47:00,stockout
3983,5504,51838,2026-07-02 18:17:00,late
3984,5506,51868,2026-06-13 15:47:00,other
3985,5507,51879,2026-03-17 20:58:00,late
3986,5513,51893,2026-04-26 21:15:00,stockout
3987,5514,51908,2026-02-25 09:59:00,stockout
3988,5515,51916,2026-03-04 17:04:00,late
3989,5518,51930,2026-04-26 23:21:00,stockout
3990,5522,51963,2026-06-29 08:52:00,stockout
3991,5529,51992,2026-02-28 19:04:00,late
3992,5531,52013,2026-05-08 12:46:00,late
3993,5534,52023,2026-01-29 15:53:00,late
3994,5534,52031,2026-02-19 10:46:00,stockout
3995,5534,52036,2026-02-25 23:03:00,other
3996,5534,52037,2026-03-01 17:24:00,late
3997,5536,52077,2026-04-06 08:50:00,other
3998,5536,52087,2026-04-30 08:06:00,late
3999,5537,52115,2026-06-20 18:50:00,late
4000,5539,52126,2026-06-02 21:20:00,late
4001,5541,52134,2026-03-08 17:21:00,late
4002,5543,52148,2026-02-12 10:43:00,late
4003,5543,52161,2026-03-21 22:42:00,late
4004,5543,52164,2026-04-12 08:32:00,stockout
4005,5543,52166,2026-04-06 15:35:00,stockout
4006,5543,52175,2026-05-15 09:28:00,stockout
4007,5543,52176,2026-05-11 17:14:00,late
4008,5543,52178,2026-05-20 15:41:00,stockout
4009,5543,52185,2026-06-06 03:27:00,late
4010,5544,52187,2026-04-22 18:26:00,late
4011,5545,52190,2026-05-30 00:03:00,stockout
4012,5548,52198,2026-03-12 02:36:00,late
4013,5550,52205,2026-03-05 19:18:00,late
4014,5550,52233,2026-07-04 15:54:00,stockout
4015,5551,52244,2026-04-29 14:03:00,late
4016,5551,52261,2026-07-01 19:41:00,late
4017,5553,52272,2026-05-19 10:14:00,other
4018,5555,52293,2026-04-21 19:45:00,late
4019,5555,52298,2026-05-07 13:41:00,stockout
4020,5555,52299,2026-05-08 19:39:00,late
4021,5555,52307,2026-06-10 08:02:00,late
4022,5557,52315,2026-05-04 15:57:00,stockout
4023,5561,52353,2026-05-17 20:18:00,late
4024,5565,52376,2026-05-07 12:36:00,late
4025,5566,52377,2026-04-14 20:54:00,late
4026,5567,52386,2026-06-25 11:24:00,stockout
4027,5568,52394,2026-04-12 20:21:00,late
4028,5568,52395,2026-04-15 12:50:00,late
4029,5568,52403,2026-05-16 05:05:00,other
4030,5568,52410,2026-05-18 12:19:00,stockout
4031,5568,52427,2026-06-26 08:21:00,late
4032,5568,52428,2026-07-03 22:17:00,stockout
4033,5573,52438,2026-02-27 14:55:00,late
4034,5573,52441,2026-02-27 19:05:00,late
4035,5573,52444,2026-03-27 18:37:00,late
4036,5573,52446,2026-03-23 22:52:00,stockout
4037,5576,52459,2026-03-29 15:39:00,stockout
4038,5578,52472,2026-04-15 21:50:00,late
4039,5580,52487,2026-06-09 19:02:00,stockout
4040,5580,52490,2026-06-29 20:09:00,other
4041,5582,52494,2026-03-23 19:26:00,late
4042,5584,52516,2026-03-17 19:00:00,late
4043,5586,52522,2026-04-09 19:34:00,late
4044,5589,52528,2026-04-21 10:44:00,other
4045,5589,52532,2026-05-09 09:58:00,stockout
4046,5592,52546,2026-02-25 18:44:00,late
4047,5592,52572,2026-05-18 13:19:00,stockout
4048,5592,52585,2026-06-11 21:53:00,stockout
4049,5594,52613,2026-01-30 18:37:00,stockout
4050,5594,52617,2026-02-06 08:52:00,late
4051,5595,52618,2026-03-17 08:41:00,late
4052,5601,52669,2026-05-20 18:52:00,other
4053,5602,52676,2026-03-04 11:00:00,other
4054,5602,52677,2026-03-13 19:18:00,late
4055,5602,52690,2026-06-07 19:50:00,late
4056,5603,52692,2026-03-05 04:09:00,late
4057,5604,52693,2026-03-07 13:34:00,other
4058,5606,52699,2026-04-10 12:21:00,stockout
4059,5606,52701,2026-04-17 18:49:00,late
4060,5608,52727,2026-05-04 16:12:00,other
4061,5613,52747,2026-05-28 18:49:00,late
4062,5613,52756,2026-07-01 08:52:00,stockout
4063,5614,52770,2026-05-10 13:43:00,late
4064,5614,52777,2026-06-19 12:13:00,late
4065,5618,52785,2026-05-14 06:22:00,stockout
4066,5618,52791,2026-05-27 11:29:00,other
4067,5620,52812,2026-05-27 20:36:00,late
4068,5621,52836,2026-05-05 20:17:00,late
4069,5622,52838,2026-04-17 18:18:00,late
4070,5622,52848,2026-06-01 13:22:00,late
4071,5624,52854,2026-05-01 06:18:00,other
4072,5624,52859,2026-05-29 09:02:00,other
4073,5633,52925,2026-03-03 07:49:00,late
4074,5633,52939,2026-04-26 20:52:00,other
4075,5633,52940,2026-04-26 09:26:00,other
4076,5635,52966,2026-02-14 22:34:00,other
4077,5635,52967,2026-02-10 18:08:00,late
4078,5639,52982,2026-02-07 14:05:00,stockout
4079,5645,53007,2026-05-12 19:58:00,late
4080,5646,53010,2026-04-14 17:23:00,late
4081,5649,53017,2026-02-21 20:30:00,late
4082,5649,53026,2026-04-12 18:18:00,stockout
4083,5650,53052,2026-05-11 12:20:00,late
4084,5656,53091,2026-02-18 08:59:00,stockout
4085,5661,53124,2026-04-05 19:55:00,stockout
4086,5662,53141,2026-05-22 15:18:00,stockout
4087,5662,53155,2026-06-24 07:44:00,stockout
4088,5662,53158,2026-07-05 11:49:00,late
4089,5662,53162,2026-07-03 11:41:00,other
4090,5664,53176,2026-06-21 20:11:00,late
4091,5665,53180,2026-03-24 09:17:00,late
4092,5666,53187,2026-04-04 20:02:00,stockout
4093,5670,53227,2026-06-02 15:17:00,late
4094,5671,53233,2026-06-26 06:01:00,late
4095,5672,53241,2026-05-10 11:16:00,other
4096,5673,53268,2026-02-19 18:10:00,stockout
4097,5683,53329,2026-05-17 19:35:00,late
4098,5684,53331,2026-02-22 21:33:00,other
4099,5684,53338,2026-03-10 10:45:00,other
4100,5686,53369,2026-05-17 12:08:00,other
4101,5686,53372,2026-05-12 10:56:00,other
4102,5689,53413,2026-02-14 09:36:00,late
4103,5690,53425,2026-04-02 16:01:00,stockout
4104,5692,53446,2026-07-01 18:40:00,other
4105,5693,53448,2026-03-09 22:40:00,late
4106,5693,53451,2026-06-24 17:04:00,late
4107,5697,53467,2026-03-15 21:16:00,late
4108,5697,53471,2026-04-23 14:16:00,late
4109,5698,53476,2026-03-26 12:27:00,late
4110,5698,53478,2026-03-24 17:38:00,late
4111,5708,53526,2026-02-19 19:50:00,other
4112,5708,53532,2026-03-13 08:40:00,stockout
4113,5708,53539,2026-04-30 17:23:00,other
4114,5710,53546,2026-02-01 12:26:00,late
4115,5711,53549,2026-05-04 17:26:00,stockout
4116,5713,53561,2026-06-12 16:28:00,late
4117,5716,53572,2026-03-05 11:17:00,stockout
4118,5718,53586,2026-04-21 13:41:00,other
4119,5718,53603,2026-06-19 17:45:00,other
4120,5718,53610,2026-07-02 20:08:00,stockout
4121,5721,53620,2026-05-28 22:17:00,late
4122,5722,53645,2026-04-25 16:41:00,other
4123,5722,53646,2026-04-30 20:55:00,other
4124,5724,53677,2026-01-22 17:26:00,late
4125,5734,53692,2026-06-13 23:30:00,other
4126,5735,53698,2026-01-13 07:40:00,late
4127,5736,53708,2026-03-11 19:54:00,late
4128,5737,53726,2026-04-26 03:10:00,late
4129,5738,53734,2026-01-22 14:09:00,late
4130,5746,53779,2026-06-12 19:34:00,late
4131,5747,53823,2026-05-16 21:39:00,late
4132,5747,53829,2026-06-06 22:55:00,late
4133,5747,53831,2026-06-14 19:50:00,late
4134,5747,53839,2026-06-30 15:31:00,late
4135,5756,53870,2026-05-27 12:04:00,other
4136,5759,53890,2026-06-04 18:51:00,stockout
4137,5762,53914,2026-02-21 07:13:00,stockout
4138,5763,53917,2026-02-17 17:29:00,late
4139,5763,53919,2026-02-17 14:38:00,other
4140,5763,53920,2026-02-23 15:58:00,late
4141,5765,53932,2026-04-23 21:01:00,other
4142,5765,53934,2026-04-30 10:37:00,stockout
4143,5765,53942,2026-06-16 21:00:00,other
4144,5766,53958,2026-04-14 08:40:00,other
4145,5767,53971,2026-03-26 06:18:00,late
4146,5771,53994,2026-01-24 06:08:00,other
4147,5771,54000,2026-02-13 19:24:00,late
4148,5774,54010,2026-04-15 20:50:00,other
4149,5777,54043,2026-06-06 07:20:00,stockout
4150,5777,54049,2026-06-22 20:00:00,stockout
4151,5781,54070,2026-02-09 19:25:00,late
4152,5781,54074,2026-02-23 14:33:00,late
4153,5781,54083,2026-05-24 08:08:00,late
4154,5783,54100,2026-06-29 17:00:00,stockout
4155,5785,54119,2026-03-06 12:24:00,late
4156,5785,54129,2026-04-03 20:15:00,stockout
4157,5785,54133,2026-04-07 13:47:00,late
4158,5788,54150,2026-02-09 08:27:00,late
4159,5789,54154,2026-05-03 08:30:00,other
4160,5794,54188,2026-05-18 12:57:00,other
4161,5801,54206,2026-02-04 20:58:00,late
4162,5803,54225,2026-06-08 12:47:00,other
4163,5804,54241,2026-03-28 20:44:00,stockout
4164,5805,54244,2026-04-27 10:51:00,other
4165,5806,54254,2026-03-14 21:07:00,stockout
4166,5806,54268,2026-04-01 22:00:00,other
4167,5809,54280,2026-03-07 20:13:00,late
4168,5815,54303,2026-06-05 12:04:00,stockout
4169,5820,54341,2026-05-10 20:25:00,late
4170,5821,54350,2026-04-19 18:57:00,late
4171,5821,54358,2026-05-07 03:35:00,late
4172,5821,54361,2026-05-12 08:58:00,late
4173,5821,54364,2026-05-21 05:25:00,late
4174,5821,54368,2026-06-18 19:09:00,late
4175,5822,54369,2026-01-20 13:46:00,late
4176,5822,54373,2026-02-06 18:49:00,other
4177,5822,54395,2026-03-24 19:04:00,late
4178,5822,54398,2026-03-31 06:11:00,late
4179,5822,54411,2026-04-27 12:03:00,other
4180,5824,54414,2026-03-19 14:29:00,stockout
4181,5826,54441,2026-02-04 19:50:00,late
4182,5826,54464,2026-04-17 06:09:00,stockout
4183,5826,54475,2026-04-30 20:59:00,late
4184,5826,54492,2026-06-03 11:53:00,late
4185,5829,54511,2026-04-27 13:27:00,other
4186,5830,54525,2026-06-07 11:25:00,stockout
4187,5831,54532,2026-03-30 18:55:00,stockout
4188,5831,54543,2026-05-05 10:56:00,late
4189,5835,54596,2026-05-11 17:51:00,other
4190,5835,54600,2026-05-21 15:48:00,other
4191,5836,54606,2026-03-03 09:40:00,late
4192,5839,54629,2026-04-06 22:02:00,late
4193,5844,54677,2026-03-14 11:15:00,stockout
4194,5845,54686,2026-05-11 09:40:00,late
4195,5847,54705,2026-04-30 18:57:00,stockout
4196,5847,54718,2026-06-22 19:10:00,late
4197,5854,54754,2026-05-18 16:38:00,other
4198,5854,54756,2026-05-20 09:09:00,stockout
4199,5855,54765,2026-02-01 17:12:00,stockout
4200,5857,54767,2026-04-04 09:48:00,other
4201,5859,54773,2026-02-18 10:27:00,stockout
4202,5862,54780,2026-04-24 20:33:00,late
4203,5862,54783,2026-05-03 20:21:00,other
4204,5862,54784,2026-04-30 19:30:00,late
4205,5862,54787,2026-05-28 18:44:00,late
4206,5866,54814,2026-04-29 10:10:00,other
4207,5866,54818,2026-05-28 08:33:00,other
4208,5867,54821,2026-05-30 07:09:00,stockout
4209,5869,54829,2026-04-18 18:00:00,late
4210,5869,54844,2026-06-20 17:07:00,stockout
4211,5870,54846,2026-05-01 07:24:00,stockout
4212,5872,54851,2026-02-16 08:16:00,late
4213,5876,54931,2026-03-24 20:51:00,late
4214,5876,54933,2026-03-25 19:08:00,late
4215,5877,54941,2026-04-21 17:17:00,late
4216,5877,54945,2026-04-30 07:42:00,other
4217,5879,54964,2026-05-02 01:52:00,other
4218,5889,55010,2026-05-25 20:28:00,late
4219,5895,55066,2026-06-01 19:53:00,late
4220,5895,55067,2026-06-10 19:13:00,late
4221,5895,55071,2026-06-23 19:17:00,late
4222,5896,55073,2026-04-07 09:02:00,other
4223,5898,55101,2026-04-21 08:00:00,stockout
4224,5900,55133,2026-04-05 17:54:00,late
4225,5900,55134,2026-04-09 02:51:00,late
4226,5900,55146,2026-06-04 19:15:00,late
4227,5900,55148,2026-06-11 22:01:00,late
4228,5900,55149,2026-06-16 17:35:00,stockout
4229,5903,55167,2026-03-19 18:06:00,late
4230,5904,55195,2026-03-24 15:47:00,stockout
4231,5905,55218,2026-04-10 21:09:00,stockout
4232,5905,55222,2026-04-14 17:39:00,late
4233,5905,55225,2026-04-16 13:19:00,late
4234,5905,55235,2026-05-10 12:44:00,stockout
4235,5905,55237,2026-05-11 10:24:00,late
4236,5905,55239,2026-05-23 13:34:00,late
4237,5905,55241,2026-05-29 19:36:00,late
4238,5905,55244,2026-06-04 10:26:00,other
4239,5905,55247,2026-06-03 09:07:00,late
4240,5905,55250,2026-06-11 18:31:00,late
4241,5906,55259,2026-02-24 15:37:00,late
4242,5906,55264,2026-03-26 10:08:00,late
4243,5910,55280,2026-05-23 15:52:00,stockout
4244,5912,55320,2026-06-07 18:47:00,late
4245,5915,55358,2026-03-28 19:15:00,late
4246,5915,55360,2026-03-30 16:19:00,late
4247,5915,55382,2026-05-24 09:16:00,stockout
4248,5915,55387,2026-06-10 20:48:00,late
4249,5916,55391,2026-03-10 18:32:00,stockout
4250,5918,55407,2026-06-12 16:34:00,late
4251,5924,55425,2026-05-10 20:34:00,late
4252,5929,55475,2026-04-06 19:18:00,late
4253,5929,55485,2026-05-22 19:45:00,late
4254,5932,55508,2026-04-03 22:08:00,stockout
4255,5935,55534,2026-04-20 08:46:00,stockout
4256,5935,55548,2026-06-15 18:43:00,late
4257,5936,55550,2026-03-02 18:22:00,late
4258,5936,55570,2026-04-17 11:18:00,stockout
4259,5937,55585,2026-03-02 05:18:00,late
4260,5940,55598,2026-02-26 19:42:00,stockout
4261,5941,55600,2026-05-14 10:41:00,late
4262,5942,55610,2026-06-08 20:17:00,stockout
4263,5946,55643,2026-03-14 15:00:00,late
4264,5949,55664,2026-02-08 17:24:00,late
4265,5952,55685,2026-05-17 07:48:00,stockout
4266,5952,55688,2026-05-20 13:11:00,late
4267,5952,55693,2026-06-26 08:03:00,stockout
4268,5953,55700,2026-05-16 08:14:00,stockout
4269,5956,55732,2026-03-01 20:46:00,late
4270,5956,55743,2026-05-01 19:58:00,other
4271,5960,55759,2026-04-06 18:55:00,other
4272,5962,55765,2026-02-15 13:46:00,stockout
4273,5966,55784,2026-05-02 17:02:00,late
4274,5966,55787,2026-05-05 14:49:00,other
4275,5966,55793,2026-05-13 01:19:00,stockout
4276,5966,55794,2026-05-24 13:44:00,late
4277,5969,55808,2026-01-12 22:23:00,other
4278,5969,55814,2026-01-30 12:57:00,other
4279,5974,55847,2026-04-19 22:06:00,stockout
4280,5981,55877,2026-04-02 07:38:00,other
4281,5983,55909,2026-04-21 20:25:00,late
4282,5985,55962,2026-04-26 18:28:00,late
4283,5990,56034,2026-04-08 18:14:00,late
4284,5991,56037,2026-03-24 19:35:00,late
4285,5991,56040,2026-04-17 20:26:00,late
4286,5992,56041,2026-01-07 21:34:00,late
4287,5992,56049,2026-01-24 03:18:00,stockout
4288,5992,56054,2026-01-27 08:21:00,stockout
4289,5992,56057,2026-02-05 22:31:00,late
4290,5992,56061,2026-02-19 18:50:00,late
4291,5992,56062,2026-02-19 05:02:00,late
4292,5992,56068,2026-03-14 20:33:00,late
4293,5993,56069,2026-03-12 22:41:00,late
4294,5993,56070,2026-03-18 13:17:00,late
4295,5993,56071,2026-03-23 19:16:00,late
4296,5994,56082,2026-03-23 18:41:00,late
4297,5994,56083,2026-03-30 01:52:00,late
4298,5994,56084,2026-04-09 15:32:00,late
4299,5994,56090,2026-05-07 20:02:00,late
4300,5995,56103,2026-04-16 23:58:00,stockout
4301,6000,56137,2026-06-20 20:11:00,late
4302,6002,56148,2026-03-05 19:53:00,late
4303,6002,56151,2026-03-03 07:48:00,late
4304,6003,56183,2026-05-20 10:18:00,other
4305,6003,56197,2026-06-25 20:24:00,late
4306,6005,56207,2026-04-07 07:14:00,other
4307,6005,56213,2026-04-22 04:33:00,other
4308,6006,56270,2026-04-04 19:22:00,late
4309,6006,56273,2026-04-06 19:59:00,late
4310,6006,56287,2026-05-01 22:08:00,late
4311,6009,56332,2026-06-13 20:14:00,late
4312,6009,56334,2026-06-11 18:13:00,stockout
4313,6010,56344,2026-04-13 12:11:00,late
4314,6013,56354,2026-05-06 19:32:00,late
4315,6013,56366,2026-06-10 12:30:00,other
4316,6013,56373,2026-07-04 09:26:00,late
4317,6014,56379,2026-05-07 15:22:00,other
4318,6017,56412,2026-03-01 12:18:00,late
4319,6017,56420,2026-03-30 12:08:00,stockout
4320,6017,56423,2026-04-11 21:16:00,late
4321,6017,56426,2026-04-24 17:13:00,other
4322,6018,56436,2026-01-31 18:38:00,other
4323,6019,56444,2026-03-26 08:55:00,stockout
4324,6019,56445,2026-04-04 19:54:00,late
4325,6021,56455,2026-05-22 11:35:00,late
4326,6021,56458,2026-05-30 03:37:00,late
4327,6021,56462,2026-06-09 18:38:00,other
4328,6022,56469,2026-04-07 18:18:00,late
4329,6023,56474,2026-05-24 13:36:00,late
4330,6023,56475,2026-05-25 10:49:00,other
4331,6023,56479,2026-07-05 12:07:00,stockout
4332,6024,56480,2026-04-02 10:22:00,late
4333,6024,56484,2026-04-21 12:57:00,late
4334,6024,56491,2026-06-06 18:48:00,late
4335,6026,56498,2026-02-23 18:07:00,late
4336,6030,56513,2026-04-20 18:28:00,late
4337,6030,56515,2026-05-05 07:30:00,other
4338,6034,56549,2026-03-23 20:54:00,late
4339,6035,56552,2026-04-22 12:03:00,late
4340,6035,56555,2026-04-25 08:44:00,late
4341,6035,56559,2026-05-14 13:14:00,late
4342,6035,56562,2026-05-31 11:47:00,stockout
4343,6035,56563,2026-06-07 21:16:00,stockout
4344,6035,56564,2026-06-07 11:56:00,late
4345,6035,56568,2026-06-16 10:11:00,late
4346,6037,56575,2026-05-04 22:00:00,other
4347,6038,56584,2026-03-14 13:12:00,stockout
4348,6038,56591,2026-05-01 12:07:00,other
4349,6040,56604,2026-03-20 20:45:00,late
4350,6040,56609,2026-04-04 12:27:00,stockout
4351,6050,56638,2026-02-28 18:39:00,late
4352,6050,56640,2026-03-01 08:17:00,stockout
4353,6050,56679,2026-06-01 21:23:00,late
4354,6052,56696,2026-02-19 20:30:00,late
4355,6056,56742,2026-02-03 08:50:00,stockout
4356,6056,56782,2026-05-08 20:20:00,stockout
4357,6059,56814,2026-05-20 16:30:00,late
4358,6059,56830,2026-06-16 19:01:00,late
4359,6059,56834,2026-06-18 03:03:00,late
4360,6064,56855,2026-01-23 19:32:00,late
4361,6064,56861,2026-01-28 20:52:00,late
4362,6064,56896,2026-05-22 19:02:00,other
4363,6069,56932,2026-01-19 22:45:00,other
4364,6069,56948,2026-03-03 21:34:00,stockout
4365,6069,56949,2026-03-04 22:15:00,stockout
4366,6069,56962,2026-04-13 09:22:00,stockout
4367,6069,56974,2026-06-03 18:10:00,stockout
4368,6070,56990,2026-02-10 14:53:00,stockout
4369,6070,56992,2026-03-04 11:36:00,stockout
4370,6070,56994,2026-03-10 08:51:00,late
4371,6071,56997,2026-04-07 10:02:00,other
4372,6071,57032,2026-06-22 12:56:00,stockout
4373,6075,57051,2026-02-06 10:25:00,other
4374,6077,57059,2026-02-16 11:10:00,late
4375,6078,57079,2026-03-30 12:11:00,stockout
4376,6078,57081,2026-04-06 13:44:00,other
4377,6079,57123,2026-03-11 20:36:00,stockout
4378,6079,57134,2026-05-20 09:28:00,late
4379,6085,57155,2026-01-14 08:57:00,late
4380,6085,57156,2026-01-17 18:33:00,late
4381,6086,57161,2026-02-05 16:17:00,other
4382,6088,57192,2026-05-03 08:19:00,late
4383,6088,57202,2026-05-15 17:29:00,stockout
4384,6092,57253,2026-04-28 15:08:00,late
4385,6093,57256,2026-01-07 16:39:00,other
4386,6093,57258,2026-01-12 14:19:00,stockout
4387,6093,57259,2026-01-17 04:26:00,stockout
4388,6093,57281,2026-02-25 20:25:00,late
4389,6093,57299,2026-04-20 16:11:00,stockout
4390,6093,57312,2026-05-09 16:16:00,late
4391,6093,57330,2026-06-12 20:19:00,stockout
4392,6093,57335,2026-06-18 09:59:00,late
4393,6093,57338,2026-06-22 18:42:00,late
4394,6094,57350,2026-05-14 18:27:00,late
4395,6094,57353,2026-05-19 12:05:00,late
4396,6096,57369,2026-01-22 16:29:00,other
4397,6096,57371,2026-01-30 11:23:00,stockout
4398,6098,57402,2026-01-13 11:57:00,late
4399,6098,57403,2026-01-18 23:31:00,stockout
4400,6101,57415,2026-01-31 07:44:00,other
4401,6102,57435,2026-05-16 18:36:00,late
4402,6102,57441,2026-05-28 10:05:00,late
4403,6102,57448,2026-07-02 19:28:00,late
4404,6104,57489,2026-05-23 10:47:00,other
4405,6105,57501,2026-02-12 19:20:00,late
4406,6107,57512,2026-02-22 18:58:00,late
4407,6108,57520,2026-04-12 07:27:00,other
4408,6108,57523,2026-04-14 15:16:00,stockout
4409,6111,57532,2026-01-26 20:30:00,late
4410,6111,57548,2026-04-08 19:46:00,late
4411,6112,57580,2026-05-30 14:13:00,stockout
4412,6112,57583,2026-06-20 18:27:00,late
4413,6114,57595,2026-03-27 01:02:00,other
4414,6119,57633,2026-05-23 19:59:00,late
4415,6121,57650,2026-02-28 02:48:00,other
4416,6121,57656,2026-03-19 14:38:00,stockout
4417,6123,57669,2026-05-20 20:50:00,stockout
4418,6123,57670,2026-05-19 12:43:00,late
4419,6123,57678,2026-06-20 08:17:00,late
4420,6123,57679,2026-06-18 10:16:00,other
4421,6126,57693,2026-02-09 08:48:00,stockout
4422,6130,57721,2026-04-14 19:07:00,late
4423,6131,57736,2026-02-26 10:12:00,stockout
4424,6141,57782,2026-01-07 08:50:00,stockout
4425,6141,57797,2026-03-08 20:35:00,late
4426,6146,57877,2026-07-04 20:21:00,late
4427,6151,57893,2026-04-23 20:23:00,late
4428,6151,57894,2026-04-21 20:33:00,late
4429,6153,57905,2026-05-25 18:33:00,stockout
4430,6153,57908,2026-06-04 19:37:00,other
4431,6158,57934,2026-04-04 16:00:00,stockout
4432,6158,57935,2026-04-08 19:52:00,late
4433,6161,57956,2026-05-05 10:05:00,other
4434,6161,57958,2026-05-11 11:09:00,late
4435,6162,57960,2026-01-26 19:32:00,late
4436,6164,57962,2026-03-05 13:06:00,late
4437,6164,57963,2026-03-21 20:05:00,late
4438,6165,57966,2026-05-24 01:10:00,late
4439,6165,57973,2026-06-22 18:08:00,late
4440,6166,57976,2026-05-14 12:27:00,stockout
4441,6167,58004,2026-06-19 17:54:00,other
4442,6169,58022,2026-04-07 20:42:00,stockout
4443,6170,58032,2026-03-31 20:34:00,late
4444,6170,58041,2026-05-24 01:40:00,stockout
4445,6170,58049,2026-06-14 19:19:00,stockout
4446,6174,58092,2026-02-06 12:19:00,late
4447,6175,58105,2026-06-03 20:00:00,late
4448,6175,58108,2026-06-10 13:38:00,late
4449,6175,58115,2026-07-03 19:42:00,late
4450,6175,58117,2026-07-01 08:56:00,late
4451,6175,58121,2026-07-02 20:27:00,stockout
4452,6176,58124,2026-05-07 20:46:00,late
4453,6176,58125,2026-05-11 12:52:00,stockout
4454,6178,58129,2026-03-14 18:40:00,other
4455,6178,58139,2026-03-16 18:47:00,late
4456,6183,58167,2026-02-25 06:25:00,late
4457,6183,58171,2026-03-29 07:41:00,stockout
4458,6183,58183,2026-06-28 20:37:00,late
4459,6185,58202,2026-03-31 21:19:00,late
4460,6185,58209,2026-04-25 15:37:00,stockout
4461,6185,58212,2026-04-23 08:57:00,late
4462,6186,58236,2026-06-27 17:44:00,other
4463,6186,58239,2026-07-02 10:14:00,stockout
4464,6189,58250,2026-01-17 11:48:00,stockout
4465,6190,58263,2026-03-16 22:34:00,other
4466,6191,58280,2026-02-12 21:02:00,other
4467,6192,58292,2026-02-16 14:12:00,other
4468,6194,58342,2026-06-26 16:37:00,other
4469,6197,58367,2026-05-10 20:37:00,late
4470,6197,58371,2026-05-12 22:58:00,stockout
4471,6198,58384,2026-03-28 19:37:00,stockout
4472,6199,58400,2026-03-02 08:09:00,late
4473,6199,58411,2026-04-23 07:11:00,late
4474,6199,58412,2026-05-02 09:15:00,late
4475,6202,58429,2026-03-05 18:03:00,late
4476,6204,58441,2026-02-25 12:29:00,late
4477,6204,58447,2026-03-20 15:48:00,other
4478,6204,58467,2026-05-13 06:33:00,late
4479,6204,58475,2026-06-07 19:50:00,late
4480,6206,58482,2026-06-04 18:16:00,stockout
4481,6208,58500,2026-04-16 09:52:00,other
4482,6210,58529,2026-03-22 05:26:00,other
4483,6213,58547,2026-01-16 06:20:00,late
4484,6215,58563,2026-03-15 18:50:00,other
4485,6219,58624,2026-04-24 17:36:00,other
4486,6220,58641,2026-03-05 20:34:00,other
4487,6220,58642,2026-03-11 09:52:00,other
4488,6221,58673,2026-06-01 14:03:00,stockout
4489,6222,58683,2026-01-26 21:20:00,other
4490,6222,58701,2026-03-29 05:39:00,other
4491,6223,58713,2026-05-25 19:43:00,late
4492,6227,58745,2026-03-15 21:55:00,other
4493,6233,58798,2026-02-13 18:55:00,late
4494,6233,58801,2026-02-28 11:34:00,stockout
4495,6233,58817,2026-06-21 00:00:00,stockout
4496,6243,58886,2026-04-15 18:46:00,stockout
4497,6244,58893,2026-02-01 08:11:00,stockout
4498,6244,58897,2026-02-10 15:49:00,stockout
4499,6244,58906,2026-03-31 21:40:00,other
4500,6244,58912,2026-04-15 19:51:00,other
4501,6245,58929,2026-04-19 09:43:00,stockout
4502,6245,58937,2026-06-20 00:30:00,other
4503,6246,58942,2026-02-18 15:04:00,stockout
4504,6246,58953,2026-04-19 20:50:00,late
4505,6246,58970,2026-06-26 19:02:00,stockout
4506,6249,59001,2026-04-12 18:07:00,late
4507,6249,59016,2026-06-12 13:57:00,late
4508,6253,59027,2026-05-22 19:03:00,stockout
4509,6253,59041,2026-06-17 20:30:00,stockout
4510,6253,59052,2026-07-03 19:08:00,late
4511,6254,59055,2026-02-11 18:08:00,stockout
4512,6259,59087,2026-05-02 13:14:00,other
4513,6261,59102,2026-03-05 17:56:00,late
4514,6262,59113,2026-04-07 16:28:00,other
4515,6262,59136,2026-05-19 21:19:00,other
4516,6262,59145,2026-05-25 20:58:00,late
4517,6264,59183,2026-04-20 10:58:00,stockout
4518,6265,59187,2026-02-26 20:42:00,late
4519,6265,59188,2026-03-01 07:31:00,late
4520,6266,59247,2026-06-11 19:18:00,late
4521,6267,59265,2026-05-14 17:41:00,late
4522,6267,59275,2026-05-28 19:49:00,late
4523,6267,59276,2026-06-01 18:01:00,stockout
4524,6267,59279,2026-06-03 20:40:00,late
4525,6270,59297,2026-05-08 17:03:00,late
4526,6273,59324,2026-04-24 20:41:00,other
4527,6280,59347,2026-04-16 10:24:00,late
4528,6282,59366,2026-05-30 11:35:00,other
4529,6283,59378,2026-05-11 12:01:00,stockout
4530,6283,59389,2026-06-22 08:22:00,stockout
4531,6287,59425,2026-06-01 12:01:00,late
4532,6287,59428,2026-06-08 14:07:00,stockout
4533,6287,59429,2026-06-13 22:18:00,late
4534,6290,59433,2026-01-29 11:22:00,other
4535,6291,59446,2026-03-13 17:03:00,late
4536,6291,59448,2026-03-21 05:01:00,other
4537,6293,59455,2026-03-03 06:43:00,stockout
4538,6295,59461,2026-02-09 18:47:00,late
4539,6295,59463,2026-02-21 17:58:00,stockout
4540,6296,59489,2026-05-26 18:26:00,stockout
4541,6299,59506,2026-02-15 14:56:00,stockout
4542,6299,59512,2026-03-05 20:55:00,late
4543,6299,59524,2026-03-23 16:01:00,stockout
4544,6300,59541,2026-02-15 20:16:00,late
4545,6301,59564,2026-04-22 07:55:00,stockout
4546,6304,59580,2026-05-29 18:01:00,stockout
4547,6305,59590,2026-04-09 10:31:00,stockout
4548,6311,59649,2026-02-02 19:22:00,late
4549,6311,59655,2026-02-24 16:27:00,other
4550,6311,59656,2026-03-14 14:05:00,other
4551,6313,59680,2026-03-27 18:12:00,other
4552,6314,59690,2026-03-16 18:15:00,late
4553,6315,59697,2026-03-23 10:11:00,late
4554,6315,59721,2026-05-14 15:22:00,other
4555,6316,59729,2026-05-26 19:31:00,late
4556,6316,59731,2026-05-25 17:46:00,stockout
4557,6318,59749,2026-04-21 14:51:00,other
4558,6318,59755,2026-05-09 19:05:00,other
4559,6318,59768,2026-06-03 20:09:00,other
4560,6319,59788,2026-02-13 22:48:00,late
4561,6322,59827,2026-03-09 20:12:00,stockout
4562,6322,59841,2026-06-11 19:08:00,late
4563,6325,59847,2026-03-04 07:42:00,other
4564,6325,59855,2026-06-17 08:38:00,late
4565,6327,59861,2026-02-23 07:15:00,late
4566,6328,59872,2026-06-16 16:57:00,stockout
4567,6328,59877,2026-06-29 15:58:00,late
4568,6331,59888,2026-02-04 20:54:00,late
4569,6336,59929,2026-06-04 20:32:00,stockout
4570,6339,59946,2026-06-24 21:54:00,stockout
4571,6339,59947,2026-07-01 19:47:00,stockout
4572,6340,59948,2026-02-21 07:00:00,late
4573,6340,59950,2026-03-14 07:36:00,stockout
4574,6341,59955,2026-06-14 14:13:00,late
4575,6343,59960,2026-02-14 08:58:00,other
4576,6344,59973,2026-05-29 10:55:00,late
4577,6344,59979,2026-06-22 16:13:00,late
4578,6345,59991,2026-03-31 08:57:00,stockout
4579,6345,60000,2026-05-11 19:13:00,late
4580,6347,60004,2026-05-13 18:39:00,stockout
4581,6348,60006,2026-03-29 19:06:00,late
4582,6348,60019,2026-05-21 23:29:00,other
4583,6350,60047,2026-05-09 22:39:00,late
4584,6354,60057,2026-02-17 17:29:00,stockout
4585,6356,60087,2026-03-18 16:05:00,other
4586,6356,60124,2026-06-29 12:10:00,other
4587,6358,60143,2026-04-06 17:58:00,stockout
4588,6364,60170,2026-02-02 19:57:00,stockout
4589,6364,60174,2026-02-02 17:04:00,late
4590,6364,60181,2026-02-20 07:36:00,late
4591,6364,60188,2026-03-02 18:24:00,other
4592,6365,60194,2026-02-22 18:38:00,other
4593,6369,60213,2026-03-19 18:55:00,late
4594,6369,60214,2026-03-24 14:57:00,other
4595,6369,60219,2026-04-07 16:59:00,late
4596,6369,60220,2026-04-13 04:11:00,stockout
4597,6369,60221,2026-04-18 16:44:00,other
4598,6369,60226,2026-05-06 09:44:00,other
4599,6369,60235,2026-05-20 14:13:00,stockout
4600,6369,60244,2026-06-03 17:17:00,other
4601,6372,60270,2026-03-11 09:45:00,late
4602,6372,60273,2026-03-21 08:32:00,stockout
4603,6372,60284,2026-04-15 12:53:00,late
4604,6372,60303,2026-06-21 01:36:00,late
4605,6377,60320,2026-01-29 20:16:00,late
4606,6379,60333,2026-03-02 20:45:00,late
4607,6379,60379,2026-06-30 21:59:00,late
4608,6379,60380,2026-07-01 05:52:00,stockout
4609,6380,60393,2026-05-15 19:32:00,late
4610,6381,60400,2026-04-15 19:30:00,stockout
4611,6384,60412,2026-04-07 12:50:00,other
4612,6385,60419,2026-04-09 17:58:00,late
4613,6385,60420,2026-05-23 15:56:00,late
4614,6394,60456,2026-03-26 21:08:00,late
4615,6396,60461,2026-01-25 20:50:00,late
4616,6398,60471,2026-03-18 19:32:00,other
4617,6399,60472,2026-02-14 02:03:00,stockout
4618,6399,60474,2026-03-07 10:44:00,other
4619,6411,60558,2026-01-30 07:32:00,stockout
4620,6412,60564,2026-03-26 18:35:00,other
4621,6421,60607,2026-02-06 11:28:00,other
4622,6421,60630,2026-03-09 17:50:00,late
4623,6421,60662,2026-06-07 22:14:00,late
4624,6426,60685,2026-01-07 20:26:00,late
4625,6429,60712,2026-03-16 21:56:00,other
4626,6429,60720,2026-04-15 17:21:00,stockout
4627,6429,60728,2026-05-01 19:02:00,stockout
4628,6430,60751,2026-06-15 01:57:00,other
4629,6434,60768,2026-04-14 10:29:00,other
4630,6434,60774,2026-05-01 18:50:00,late
4631,6439,60785,2026-04-27 20:03:00,other
4632,6440,60788,2026-03-07 19:59:00,other
4633,6440,60791,2026-03-25 08:24:00,stockout
4634,6442,60821,2026-04-03 20:01:00,late
4635,6443,60831,2026-06-02 09:10:00,other
4636,6445,60875,2026-06-14 23:54:00,other
4637,6449,60888,2026-04-06 20:18:00,stockout
4638,6449,60889,2026-04-10 18:13:00,stockout
4639,6449,60892,2026-04-06 23:02:00,late
4640,6454,60950,2026-01-19 17:42:00,stockout
4641,6458,60970,2026-03-27 19:49:00,stockout
4642,6458,60972,2026-04-03 10:27:00,late
4643,6462,60985,2026-02-07 18:34:00,late
4644,6464,60991,2026-02-02 05:02:00,late
4645,6467,61033,2026-03-02 00:31:00,late
4646,6467,61040,2026-03-10 17:08:00,late
4647,6467,61050,2026-03-25 17:26:00,stockout
4648,6467,61055,2026-04-08 07:37:00,late
4649,6475,61078,2026-03-23 15:13:00,other
4650,6475,61087,2026-05-20 08:33:00,late
4651,6478,61104,2026-04-23 10:29:00,stockout
4652,6478,61106,2026-05-09 16:46:00,other
4653,6479,61165,2026-05-17 22:06:00,other
4654,6482,61201,2026-03-02 16:46:00,late
4655,6485,61211,2026-02-13 01:14:00,late
4656,6486,61219,2026-02-02 19:09:00,other
4657,6488,61256,2026-04-13 13:26:00,other
4658,6490,61262,2026-05-14 20:41:00,late
4659,6494,61290,2026-06-19 17:19:00,stockout
4660,6496,61298,2026-04-29 04:16:00,other
4661,6502,61346,2026-04-12 19:09:00,stockout
4662,6503,61349,2026-02-27 12:11:00,late
4663,6506,61361,2026-02-24 05:26:00,late
4664,6506,61363,2026-02-26 08:15:00,late
4665,6506,61365,2026-03-06 00:17:00,late
4666,6510,61372,2026-03-26 13:28:00,other
4667,6510,61375,2026-04-19 08:06:00,late
4668,6510,61376,2026-04-17 18:13:00,late
4669,6510,61384,2026-05-23 18:04:00,stockout
4670,6515,61470,2026-02-06 19:53:00,stockout
4671,6515,61474,2026-02-22 19:03:00,late
4672,6516,61484,2026-02-25 10:25:00,other
4673,6516,61496,2026-03-14 19:20:00,other
4674,6516,61497,2026-03-18 11:04:00,late
4675,6516,61504,2026-04-12 18:24:00,late
4676,6516,61507,2026-04-14 18:02:00,late
4677,6516,61524,2026-05-24 11:23:00,late
4678,6523,61573,2026-04-27 20:14:00,other
4679,6523,61585,2026-06-02 20:01:00,other
4680,6527,61604,2026-01-20 20:26:00,late
4681,6527,61608,2026-02-03 11:50:00,other
4682,6527,61609,2026-02-09 18:35:00,stockout
4683,6527,61610,2026-02-20 18:38:00,other
4684,6528,61627,2026-05-25 18:23:00,late
4685,6529,61641,2026-02-19 20:33:00,late
4686,6529,61650,2026-03-24 14:03:00,stockout
4687,6529,61664,2026-05-26 19:29:00,late
4688,6531,61675,2026-03-29 11:52:00,late
4689,6531,61684,2026-05-07 22:24:00,late
4690,6531,61686,2026-05-14 00:22:00,late
4691,6531,61690,2026-06-13 20:08:00,late
4692,6533,61716,2026-02-13 08:59:00,late
4693,6533,61718,2026-02-19 20:23:00,stockout
4694,6533,61720,2026-03-04 20:24:00,late
4695,6533,61721,2026-03-06 20:16:00,other
4696,6533,61730,2026-04-18 14:47:00,late
4697,6534,61755,2026-04-10 10:06:00,other
4698,6534,61763,2026-05-29 19:45:00,late
4699,6535,61798,2026-07-02 18:45:00,late
4700,6536,61825,2026-05-11 19:06:00,late
4701,6536,61829,2026-06-05 08:36:00,other
4702,6537,61841,2026-05-01 20:42:00,late
4703,6542,61856,2026-03-27 08:46:00,late
4704,6547,61881,2026-02-18 18:29:00,late
4705,6547,61883,2026-02-24 04:28:00,stockout
4706,6547,61890,2026-03-07 05:49:00,other
4707,6547,61905,2026-04-20 20:17:00,late
4708,6551,61952,2026-05-01 15:20:00,stockout
4709,6551,61955,2026-05-09 17:14:00,stockout
4710,6552,61965,2026-02-08 18:30:00,late
4711,6554,61981,2026-05-16 06:12:00,late
4712,6558,62002,2026-02-18 19:10:00,late
4713,6561,62040,2026-03-29 21:29:00,other
4714,6563,62070,2026-02-28 18:18:00,late
4715,6565,62080,2026-05-02 20:37:00,late
4716,6565,62084,2026-05-31 19:36:00,late
4717,6568,62108,2026-05-28 06:08:00,other
4718,6569,62122,2026-05-07 13:41:00,late
4719,6570,62129,2026-04-11 04:27:00,other
4720,6570,62133,2026-04-16 20:43:00,late
4721,6570,62140,2026-04-21 13:27:00,stockout
4722,6575,62172,2026-04-26 19:04:00,late
4723,6576,62174,2026-05-23 15:33:00,late
4724,6579,62180,2026-01-30 22:52:00,late
4725,6579,62181,2026-01-26 13:05:00,late
4726,6579,62183,2026-01-30 22:16:00,late
4727,6579,62185,2026-02-07 15:16:00,late
4728,6579,62187,2026-02-07 20:55:00,late
4729,6579,62192,2026-03-09 18:35:00,late
4730,6579,62193,2026-03-11 08:55:00,other
4731,6579,62198,2026-04-08 00:50:00,late
4732,6579,62208,2026-05-13 15:26:00,stockout
4733,6579,62211,2026-05-27 20:38:00,stockout
4734,6579,62214,2026-06-01 10:34:00,late
4735,6584,62232,2026-05-15 07:18:00,stockout
4736,6586,62246,2026-05-03 16:54:00,other
4737,6588,62265,2026-04-27 06:46:00,late
4738,6588,62269,2026-05-11 19:32:00,late
4739,6590,62277,2026-05-13 07:40:00,stockout
4740,6594,62294,2026-03-06 19:15:00,late
4741,6594,62295,2026-03-04 14:24:00,late
4742,6594,62297,2026-03-11 14:29:00,late
4743,6594,62305,2026-04-05 14:32:00,late
4744,6594,62308,2026-04-18 18:01:00,late
4745,6594,62326,2026-05-19 07:18:00,stockout
4746,6594,62328,2026-05-18 21:54:00,stockout
4747,6594,62329,2026-05-19 12:13:00,other
4748,6594,62346,2026-06-25 21:50:00,other
4749,6594,62349,2026-06-24 20:16:00,other
4750,6598,62405,2026-05-14 19:04:00,stockout
4751,6598,62407,2026-05-21 19:18:00,stockout
4752,6599,62417,2026-02-15 23:28:00,other
4753,6600,62448,2026-03-09 14:16:00,other
4754,6600,62449,2026-03-17 09:30:00,other
4755,6600,62459,2026-04-19 07:57:00,stockout
4756,6604,62469,2026-03-16 21:26:00,stockout
4757,6604,62474,2026-04-01 00:21:00,late
4758,6604,62477,2026-04-04 19:20:00,late
4759,6604,62487,2026-05-13 00:00:00,other
4760,6606,62502,2026-03-02 17:03:00,late
4761,6606,62514,2026-04-17 14:06:00,stockout
4762,6606,62522,2026-05-09 20:58:00,late
4763,6606,62523,2026-05-16 10:21:00,late
4764,6609,62539,2026-02-17 17:44:00,stockout
4765,6615,62556,2026-04-19 08:46:00,other
4766,6616,62569,2026-05-11 21:57:00,late
4767,6619,62607,2026-06-12 19:36:00,late
4768,6625,62652,2026-04-30 08:17:00,late
4769,6625,62655,2026-05-09 20:06:00,late
4770,6628,62690,2026-04-04 22:25:00,other
4771,6628,62700,2026-05-06 03:33:00,stockout
4772,6629,62722,2026-06-18 18:37:00,late
4773,6631,62732,2026-03-05 20:08:00,other
4774,6632,62761,2026-05-31 21:42:00,late
4775,6633,62763,2026-05-23 05:07:00,stockout
4776,6636,62788,2026-02-27 23:26:00,other
4777,6636,62795,2026-03-14 10:57:00,other
4778,6636,62813,2026-04-29 20:28:00,stockout
4779,6639,62844,2026-02-24 12:24:00,other
4780,6641,62848,2026-05-15 10:13:00,stockout
4781,6643,62874,2026-02-04 20:03:00,other
4782,6643,62887,2026-02-16 10:47:00,late
4783,6643,62900,2026-03-22 09:14:00,other
4784,6643,62901,2026-03-19 13:11:00,other
4785,6643,62904,2026-03-18 16:16:00,other
4786,6646,62913,2026-02-11 17:11:00,stockout
4787,6647,62921,2026-03-11 18:18:00,stockout
4788,6648,62930,2026-05-20 19:03:00,late
4789,6651,62953,2026-01-25 22:40:00,stockout
4790,6651,62967,2026-02-09 23:00:00,late
4791,6651,62968,2026-02-13 20:50:00,other
4792,6651,62973,2026-02-24 20:58:00,late
4793,6651,62974,2026-02-27 06:43:00,late
4794,6651,62983,2026-03-13 10:08:00,late
4795,6651,62991,2026-04-04 08:25:00,stockout
4796,6652,62997,2026-04-05 13:35:00,late
4797,6654,63023,2026-04-22 19:51:00,late
4798,6656,63055,2026-03-18 08:37:00,other
4799,6657,63067,2026-05-01 00:18:00,late
4800,6658,63093,2026-04-09 07:01:00,late
4801,6658,63099,2026-04-24 12:35:00,late
4802,6658,63101,2026-05-08 20:35:00,late
4803,6658,63108,2026-05-15 19:27:00,late
4804,6658,63122,2026-06-14 08:38:00,late
4805,6658,63127,2026-06-17 11:01:00,late
4806,6661,63128,2026-03-17 11:17:00,stockout
4807,6662,63148,2026-03-09 18:44:00,late
4808,6662,63153,2026-03-19 22:01:00,other
4809,6662,63161,2026-04-09 18:15:00,late
4810,6666,63176,2026-02-11 16:32:00,other
4811,6677,63235,2026-03-18 16:15:00,late
4812,6677,63236,2026-03-25 06:18:00,late
4813,6677,63250,2026-06-07 21:44:00,late
4814,6677,63253,2026-07-05 19:59:00,late
4815,6679,63256,2026-05-29 18:59:00,late
4816,6681,63262,2026-05-13 22:12:00,late
4817,6685,63269,2026-01-13 13:31:00,stockout
4818,6687,63282,2026-04-28 19:15:00,stockout
4819,6689,63291,2026-05-06 03:00:00,other
4820,6691,63303,2026-04-14 16:38:00,other
4821,6693,63320,2026-03-12 11:50:00,late
4822,6696,63340,2026-01-28 06:35:00,stockout
4823,6702,63365,2026-05-24 20:03:00,stockout
4824,6702,63368,2026-06-05 18:01:00,late
4825,6707,63400,2026-05-14 20:39:00,late
4826,6707,63408,2026-05-29 19:56:00,other
4827,6712,63459,2026-03-20 19:10:00,other
4828,6712,63469,2026-04-12 23:37:00,stockout
4829,6712,63474,2026-04-15 20:36:00,late
4830,6714,63476,2026-02-02 10:45:00,other
4831,6715,63481,2026-06-05 15:22:00,other
4832,6715,63486,2026-06-22 19:14:00,late
4833,6717,63489,2026-03-27 04:56:00,late
4834,6718,63493,2026-05-28 21:34:00,late
4835,6718,63494,2026-06-21 17:49:00,late
4836,6722,63512,2026-05-09 11:37:00,late
4837,6723,63514,2026-03-13 08:46:00,other
4838,6724,63536,2026-03-16 03:10:00,other
4839,6725,63576,2026-05-15 17:16:00,late
4840,6725,63578,2026-06-30 20:40:00,other
4841,6727,63588,2026-02-07 22:31:00,late
4842,6728,63609,2026-03-12 10:28:00,late
4843,6728,63619,2026-04-09 11:56:00,late
4844,6729,63621,2026-02-24 20:15:00,stockout
4845,6729,63622,2026-03-07 17:05:00,late
4846,6730,63654,2026-03-26 15:13:00,other
4847,6731,63662,2026-04-19 21:31:00,other
4848,6732,63663,2026-03-06 14:17:00,late
4849,6735,63669,2026-05-26 03:50:00,stockout
4850,6738,63679,2026-06-21 20:50:00,late
4851,6740,63722,2026-04-14 17:36:00,other
4852,6744,63744,2026-04-22 23:47:00,other
4853,6744,63749,2026-05-14 19:39:00,late
4854,6745,63756,2026-05-14 04:55:00,stockout
4855,6746,63770,2026-03-10 02:00:00,stockout
4856,6746,63778,2026-04-14 08:32:00,late
4857,6749,63804,2026-03-04 18:35:00,late
4858,6750,63812,2026-05-08 15:48:00,other
4859,6750,63815,2026-05-08 10:09:00,stockout
4860,6750,63829,2026-06-04 08:46:00,other
4861,6750,63835,2026-06-29 15:12:00,stockout
4862,6753,63846,2026-03-10 21:10:00,late
4863,6757,63860,2026-03-19 22:45:00,stockout
4864,6762,63907,2026-06-22 18:28:00,late
4865,6762,63908,2026-07-04 22:25:00,stockout
4866,6764,63910,2026-02-09 21:32:00,other
4867,6764,63912,2026-02-16 20:12:00,late
4868,6768,63926,2026-05-01 19:20:00,other
4869,6771,63938,2026-04-02 21:56:00,late
4870,6771,63949,2026-06-02 08:37:00,late
4871,6776,63970,2026-06-11 17:46:00,stockout
4872,6777,63975,2026-04-12 10:15:00,stockout
4873,6777,63979,2026-04-20 19:11:00,late
4874,6781,64030,2026-02-25 22:29:00,stockout
4875,6782,64061,2026-03-29 17:19:00,stockout
4876,6782,64065,2026-04-02 12:22:00,stockout
4877,6782,64075,2026-05-08 20:31:00,late
4878,6782,64083,2026-06-05 18:47:00,late
4879,6784,64091,2026-05-22 19:31:00,late
4880,6784,64093,2026-06-05 21:56:00,late
4881,6785,64103,2026-03-14 16:16:00,other
4882,6785,64121,2026-05-17 11:55:00,other
4883,6785,64132,2026-07-03 11:51:00,stockout
4884,6787,64141,2026-04-10 20:01:00,late
4885,6787,64151,2026-05-29 19:21:00,late
4886,6789,64166,2026-06-27 10:51:00,late
4887,6791,64191,2026-06-03 20:23:00,late
4888,6793,64196,2026-05-14 16:37:00,stockout
4889,6793,64203,2026-06-08 19:34:00,late
4890,6794,64210,2026-04-12 08:08:00,stockout
4891,6797,64237,2026-03-24 20:58:00,other
4892,6801,64258,2026-03-30 21:02:00,other
4893,6801,64263,2026-05-06 19:26:00,late
4894,6803,64270,2026-04-11 15:43:00,other
4895,6803,64276,2026-06-18 08:05:00,other
4896,6805,64285,2026-02-13 18:09:00,late
4897,6805,64286,2026-02-17 23:11:00,other
4898,6807,64305,2026-06-01 18:27:00,late
4899,6807,64308,2026-06-21 21:28:00,late
4900,6808,64312,2026-01-20 23:43:00,other
4901,6809,64327,2026-02-09 08:40:00,late
4902,6812,64340,2026-04-12 01:59:00,other
4903,6819,64369,2026-05-16 17:49:00,late
4904,6820,64373,2026-03-01 23:34:00,late
4905,6823,64386,2026-02-13 23:52:00,stockout
4906,6824,64395,2026-05-23 12:41:00,late
4907,6826,64418,2026-06-18 20:36:00,late
4908,6827,64421,2026-03-01 20:54:00,stockout
4909,6829,64429,2026-06-11 19:46:00,late
4910,6831,64430,2026-03-16 19:54:00,late
4911,6833,64438,2026-04-23 20:27:00,late
4912,6834,64444,2026-04-21 18:01:00,stockout
4913,6836,64476,2026-04-07 06:36:00,stockout
4914,6836,64482,2026-04-29 19:06:00,late
4915,6836,64489,2026-06-01 08:38:00,other
4916,6837,64501,2026-02-17 05:06:00,late
4917,6837,64502,2026-02-17 16:59:00,stockout
4918,6839,64504,2026-03-26 10:43:00,other
4919,6840,64516,2026-02-28 18:12:00,late
4920,6842,64547,2026-03-30 18:18:00,late
4921,6844,64560,2026-03-07 16:39:00,stockout
4922,6844,64561,2026-03-05 11:32:00,stockout
4923,6844,64563,2026-03-09 09:27:00,other
4924,6844,64584,2026-05-23 21:26:00,stockout
4925,6844,64596,2026-06-22 13:19:00,late
4926,6845,64599,2026-02-19 09:33:00,stockout
4927,6846,64625,2026-06-05 12:09:00,other
4928,6849,64643,2026-02-26 18:23:00,late
4929,6849,64644,2026-03-06 14:33:00,late
4930,6850,64651,2026-04-27 01:03:00,stockout
4931,6850,64654,2026-05-23 15:44:00,stockout
4932,6853,64676,2026-04-09 20:29:00,late
4933,6854,64690,2026-03-17 07:51:00,late
4934,6855,64708,2026-05-07 21:46:00,stockout
4935,6855,64718,2026-06-16 12:08:00,late
4936,6856,64723,2026-03-16 20:12:00,stockout
4937,6856,64734,2026-06-04 08:54:00,late
4938,6857,64745,2026-04-22 01:24:00,late
4939,6861,64771,2026-02-24 23:57:00,late
4940,6864,64782,2026-02-11 08:27:00,stockout
4941,6866,64812,2026-03-30 09:34:00,other
4942,6868,64853,2026-06-07 07:55:00,late
4943,6868,64857,2026-06-17 10:05:00,late
4944,6868,64860,2026-06-24 09:03:00,other
4945,6868,64861,2026-06-22 06:06:00,late
4946,6875,64887,2026-04-28 08:14:00,stockout
4947,6883,64918,2026-06-16 20:30:00,late
4948,6884,64927,2026-04-19 20:13:00,late
4949,6884,64936,2026-05-31 08:44:00,stockout
4950,6884,64939,2026-06-24 19:49:00,late
4951,6885,64948,2026-04-19 05:39:00,late
4952,6885,64950,2026-04-19 09:26:00,late
4953,6887,64983,2026-07-02 16:52:00,stockout
4954,6889,64989,2026-05-03 14:37:00,other
4955,6890,65015,2026-03-11 19:34:00,late
4956,6897,65068,2026-04-29 16:41:00,late
4957,6901,65081,2026-05-03 08:48:00,late
4958,6901,65082,2026-05-01 20:52:00,stockout
4959,6901,65106,2026-05-22 07:42:00,other
4960,6902,65126,2026-02-05 08:33:00,stockout
4961,6902,65134,2026-05-08 15:17:00,late
4962,6904,65147,2026-03-21 20:46:00,stockout
4963,6906,65180,2026-05-13 15:19:00,stockout
4964,6906,65186,2026-06-26 14:52:00,other
4965,6907,65188,2026-01-25 09:30:00,stockout
4966,6908,65189,2026-05-10 17:30:00,late
4967,6908,65191,2026-05-13 19:05:00,late
4968,6908,65192,2026-05-21 13:06:00,other
4969,6908,65198,2026-06-01 12:48:00,late
4970,6908,65199,2026-06-03 18:59:00,late
4971,6908,65201,2026-06-04 08:07:00,late
4972,6908,65206,2026-06-19 10:37:00,late
4973,6912,65217,2026-04-21 09:51:00,late
4974,6913,65242,2026-02-19 19:57:00,stockout
4975,6913,65249,2026-03-15 20:52:00,late
4976,6914,65252,2026-04-17 03:47:00,late
4977,6915,65255,2026-03-10 21:54:00,stockout
4978,6923,65319,2026-05-15 09:27:00,late
4979,6923,65320,2026-05-16 19:38:00,late
4980,6925,65330,2026-03-07 19:31:00,late
4981,6926,65335,2026-02-13 20:47:00,late
4982,6928,65343,2026-05-13 17:06:00,other
4983,6933,65365,2026-03-24 18:39:00,late
4984,6933,65368,2026-04-08 21:26:00,stockout
4985,6933,65375,2026-04-24 01:10:00,late
4986,6933,65387,2026-05-10 20:42:00,late
4987,6933,65389,2026-05-31 13:52:00,stockout
4988,6933,65394,2026-06-06 05:06:00,late
4989,6933,65399,2026-06-17 22:27:00,late
4990,6938,65424,2026-04-11 18:47:00,stockout
4991,6940,65437,2026-04-10 19:31:00,late
4992,6940,65445,2026-04-30 06:11:00,stockout
4993,6940,65448,2026-05-19 19:44:00,late
4994,6945,65484,2026-04-09 18:15:00,other
4995,6945,65487,2026-05-07 18:38:00,late
4996,6947,65492,2026-05-11 02:17:00,other
4997,6948,65496,2026-02-28 19:33:00,late
4998,6949,65501,2026-01-26 05:29:00,stockout
4999,6950,65512,2026-06-14 19:29:00,late
5000,6950,65515,2026-07-02 17:36:00,stockout
5001,6951,65523,2026-03-15 20:37:00,stockout
5002,6953,65544,2026-05-17 16:57:00,stockout
5003,6956,65554,2026-04-26 14:24:00,other
5004,6959,65567,2026-07-02 22:32:00,late
5005,6965,65585,2026-02-17 03:28:00,late
5006,6966,65596,2026-03-23 18:05:00,stockout
5007,6969,65606,2026-04-17 07:50:00,late
5008,6971,65629,2026-03-12 18:52:00,late
5009,6971,65658,2026-04-15 13:36:00,other
5010,6972,65700,2026-02-25 23:02:00,stockout
5011,6972,65705,2026-03-05 12:46:00,late
5012,6972,65721,2026-04-28 11:50:00,stockout
5013,6972,65733,2026-05-26 08:25:00,other
5014,6973,65734,2026-01-27 05:47:00,stockout
5015,6973,65735,2026-01-27 21:46:00,stockout
5016,6975,65737,2026-02-04 23:48:00,stockout
5017,6976,65771,2026-07-05 08:42:00,late
5018,6977,65777,2026-02-04 19:34:00,stockout
5019,6978,65781,2026-01-26 21:38:00,stockout
5020,6978,65799,2026-04-02 09:20:00,other
5021,6981,65811,2026-03-14 17:23:00,late
5022,6982,65813,2026-01-30 05:56:00,other
5023,6983,65822,2026-01-23 18:33:00,late
5024,6983,65844,2026-05-28 19:24:00,late
5025,6983,65849,2026-06-19 14:40:00,stockout
5026,6984,65873,2026-05-19 15:30:00,stockout
5027,6987,65892,2026-04-09 19:46:00,late
5028,6989,65907,2026-04-02 10:42:00,late
5029,6991,65916,2026-01-29 21:31:00,other
5030,6992,65920,2026-04-22 06:21:00,late
5031,6993,65925,2026-01-15 16:56:00,other
5032,6993,65938,2026-02-17 05:48:00,other
5033,6993,65947,2026-03-09 07:57:00,late
5034,6993,65962,2026-04-30 21:24:00,late
5035,6993,65972,2026-05-26 17:30:00,other
5036,6997,65993,2026-04-29 10:36:00,other
5037,6998,66003,2026-01-26 15:48:00,late
5038,6999,66042,2026-06-05 03:41:00,other
5039,6999,66060,2026-07-04 19:46:00,late
5040,7000,66064,2026-06-04 18:46:00,late
5041,7002,66086,2026-06-16 10:56:00,late
5042,7003,66108,2026-03-19 09:49:00,stockout
5043,7003,66125,2026-06-06 19:32:00,late
5044,7014,66176,2026-02-04 13:46:00,other
5045,7014,66188,2026-04-23 11:01:00,stockout
5046,7017,66204,2026-05-03 22:45:00,late
5047,7017,66216,2026-06-24 23:42:00,stockout
5048,7018,66218,2026-02-24 08:45:00,stockout
5049,7019,66223,2026-04-11 08:43:00,other
5050,7019,66224,2026-04-08 21:43:00,late
5051,7019,66229,2026-05-16 17:04:00,stockout
5052,7021,66240,2026-05-02 12:13:00,stockout
5053,7023,66257,2026-02-06 18:53:00,stockout
5054,7024,66263,2026-01-21 10:49:00,stockout
5055,7024,66264,2026-01-28 09:26:00,other
5056,7024,66270,2026-02-12 05:13:00,other
5057,7024,66275,2026-03-03 18:05:00,late
5058,7028,66335,2026-03-12 16:57:00,stockout
5059,7028,66336,2026-03-13 20:30:00,stockout
5060,7029,66348,2026-03-29 09:29:00,late
5061,7029,66351,2026-04-19 18:07:00,late
5062,7030,66367,2026-05-13 12:50:00,stockout
5063,7033,66371,2026-04-19 15:09:00,other
5064,7036,66381,2026-03-08 13:59:00,stockout
5065,7036,66389,2026-05-20 17:46:00,late
5066,7038,66397,2026-05-16 22:53:00,late
5067,7039,66401,2026-04-02 19:12:00,late
5068,7044,66437,2026-03-19 01:07:00,late
5069,7044,66449,2026-05-09 21:01:00,late
5070,7044,66453,2026-05-27 08:50:00,late
5071,7045,66460,2026-02-07 15:10:00,late
5072,7045,66465,2026-02-09 19:12:00,late
5073,7045,66474,2026-03-05 12:20:00,late
5074,7045,66477,2026-03-12 18:09:00,late
5075,7045,66481,2026-04-08 11:45:00,late
5076,7045,66495,2026-05-20 12:54:00,other
5077,7045,66497,2026-05-28 16:42:00,late
5078,7045,66499,2026-06-06 20:53:00,late
5079,7048,66524,2026-03-30 19:11:00,late
5080,7050,66550,2026-01-31 19:23:00,late
5081,7057,66585,2026-05-30 10:04:00,other
5082,7057,66599,2026-06-19 17:12:00,other
5083,7057,66600,2026-06-28 09:19:00,stockout
5084,7058,66616,2026-01-19 19:40:00,late
5085,7058,66628,2026-02-28 18:15:00,stockout
5086,7058,66637,2026-03-22 03:07:00,late
5087,7059,66647,2026-07-03 09:21:00,other
5088,7061,66664,2026-06-13 08:37:00,late
5089,7064,66696,2026-04-27 19:56:00,stockout
5090,7068,66714,2026-05-12 19:41:00,late
5091,7068,66716,2026-06-02 19:32:00,stockout
5092,7071,66719,2026-02-09 22:16:00,stockout
5093,7075,66823,2026-04-01 18:28:00,other
5094,7076,66894,2026-03-09 19:13:00,late
5095,7077,66913,2026-06-16 08:49:00,late
5096,7079,66926,2026-01-14 08:24:00,late
5097,7082,66942,2026-04-07 17:34:00,late
5098,7082,66944,2026-04-08 17:01:00,late
5099,7082,66956,2026-05-16 17:49:00,stockout
5100,7082,66966,2026-06-26 19:41:00,late
5101,7083,66974,2026-02-14 22:57:00,other
5102,7083,66979,2026-03-08 21:27:00,other
5103,7084,66998,2026-03-07 02:41:00,stockout
5104,7088,67032,2026-06-17 14:05:00,other
5105,7088,67033,2026-06-21 15:33:00,other
5106,7092,67046,2026-02-27 08:08:00,other
5107,7092,67047,2026-02-23 18:38:00,stockout
5108,7093,67054,2026-04-04 19:52:00,late
5109,7093,67068,2026-05-15 18:55:00,other
5110,7093,67074,2026-05-19 11:58:00,late
5111,7093,67076,2026-05-31 18:09:00,late
5112,7093,67091,2026-06-30 14:20:00,late
5113,7095,67109,2026-04-15 18:42:00,late
5114,7096,67119,2026-02-10 15:14:00,stockout
5115,7100,67139,2026-02-12 20:24:00,late
5116,7100,67142,2026-02-17 20:39:00,stockout
5117,7100,67143,2026-02-28 17:12:00,stockout
5118,7107,67182,2026-02-06 18:26:00,late
5119,7110,67187,2026-02-04 21:51:00,late
5120,7110,67188,2026-02-05 20:39:00,late
5121,7110,67194,2026-02-11 08:59:00,other
5122,7112,67200,2026-04-29 13:48:00,other
5123,7114,67218,2026-04-14 15:40:00,other
5124,7114,67223,2026-05-16 08:48:00,late
5125,7115,67229,2026-06-30 13:36:00,late
5126,7117,67239,2026-03-21 16:52:00,late
5127,7117,67241,2026-04-06 18:59:00,stockout
5128,7118,67249,2026-06-10 17:28:00,other
5129,7119,67255,2026-04-29 16:15:00,late
5130,7121,67285,2026-04-18 19:29:00,late
5131,7121,67293,2026-05-02 03:06:00,stockout
5132,7122,67308,2026-02-02 20:25:00,late
5133,7122,67311,2026-02-25 11:42:00,stockout
5134,7122,67312,2026-02-24 11:27:00,late
5135,7122,67313,2026-02-25 17:19:00,other
5136,7123,67327,2026-01-19 18:12:00,late
5137,7124,67334,2026-05-22 19:14:00,late
5138,7124,67336,2026-05-27 21:28:00,other
5139,7125,67354,2026-04-16 19:08:00,late
5140,7125,67356,2026-04-24 18:01:00,late
5141,7125,67357,2026-04-20 19:15:00,late
5142,7125,67359,2026-04-23 08:02:00,late
5143,7126,67363,2026-05-31 18:27:00,stockout
5144,7128,67366,2026-02-23 18:29:00,late
5145,7128,67367,2026-03-05 08:46:00,stockout
5146,7128,67375,2026-04-07 19:01:00,stockout
5147,7128,67377,2026-04-15 09:22:00,late
5148,7128,67380,2026-04-26 08:18:00,late
5149,7128,67381,2026-04-25 18:59:00,late
5150,7131,67408,2026-06-07 20:58:00,other
5151,7133,67427,2026-02-13 18:26:00,late
5152,7135,67435,2026-02-22 18:49:00,late
5153,7136,67440,2026-04-29 12:43:00,stockout
5154,7142,67462,2026-03-01 08:36:00,stockout
5155,7143,67485,2026-06-07 20:50:00,late
5156,7152,67530,2026-05-08 21:51:00,stockout
5157,7154,67539,2026-03-23 22:47:00,other
5158,7154,67542,2026-04-03 18:08:00,late
5159,7155,67551,2026-05-03 09:59:00,stockout
5160,7157,67558,2026-02-11 20:19:00,late
5161,7157,67561,2026-02-18 07:40:00,stockout
5162,7157,67570,2026-03-12 19:10:00,late
5163,7157,67574,2026-03-19 21:37:00,late
5164,7157,67587,2026-04-18 19:33:00,late
5165,7157,67589,2026-04-30 11:36:00,late
5166,7157,67594,2026-05-17 09:14:00,late
5167,7157,67595,2026-05-20 08:32:00,late
5168,7158,67612,2026-02-12 18:30:00,other
5169,7160,67635,2026-05-23 21:35:00,late
5170,7162,67639,2026-07-04 18:29:00,stockout
5171,7163,67648,2026-05-08 20:16:00,stockout
5172,7166,67660,2026-02-13 16:07:00,other
5173,7166,67661,2026-02-11 18:03:00,late
5174,7167,67663,2026-01-22 16:28:00,stockout
5175,7168,67687,2026-06-18 14:55:00,late
5176,7170,67733,2026-05-11 19:52:00,stockout
5177,7172,67743,2026-03-02 09:51:00,late
5178,7172,67745,2026-03-13 17:22:00,late
5179,7172,67757,2026-03-30 20:20:00,stockout
5180,7175,67769,2026-03-19 21:40:00,stockout
5181,7175,67784,2026-05-23 12:03:00,late
5182,7176,67788,2026-05-26 08:21:00,other
5183,7178,67816,2026-04-03 09:55:00,late
5184,7178,67820,2026-04-10 19:52:00,late
5185,7178,67823,2026-04-25 09:09:00,late
5186,7178,67825,2026-04-29 05:06:00,other
5187,7178,67826,2026-04-27 07:44:00,late
5188,7180,67842,2026-03-04 22:05:00,other
5189,7180,67849,2026-03-20 00:26:00,late
5190,7180,67875,2026-06-24 16:55:00,late
5191,7186,67916,2026-04-20 22:27:00,other
5192,7187,67935,2026-03-26 22:49:00,late
5193,7187,67942,2026-04-16 18:34:00,late
5194,7187,67963,2026-06-29 19:24:00,late
5195,7189,67974,2026-04-13 19:03:00,late
5196,7189,67975,2026-04-29 10:03:00,late
5197,7191,67988,2026-04-21 10:19:00,other
5198,7192,67999,2026-05-19 20:19:00,late
5199,7192,68004,2026-06-02 19:19:00,stockout
5200,7198,68034,2026-03-17 17:47:00,late
5201,7203,68056,2026-06-06 06:10:00,stockout
5202,7203,68062,2026-06-16 10:01:00,late
5203,7204,68069,2026-01-20 17:13:00,late
5204,7207,68080,2026-03-02 22:10:00,stockout
5205,7211,68112,2026-03-30 10:08:00,late
5206,7211,68132,2026-07-02 13:25:00,other
5207,7218,68158,2026-02-08 13:21:00,late
5208,7218,68159,2026-02-11 18:10:00,late
5209,7219,68183,2026-02-28 18:34:00,late
5210,7220,68190,2026-04-28 18:56:00,late
5211,7220,68192,2026-05-02 20:26:00,stockout
5212,7221,68201,2026-05-23 09:24:00,stockout
5213,7221,68207,2026-06-28 13:12:00,other
5214,7222,68214,2026-05-14 17:09:00,other
5215,7222,68217,2026-05-18 18:16:00,other
5216,7225,68230,2026-04-10 16:25:00,stockout
5217,7225,68235,2026-05-03 20:43:00,stockout
5218,7225,68239,2026-05-29 19:35:00,stockout
5219,7235,68302,2026-02-24 18:44:00,late
5220,7235,68311,2026-03-31 08:48:00,stockout
5221,7235,68318,2026-04-08 17:01:00,stockout
5222,7235,68334,2026-06-14 19:04:00,stockout
5223,7236,68342,2026-03-24 11:30:00,stockout
5224,7238,68360,2026-02-20 18:35:00,late
5225,7243,68406,2026-06-09 19:42:00,late
5226,7246,68421,2026-01-28 11:29:00,late
5227,7250,68460,2026-05-06 04:17:00,late
5228,7250,68462,2026-05-13 12:19:00,other
5229,7253,68486,2026-05-19 15:22:00,late
5230,7258,68504,2026-02-05 11:14:00,stockout
5231,7260,68516,2026-04-30 20:09:00,late
5232,7260,68518,2026-05-07 21:22:00,late
5233,7260,68522,2026-05-18 15:20:00,late
5234,7263,68537,2026-02-06 17:30:00,other
5235,7267,68580,2026-04-02 17:30:00,late
5236,7271,68589,2026-04-19 18:22:00,late
5237,7271,68590,2026-04-14 14:58:00,stockout
5238,7271,68600,2026-05-19 11:11:00,late
5239,7272,68607,2026-04-18 14:58:00,late
5240,7272,68617,2026-05-27 06:57:00,stockout
5241,7273,68622,2026-01-06 14:55:00,late
5242,7273,68637,2026-04-05 10:02:00,other
5243,7273,68640,2026-04-18 17:02:00,other
5244,7274,68662,2026-04-09 15:37:00,late
5245,7277,68681,2026-05-08 08:36:00,stockout
5246,7277,68688,2026-06-14 18:08:00,late
5247,7279,68701,2026-03-05 22:43:00,late
5248,7282,68724,2026-02-14 17:32:00,stockout
5249,7283,68745,2026-03-22 20:22:00,late
5250,7285,68785,2026-04-25 20:14:00,other
5251,7288,68798,2026-01-31 08:20:00,stockout
5252,7292,68840,2026-05-08 22:03:00,late
5253,7294,68847,2026-05-31 19:44:00,late
5254,7294,68849,2026-06-09 17:03:00,late
5255,7294,68850,2026-06-08 21:24:00,stockout
5256,7294,68852,2026-06-12 19:09:00,late
5257,7302,68877,2026-05-02 19:25:00,late
5258,7304,68884,2026-02-06 16:03:00,other
5259,7312,68942,2026-01-16 20:07:00,stockout
5260,7312,68945,2026-01-26 07:41:00,late
5261,7312,68956,2026-02-14 21:42:00,stockout
5262,7312,68992,2026-05-02 08:37:00,stockout
5263,7312,69004,2026-06-05 16:29:00,other
5264,7313,69043,2026-03-13 20:02:00,stockout
5265,7313,69044,2026-03-19 14:43:00,stockout
5266,7314,69050,2026-01-27 18:20:00,other
5267,7315,69088,2026-01-26 08:20:00,late
5268,7323,69137,2026-03-07 12:00:00,late
5269,7323,69138,2026-03-11 19:32:00,late
5270,7325,69151,2026-05-01 18:01:00,late
5271,7329,69200,2026-03-13 13:42:00,stockout
5272,7329,69216,2026-04-19 07:20:00,stockout
5273,7329,69226,2026-05-11 19:50:00,other
5274,7331,69258,2026-04-07 18:40:00,stockout
5275,7332,69260,2026-03-18 14:28:00,stockout
5276,7333,69264,2026-01-22 21:36:00,other
5277,7333,69270,2026-02-20 16:14:00,late
5278,7335,69309,2026-05-01 12:11:00,stockout
5279,7335,69314,2026-05-04 09:36:00,late
5280,7336,69318,2026-05-01 19:56:00,late
5281,7336,69319,2026-04-28 21:29:00,late
5282,7336,69322,2026-04-28 22:31:00,late
5283,7337,69360,2026-04-11 14:44:00,stockout
5284,7339,69388,2026-04-12 12:09:00,other
5285,7339,69389,2026-04-15 18:51:00,stockout
5286,7339,69392,2026-04-22 17:46:00,stockout
5287,7339,69404,2026-06-07 10:36:00,stockout
5288,7339,69406,2026-06-09 06:31:00,late
5289,7340,69428,2026-03-23 12:22:00,stockout
5290,7342,69436,2026-04-11 11:34:00,other
5291,7343,69439,2026-05-10 19:45:00,late
5292,7349,69535,2026-03-17 21:28:00,stockout
5293,7349,69542,2026-03-31 19:19:00,stockout
5294,7349,69544,2026-04-04 12:46:00,stockout
5295,7350,69574,2026-02-02 20:40:00,late
5296,7352,69582,2026-05-08 20:19:00,late
5297,7352,69586,2026-05-12 08:11:00,late
5298,7352,69587,2026-05-13 07:41:00,late
5299,7352,69594,2026-05-30 19:55:00,late
5300,7352,69598,2026-06-05 08:26:00,late
5301,7352,69604,2026-06-20 16:54:00,late
5302,7352,69606,2026-06-15 14:52:00,late
5303,7353,69607,2026-05-16 19:58:00,stockout
5304,7353,69614,2026-05-28 11:53:00,other
5305,7354,69635,2026-05-01 17:03:00,late
5306,7355,69659,2026-02-26 17:34:00,other
5307,7359,69722,2026-04-05 20:57:00,late
5308,7359,69723,2026-04-01 18:06:00,late
5309,7360,69750,2026-06-09 04:47:00,stockout
5310,7362,69758,2026-04-10 17:34:00,stockout
5311,7362,69765,2026-05-30 18:05:00,stockout
5312,7364,69801,2026-06-15 20:57:00,late
5313,7371,69830,2026-05-15 20:00:00,late
5314,7376,69864,2026-04-12 17:56:00,stockout
5315,7378,69876,2026-06-22 11:28:00,stockout
5316,7379,69878,2026-04-29 18:18:00,other
5317,7380,69889,2026-03-29 19:40:00,late
5318,7385,69922,2026-05-12 05:27:00,late
5319,7388,69926,2026-03-15 16:35:00,stockout
5320,7396,69978,2026-04-02 11:03:00,other
5321,7396,69984,2026-04-23 05:28:00,stockout
5322,7397,69989,2026-04-04 19:35:00,late
5323,7399,69997,2026-03-31 20:12:00,late
5324,7402,70031,2026-05-13 21:01:00,other
5325,7402,70034,2026-06-03 17:13:00,stockout
5326,7402,70035,2026-06-06 19:30:00,late
5327,7405,70080,2026-06-19 20:26:00,late
5328,7406,70086,2026-02-26 07:40:00,late
5329,7406,70087,2026-02-26 17:16:00,stockout
5330,7409,70101,2026-04-25 08:06:00,late
5331,7410,70153,2026-06-09 07:56:00,other
5332,7411,70177,2026-02-02 09:01:00,stockout
5333,7411,70178,2026-02-14 17:33:00,late
5334,7411,70183,2026-02-27 14:06:00,late
5335,7411,70193,2026-03-09 18:42:00,late
5336,7411,70200,2026-03-26 10:46:00,other
5337,7411,70204,2026-04-04 08:24:00,late
5338,7413,70237,2026-04-20 22:49:00,stockout
5339,7413,70242,2026-05-23 21:06:00,stockout
5340,7416,70261,2026-02-07 20:12:00,late
5341,7426,70303,2026-04-24 23:06:00,stockout
5342,7428,70311,2026-03-12 10:25:00,late
5343,7433,70332,2026-05-12 16:00:00,late
5344,7436,70373,2026-01-26 13:29:00,stockout
5345,7437,70378,2026-05-07 10:56:00,stockout
5346,7438,70384,2026-02-06 12:25:00,other
5347,7439,70416,2026-05-28 15:49:00,late
5348,7441,70419,2026-03-22 22:33:00,late
5349,7441,70427,2026-05-11 06:58:00,other
5350,7441,70434,2026-06-11 03:07:00,late
5351,7441,70435,2026-06-09 16:09:00,stockout
5352,7442,70444,2026-02-07 17:24:00,stockout
5353,7442,70445,2026-02-03 20:56:00,stockout
5354,7446,70492,2026-03-09 21:51:00,stockout
5355,7446,70497,2026-03-31 21:43:00,other
5356,7446,70510,2026-05-12 19:59:00,late
5357,7446,70513,2026-05-22 20:00:00,late
5358,7446,70517,2026-06-03 12:01:00,stockout
5359,7446,70525,2026-06-16 15:32:00,stockout
5360,7446,70528,2026-07-05 19:11:00,other
5361,7450,70597,2026-02-12 09:27:00,stockout
5362,7452,70616,2026-05-28 12:18:00,other
5363,7454,70625,2026-02-05 19:46:00,late
5364,7454,70628,2026-02-13 20:21:00,stockout
5365,7455,70634,2026-05-05 12:24:00,other
5366,7456,70661,2026-05-01 19:19:00,late
5367,7456,70665,2026-05-27 22:26:00,late
5368,7456,70670,2026-06-09 13:00:00,late
5369,7458,70681,2026-05-23 20:10:00,late
5370,7459,70704,2026-06-21 12:45:00,other
5371,7460,70709,2026-04-14 17:49:00,late
5372,7463,70740,2026-05-04 16:08:00,late
5373,7466,70756,2026-05-23 19:54:00,other
5374,7466,70757,2026-05-24 07:35:00,late
5375,7467,70762,2026-03-06 07:17:00,other
5376,7469,70781,2026-04-07 04:24:00,late
5377,7471,70794,2026-04-05 22:04:00,other
5378,7472,70818,2026-05-21 20:47:00,late
5379,7473,70833,2026-03-14 12:30:00,stockout
5380,7474,70842,2026-04-08 18:55:00,late
5381,7478,70884,2026-05-17 10:14:00,other
5382,7481,70899,2026-01-09 14:05:00,late
5383,7481,70905,2026-01-20 22:46:00,late
5384,7481,70906,2026-01-21 08:55:00,late
5385,7481,70908,2026-01-30 09:54:00,late
5386,7483,70919,2026-01-30 22:38:00,late
5387,7483,70930,2026-03-11 14:36:00,other
5388,7484,70934,2026-05-15 05:46:00,other
5389,7489,70955,2026-04-22 14:56:00,stockout
5390,7491,70958,2026-05-18 18:50:00,late
5391,7491,70961,2026-05-27 09:55:00,stockout
5392,7491,70963,2026-06-11 06:57:00,late
5393,7492,70969,2026-01-20 16:27:00,stockout
5394,7492,70979,2026-03-04 09:35:00,late
5395,7492,70987,2026-04-01 18:16:00,stockout
5396,7492,71005,2026-06-05 15:13:00,other
5397,7494,71022,2026-02-04 18:36:00,late
5398,7494,71025,2026-02-28 20:40:00,late
5399,7494,71028,2026-03-06 10:03:00,late
5400,7495,71029,2026-02-26 11:33:00,stockout
5401,7500,71071,2026-03-19 13:12:00,late
5402,7506,71107,2026-04-09 00:22:00,stockout
5403,7508,71110,2026-05-19 20:29:00,stockout
5404,7508,71112,2026-05-18 20:14:00,late
5405,7516,71148,2026-03-09 02:55:00,late
5406,7516,71149,2026-03-09 19:27:00,late
5407,7517,71154,2026-02-12 08:09:00,stockout
5408,7533,71197,2026-02-02 04:15:00,other
5409,7533,71214,2026-05-06 01:01:00,other
5410,7533,71215,2026-05-13 18:47:00,late
5411,7534,71223,2026-04-27 19:52:00,other
5412,7535,71225,2026-04-02 20:22:00,late
5413,7535,71228,2026-04-04 20:13:00,stockout
5414,7538,71261,2026-07-03 19:42:00,stockout
5415,7540,71264,2026-02-14 16:27:00,late
5416,7540,71270,2026-03-11 19:10:00,late
5417,7540,71271,2026-03-12 20:08:00,late
5418,7541,71287,2026-05-29 04:37:00,other
5419,7543,71290,2026-05-27 18:05:00,other
5420,7544,71291,2026-04-18 13:51:00,other
5421,7547,71311,2026-03-23 22:11:00,other
5422,7547,71336,2026-05-16 19:22:00,late
5423,7551,71362,2026-02-05 17:08:00,late
5424,7551,71368,2026-03-04 19:42:00,late
5425,7551,71371,2026-03-06 16:01:00,stockout
5426,7551,71372,2026-03-19 19:02:00,late
5427,7551,71375,2026-04-02 12:07:00,other
5428,7556,71395,2026-03-18 03:45:00,other
5429,7556,71396,2026-03-28 08:36:00,other
5430,7556,71411,2026-05-14 18:37:00,stockout
5431,7556,71413,2026-05-13 15:26:00,other
5432,7556,71418,2026-05-26 10:14:00,late
5433,7564,71476,2026-05-19 13:25:00,stockout
5434,7565,71477,2026-01-07 21:19:00,stockout
5435,7566,71491,2026-05-18 19:50:00,other
5436,7567,71502,2026-05-19 17:11:00,stockout
5437,7567,71506,2026-06-16 08:00:00,other
5438,7569,71515,2026-04-10 20:39:00,late
5439,7569,71519,2026-06-30 09:21:00,stockout
5440,7570,71543,2026-06-10 12:45:00,stockout
5441,7575,71571,2026-02-02 19:20:00,late
5442,7575,71576,2026-02-26 11:21:00,stockout
5443,7575,71581,2026-04-04 12:33:00,late
5444,7575,71582,2026-04-15 10:59:00,stockout
5445,7576,71586,2026-02-15 08:51:00,other
5446,7578,71607,2026-03-27 16:54:00,late
5447,7579,71632,2026-04-14 19:20:00,stockout
5448,7579,71637,2026-04-23 11:55:00,other
5449,7579,71640,2026-04-28 20:12:00,late
5450,7580,71648,2026-06-12 18:10:00,other
5451,7583,71675,2026-05-16 05:01:00,other
5452,7583,71681,2026-05-25 20:16:00,late
5453,7583,71685,2026-06-05 20:00:00,late
5454,7583,71686,2026-06-08 11:50:00,late
5455,7583,71689,2026-06-18 20:20:00,late
5456,7583,71692,2026-06-20 15:31:00,stockout
5457,7586,71732,2026-03-12 15:12:00,stockout
5458,7586,71742,2026-04-18 16:37:00,late
5459,7587,71774,2026-02-22 07:05:00,stockout
5460,7590,71795,2026-02-24 19:36:00,late
5461,7592,71805,2026-02-16 18:17:00,late
5462,7592,71812,2026-03-12 14:08:00,late
5463,7594,71820,2026-01-06 14:54:00,late
5464,7594,71821,2026-01-31 11:49:00,late
5465,7594,71823,2026-03-21 20:01:00,late
5466,7604,71862,2026-05-01 11:17:00,late
5467,7604,71864,2026-05-05 14:21:00,stockout
5468,7604,71871,2026-05-25 15:24:00,other
5469,7606,71882,2026-04-16 20:32:00,late
5470,7606,71883,2026-04-22 11:33:00,stockout
5471,7607,71892,2026-03-19 20:48:00,late
5472,7607,71902,2026-04-24 18:46:00,late
5473,7610,71918,2026-03-03 09:42:00,other
5474,7615,71940,2026-04-03 17:02:00,late
5475,7615,71942,2026-04-04 21:29:00,late
5476,7615,71948,2026-05-02 16:01:00,other
5477,7615,71961,2026-06-19 08:53:00,late
5478,7616,71970,2026-03-23 20:19:00,late
5479,7616,71976,2026-04-17 17:31:00,stockout
5480,7625,72013,2026-06-24 18:05:00,other
5481,7626,72024,2026-06-03 18:21:00,stockout
5482,7627,72025,2026-02-12 18:48:00,late
5483,7630,72033,2026-04-30 20:15:00,other
5484,7631,72046,2026-05-06 20:24:00,late
5485,7636,72089,2026-05-31 18:52:00,stockout
5486,7636,72101,2026-06-29 08:02:00,late
5487,7637,72105,2026-03-11 15:52:00,late
5488,7637,72106,2026-03-21 14:12:00,late
5489,7644,72127,2026-04-09 08:27:00,late
5490,7644,72132,2026-05-25 08:36:00,other
5491,7644,72135,2026-06-29 08:26:00,stockout
5492,7645,72136,2026-05-24 18:33:00,other
5493,7645,72143,2026-06-20 18:32:00,other
5494,7649,72185,2026-04-28 17:46:00,late
5495,7649,72192,2026-05-23 18:46:00,stockout
5496,7652,72226,2026-03-09 00:39:00,stockout
5497,7652,72232,2026-04-04 20:07:00,stockout
5498,7653,72252,2026-06-12 21:05:00,late
5499,7654,72270,2026-06-21 07:03:00,other
5500,7656,72279,2026-05-05 21:29:00,stockout
5501,7657,72288,2026-04-07 21:52:00,late
5502,7657,72289,2026-04-11 09:00:00,late
5503,7658,72298,2026-03-15 19:05:00,other
5504,7659,72313,2026-03-03 15:52:00,late
5505,7659,72314,2026-03-04 14:15:00,late
5506,7660,72325,2026-02-01 08:40:00,other
5507,7660,72330,2026-02-13 10:20:00,late
5508,7661,72350,2026-05-25 14:52:00,stockout
5509,7664,72379,2026-06-03 21:13:00,late
5510,7666,72414,2026-06-04 16:05:00,late
5511,7666,72419,2026-06-12 07:21:00,other
5512,7666,72422,2026-06-25 21:12:00,late
5513,7668,72437,2026-04-16 19:10:00,stockout
5514,7668,72439,2026-04-22 19:47:00,late
5515,7668,72448,2026-05-11 18:45:00,late
5516,7669,72489,2026-01-28 23:50:00,stockout
5517,7669,72491,2026-02-07 13:54:00,stockout
5518,7669,72516,2026-04-12 18:24:00,late
5519,7670,72537,2026-04-14 10:39:00,other
5520,7671,72558,2026-05-22 19:00:00,other
5521,7674,72585,2026-04-13 21:43:00,other
5522,7674,72598,2026-06-04 20:37:00,late
5523,7677,72610,2026-01-24 22:36:00,stockout
5524,7678,72623,2026-05-30 15:04:00,late
5525,7678,72624,2026-05-29 20:43:00,stockout
5526,7679,72627,2026-02-01 20:02:00,late
5527,7679,72631,2026-02-18 08:36:00,late
5528,7679,72633,2026-02-27 08:55:00,stockout
5529,7679,72641,2026-03-13 18:18:00,late
5530,7679,72642,2026-03-14 12:11:00,late
5531,7679,72647,2026-03-16 12:07:00,late
5532,7679,72651,2026-03-28 06:13:00,late
5533,7679,72658,2026-04-12 19:10:00,late
5534,7679,72666,2026-05-04 21:14:00,late
5535,7679,72673,2026-06-01 03:34:00,late
5536,7681,72696,2026-06-09 19:03:00,late
5537,7683,72714,2026-03-24 19:39:00,late
5538,7686,72719,2026-04-09 09:00:00,other
5539,7687,72729,2026-03-30 18:48:00,other
5540,7689,72741,2026-04-20 16:26:00,other
5541,7689,72744,2026-04-30 12:45:00,stockout
5542,7689,72751,2026-05-10 09:44:00,late
5543,7692,72779,2026-03-25 06:29:00,stockout
5544,7692,72795,2026-05-31 12:37:00,late
5545,7694,72804,2026-06-01 18:44:00,late
5546,7695,72816,2026-06-14 09:50:00,stockout
5547,7697,72827,2026-01-24 18:28:00,late
5548,7699,72843,2026-02-07 18:48:00,late
5549,7699,72844,2026-02-13 20:11:00,late
5550,7699,72847,2026-03-09 20:32:00,late
5551,7701,72861,2026-05-19 19:36:00,other
5552,7703,72870,2026-03-04 15:22:00,late
5553,7703,72871,2026-03-06 15:10:00,other
5554,7705,72876,2026-02-15 19:05:00,late
5555,7708,72911,2026-05-23 11:34:00,other
5556,7708,72918,2026-06-15 22:56:00,stockout
5557,7709,72924,2026-04-14 17:43:00,stockout
5558,7711,72932,2026-02-14 19:59:00,stockout
5559,7712,72933,2026-02-18 18:27:00,stockout
5560,7713,72943,2026-03-14 07:52:00,other
5561,7713,72957,2026-06-15 19:19:00,other
5562,7713,72959,2026-06-28 10:30:00,stockout
5563,7715,72977,2026-04-08 23:45:00,other
5564,7716,72998,2026-03-11 19:06:00,stockout
5565,7721,73009,2026-02-28 09:12:00,late
5566,7721,73012,2026-03-18 20:07:00,late
5567,7721,73013,2026-03-21 09:31:00,late
5568,7722,73020,2026-02-19 23:46:00,stockout
5569,7724,73053,2026-01-26 11:42:00,late
5570,7724,73054,2026-01-28 23:12:00,late
5571,7724,73056,2026-02-12 12:36:00,late
5572,7724,73057,2026-03-22 08:00:00,late
5573,7724,73065,2026-04-09 19:34:00,stockout
5574,7728,73078,2026-05-09 18:20:00,late
5575,7731,73080,2026-01-12 18:46:00,late
5576,7731,73086,2026-01-19 09:22:00,stockout
5577,7739,73123,2026-04-16 17:40:00,stockout
5578,7741,73174,2026-07-05 14:54:00,late
5579,7743,73179,2026-03-16 18:41:00,late
5580,7745,73188,2026-02-17 22:45:00,late
5581,7746,73200,2026-04-11 09:07:00,stockout
5582,7749,73214,2026-05-28 19:28:00,late
5583,7751,73226,2026-05-17 17:19:00,other
5584,7752,73271,2026-04-22 08:39:00,other
5585,7752,73282,2026-06-08 15:45:00,late
5586,7753,73289,2026-02-25 14:46:00,stockout
5587,7753,73305,2026-06-22 09:01:00,late
5588,7755,73313,2026-01-16 08:23:00,late
5589,7755,73316,2026-01-27 18:07:00,late
5590,7755,73318,2026-01-26 12:14:00,stockout
5591,7755,73320,2026-03-02 08:30:00,late
5592,7755,73325,2026-03-15 10:35:00,late
5593,7755,73327,2026-03-18 22:54:00,late
5594,7756,73332,2026-03-04 11:30:00,other
5595,7756,73337,2026-04-19 20:49:00,stockout
5596,7756,73341,2026-06-05 19:51:00,late
5597,7759,73353,2026-04-21 21:59:00,late
5598,7759,73361,2026-06-10 06:43:00,other
5599,7761,73370,2026-04-15 19:14:00,late
5600,7777,73432,2026-04-09 18:02:00,late
5601,7779,73441,2026-01-10 14:06:00,late
5602,7780,73446,2026-01-30 22:20:00,stockout
5603,7780,73454,2026-03-22 17:33:00,stockout
5604,7780,73457,2026-03-17 23:11:00,late
5605,7780,73476,2026-05-01 10:47:00,late
5606,7780,73478,2026-05-09 16:57:00,other
5607,7780,73483,2026-05-21 09:57:00,late
5608,7780,73495,2026-06-08 13:39:00,other
5609,7780,73503,2026-06-27 15:24:00,stockout
5610,7780,73506,2026-07-04 07:53:00,other
5611,7782,73512,2026-05-19 21:32:00,stockout
5612,7783,73532,2026-04-19 13:29:00,late
5613,7783,73542,2026-07-02 21:21:00,stockout
5614,7784,73550,2026-01-24 05:26:00,late
5615,7784,73562,2026-03-12 11:41:00,other
5616,7784,73564,2026-03-13 18:59:00,stockout
5617,7784,73573,2026-04-07 08:39:00,other
5618,7784,73575,2026-04-13 14:38:00,other
5619,7784,73578,2026-04-24 19:38:00,stockout
5620,7784,73590,2026-05-12 19:42:00,late
5621,7784,73594,2026-05-18 18:47:00,late
5622,7784,73597,2026-05-28 22:46:00,other
5623,7784,73606,2026-06-21 09:28:00,stockout
5624,7784,73607,2026-06-25 18:28:00,late
5625,7785,73613,2026-04-22 19:32:00,stockout
5626,7785,73615,2026-04-25 06:00:00,late
5627,7786,73641,2026-05-14 18:09:00,stockout
5628,7788,73648,2026-03-29 09:54:00,stockout
5629,7791,73659,2026-04-19 10:53:00,other
5630,7791,73676,2026-05-11 13:27:00,other
5631,7793,73688,2026-01-11 22:58:00,stockout
5632,7797,73723,2026-01-23 15:04:00,late
5633,7802,73739,2026-04-17 10:34:00,late
5634,7806,73743,2026-05-10 18:06:00,late
5635,7806,73752,2026-06-08 01:52:00,other
5636,7808,73763,2026-05-11 21:56:00,late
5637,7813,73778,2026-04-30 19:40:00,late
5638,7814,73780,2026-05-18 18:49:00,late
5639,7814,73783,2026-05-26 22:58:00,late
5640,7814,73794,2026-06-28 18:48:00,late
5641,7815,73802,2026-02-16 15:46:00,other
5642,7816,73808,2026-04-24 07:05:00,other
5643,7821,73840,2026-01-29 19:37:00,late
5644,7823,73866,2026-03-18 18:59:00,stockout
5645,7823,73888,2026-05-12 19:55:00,late
5646,7823,73910,2026-06-25 18:31:00,late
5647,7823,73912,2026-06-25 19:38:00,late
5648,7831,73950,2026-05-05 18:42:00,stockout
5649,7835,73982,2026-05-26 08:50:00,other
5650,7837,74014,2026-04-23 13:07:00,stockout
5651,7838,74019,2026-03-26 09:06:00,late
5652,7839,74034,2026-06-30 23:45:00,stockout
5653,7840,74036,2026-04-14 19:39:00,other
5654,7842,74050,2026-06-25 17:32:00,other
5655,7842,74052,2026-07-05 19:22:00,other
5656,7844,74053,2026-06-13 18:11:00,other
5657,7846,74065,2026-02-11 17:58:00,stockout
5658,7852,74086,2026-03-30 18:09:00,late
5659,7854,74120,2026-05-27 18:36:00,stockout
5660,7856,74130,2026-02-20 12:02:00,late
5661,7857,74140,2026-04-13 19:16:00,stockout
5662,7858,74153,2026-03-21 20:29:00,late
5663,7858,74155,2026-04-04 22:11:00,late
5664,7861,74176,2026-04-23 06:31:00,stockout
5665,7863,74201,2026-04-06 09:55:00,other
5666,7863,74203,2026-04-13 21:55:00,stockout
5667,7863,74219,2026-06-08 18:19:00,late
5668,7864,74233,2026-05-15 20:01:00,late
5669,7864,74234,2026-05-19 22:38:00,stockout
5670,7864,74238,2026-06-08 10:34:00,stockout
5671,7869,74261,2026-03-16 04:25:00,late
5672,7870,74274,2026-06-14 09:11:00,other
5673,7870,74277,2026-06-17 21:47:00,other
5674,7870,74279,2026-06-15 21:19:00,stockout
5675,7872,74289,2026-04-25 11:33:00,other
5676,7873,74312,2026-04-19 20:11:00,other
5677,7878,74350,2026-02-22 20:17:00,late
5678,7878,74354,2026-02-27 15:23:00,late
5679,7878,74355,2026-02-24 09:00:00,late
5680,7878,74367,2026-04-19 19:29:00,late
5681,7878,74376,2026-05-05 07:26:00,late
5682,7879,74393,2026-05-20 19:39:00,stockout
5683,7881,74415,2026-03-28 19:42:00,stockout
5684,7881,74421,2026-05-09 10:41:00,other
5685,7884,74447,2026-04-14 08:13:00,stockout
5686,7884,74448,2026-04-24 19:53:00,late
5687,7888,74507,2026-06-12 07:34:00,stockout
5688,7891,74518,2026-05-23 17:42:00,stockout
5689,7891,74520,2026-05-26 18:22:00,late
5690,7893,74535,2026-04-06 20:59:00,late
5691,7896,74562,2026-04-30 15:09:00,late
5692,7897,74583,2026-05-10 17:22:00,stockout
5693,7897,74593,2026-06-17 15:01:00,other
5694,7898,74601,2026-05-11 16:26:00,late
5695,7898,74603,2026-05-26 19:38:00,late
5696,7898,74609,2026-06-13 10:23:00,late
5697,7901,74623,2026-02-14 20:00:00,late
5698,7901,74625,2026-02-18 19:26:00,late
5699,7902,74628,2026-02-18 21:57:00,late
5700,7904,74635,2026-01-10 20:57:00,late
5701,7911,74660,2026-06-18 18:38:00,stockout
5702,7912,74668,2026-06-04 20:13:00,late
5703,7914,74689,2026-04-07 18:21:00,late
5704,7915,74690,2026-05-17 13:37:00,late
5705,7915,74695,2026-06-21 18:36:00,late
5706,7916,74702,2026-01-28 14:25:00,stockout
5707,7918,74726,2026-04-05 16:41:00,stockout
5708,7918,74734,2026-06-06 09:03:00,late
5709,7921,74759,2026-05-27 15:20:00,other
5710,7924,74772,2026-01-20 06:58:00,stockout
5711,7925,74782,2026-03-19 06:00:00,late
5712,7928,74824,2026-06-29 18:35:00,other
5713,7930,74827,2026-03-15 19:57:00,other
5714,7933,74857,2026-01-26 08:13:00,late
5715,7937,74921,2026-05-09 20:41:00,late
5716,7937,74935,2026-06-15 06:36:00,stockout
5717,7938,74943,2026-04-30 10:11:00,other
5718,7938,74949,2026-05-07 17:38:00,late
5719,7938,74973,2026-06-28 21:39:00,other
5720,7939,74979,2026-05-06 20:52:00,stockout
5721,7939,74981,2026-05-06 18:19:00,stockout
5722,7939,74986,2026-06-18 08:32:00,stockout
5723,7939,74987,2026-06-15 00:40:00,late
5724,7940,75003,2026-04-21 19:30:00,late
5725,7940,75012,2026-07-04 19:06:00,stockout
5726,7942,75029,2026-05-15 14:53:00,stockout
5727,7943,75036,2026-02-23 08:32:00,stockout
5728,7943,75043,2026-03-02 05:11:00,stockout
5729,7943,75054,2026-03-22 20:57:00,late
5730,7943,75058,2026-03-20 00:03:00,stockout
5731,7943,75059,2026-03-28 15:59:00,late
5732,7943,75087,2026-04-22 17:51:00,stockout
5733,7943,75091,2026-04-28 12:07:00,other
5734,7943,75097,2026-05-08 18:07:00,late
5735,7946,75122,2026-01-08 12:40:00,stockout
5736,7948,75137,2026-01-23 18:44:00,late
5737,7949,75142,2026-05-27 16:24:00,stockout
5738,7949,75144,2026-06-12 18:57:00,late
5739,7950,75150,2026-04-05 20:44:00,late
5740,7963,75261,2026-03-09 18:17:00,late
5741,7970,75270,2026-05-14 20:26:00,late
5742,7972,75284,2026-04-29 18:04:00,stockout
5743,7972,75287,2026-05-08 20:25:00,late
5744,7973,75310,2026-04-28 21:59:00,late
5745,7973,75313,2026-05-09 15:49:00,other
5746,7977,75338,2026-02-05 21:04:00,late
5747,7977,75345,2026-02-02 18:53:00,late
5748,7978,75353,2026-06-28 16:47:00,late
5749,7978,75355,2026-06-30 18:59:00,late
5750,7979,75371,2026-05-22 18:16:00,late
5751,7979,75372,2026-05-24 23:33:00,other
5752,7979,75375,2026-06-07 20:04:00,other
5753,7984,75391,2026-04-07 20:03:00,stockout
5754,7987,75409,2026-04-25 18:09:00,late
5755,7987,75414,2026-05-01 11:37:00,stockout
5756,7987,75418,2026-05-12 17:24:00,late
5757,7993,75438,2026-04-08 20:45:00,late
5758,7994,75441,2026-06-12 04:28:00,stockout
5759,7994,75444,2026-06-30 22:15:00,other
5760,7995,75446,2026-05-29 19:07:00,other
5761,7995,75452,2026-06-24 19:44:00,other
5762,7997,75465,2026-05-14 18:27:00,late
5763,7997,75467,2026-05-17 03:05:00,other
5764,7998,75477,2026-04-30 08:33:00,stockout
5765,8005,75495,2026-02-15 19:39:00,stockout
5766,8007,75506,2026-04-01 18:35:00,late
5767,8007,75518,2026-05-10 08:41:00,late
5768,8007,75520,2026-05-22 12:40:00,stockout
5769,8008,75524,2026-01-25 17:27:00,stockout
5770,8008,75528,2026-02-05 20:34:00,late
5771,8008,75533,2026-03-04 20:28:00,late
5772,8011,75539,2026-04-08 12:57:00,late
5773,8013,75563,2026-01-16 09:55:00,stockout
5774,8014,75572,2026-05-05 10:23:00,other
5775,8014,75578,2026-06-12 16:07:00,stockout
5776,8015,75588,2026-04-04 15:54:00,late
5777,8016,75593,2026-02-04 21:37:00,other
5778,8019,75608,2026-03-06 20:10:00,other
5779,8021,75625,2026-03-04 09:28:00,other
5780,8022,75630,2026-04-10 17:36:00,stockout
5781,8022,75640,2026-04-17 04:08:00,late
5782,8022,75657,2026-05-31 20:47:00,late
5783,8025,75665,2026-03-25 18:56:00,late
5784,8028,75689,2026-04-26 19:30:00,late
5785,8028,75693,2026-05-31 15:51:00,late
5786,8034,75761,2026-03-09 01:54:00,other
5787,8034,75769,2026-06-07 18:59:00,stockout
5788,8035,75779,2026-01-29 15:28:00,late
5789,8035,75784,2026-02-10 07:15:00,late
5790,8036,75789,2026-04-19 15:50:00,stockout
5791,8045,75832,2026-04-23 05:06:00,other
5792,8046,75834,2026-02-10 05:11:00,other
5793,8046,75843,2026-03-24 09:00:00,late
5794,8047,75860,2026-06-15 11:56:00,late
5795,8047,75862,2026-06-27 19:24:00,late
5796,8048,75868,2026-02-08 15:55:00,stockout
5797,8048,75897,2026-06-05 10:40:00,other
5798,8049,75905,2026-01-18 18:15:00,stockout
5799,8049,75911,2026-02-09 12:54:00,late
5800,8049,75916,2026-03-04 19:07:00,stockout
5801,8053,75935,2026-02-12 10:17:00,other
5802,8053,75952,2026-04-15 00:44:00,other
5803,8053,75975,2026-05-26 18:16:00,stockout
5804,8053,75976,2026-05-25 08:57:00,other
5805,8053,75978,2026-05-28 21:46:00,late
5806,8054,75988,2026-05-16 20:04:00,late
5807,8054,75992,2026-05-25 20:29:00,late
5808,8054,75993,2026-05-30 10:38:00,late
5809,8055,75995,2026-03-05 14:42:00,stockout
5810,8055,75997,2026-03-12 10:55:00,other
5811,8056,76010,2026-03-07 21:20:00,late
5812,8056,76018,2026-03-22 06:43:00,late
5813,8059,76028,2026-04-25 08:25:00,stockout
5814,8064,76071,2026-05-03 04:13:00,late
5815,8064,76072,2026-05-02 20:03:00,late
5816,8069,76087,2026-03-07 09:57:00,stockout
5817,8072,76100,2026-01-08 16:28:00,late
5818,8074,76108,2026-02-23 20:49:00,other
5819,8075,76112,2026-03-07 10:37:00,stockout
5820,8077,76134,2026-02-19 05:15:00,stockout
5821,8078,76140,2026-03-04 09:45:00,late
5822,8078,76146,2026-04-07 22:53:00,late
5823,8080,76179,2026-03-21 02:35:00,other
5824,8083,76217,2026-05-04 13:15:00,late
5825,8083,76221,2026-06-07 22:00:00,other
5826,8085,76247,2026-04-14 11:28:00,late
5827,8087,76251,2026-03-13 22:02:00,other
5828,8087,76259,2026-03-16 19:01:00,other
5829,8090,76266,2026-03-25 20:56:00,late
5830,8090,76267,2026-03-24 12:36:00,other
5831,8091,76300,2026-04-03 09:30:00,stockout
5832,8091,76302,2026-04-24 11:14:00,other
5833,8093,76317,2026-01-11 21:22:00,late
5834,8095,76325,2026-04-01 05:58:00,late
5835,8095,76328,2026-04-12 09:25:00,late
5836,8095,76330,2026-04-18 15:49:00,stockout
5837,8095,76334,2026-04-28 22:04:00,late
5838,8095,76336,2026-04-29 08:03:00,late
5839,8096,76340,2026-06-20 12:32:00,other
5840,8099,76355,2026-03-24 16:09:00,stockout
5841,8102,76381,2026-01-22 07:21:00,stockout
5842,8102,76389,2026-02-07 11:04:00,late
5843,8103,76391,2026-04-22 19:27:00,late
5844,8103,76392,2026-05-07 07:42:00,stockout
5845,8103,76393,2026-05-06 18:32:00,late
5846,8104,76400,2026-05-17 08:55:00,late
5847,8104,76401,2026-05-17 06:02:00,late
5848,8104,76404,2026-05-26 19:08:00,late
5849,8105,76420,2026-04-24 19:37:00,stockout
5850,8105,76424,2026-06-06 11:57:00,other
5851,8107,76434,2026-05-13 18:47:00,late
5852,8109,76460,2026-04-04 07:59:00,late
5853,8111,76469,2026-05-20 12:16:00,other
5854,8112,76481,2026-03-06 13:18:00,late
5855,8114,76493,2026-03-24 20:05:00,late
5856,8115,76506,2026-03-17 16:49:00,late
5857,8115,76511,2026-03-27 06:25:00,other
5858,8118,76516,2026-06-08 18:05:00,late
5859,8127,76583,2026-02-01 08:14:00,late
5860,8127,76586,2026-02-15 09:00:00,other
5861,8129,76627,2026-04-05 09:14:00,stockout
5862,8129,76654,2026-05-21 17:13:00,late
5863,8132,76682,2026-05-21 20:24:00,late
5864,8132,76687,2026-06-01 18:39:00,late
5865,8132,76692,2026-06-08 20:47:00,late
5866,8133,76707,2026-05-20 18:05:00,stockout
5867,8136,76728,2026-04-28 07:06:00,other
5868,8138,76742,2026-01-22 08:20:00,late
5869,8144,76823,2026-03-18 19:20:00,other
5870,8144,76844,2026-06-09 09:27:00,late
5871,8145,76847,2026-02-21 18:29:00,late
5872,8146,76852,2026-06-15 18:26:00,other
5873,8148,76871,2026-06-07 14:47:00,stockout
5874,8149,76880,2026-06-20 17:02:00,late
5875,8154,76898,2026-03-12 09:04:00,stockout
5876,8156,76913,2026-03-22 10:04:00,stockout
5877,8156,76917,2026-04-14 13:21:00,late
5878,8157,76930,2026-05-17 19:16:00,stockout
5879,8158,76937,2026-03-05 13:12:00,other
5880,8159,76947,2026-03-31 18:15:00,stockout
5881,8159,76953,2026-04-21 07:17:00,late
5882,8161,76982,2026-02-22 10:33:00,stockout
5883,8162,76998,2026-05-03 04:36:00,other
5884,8164,77006,2026-03-06 12:49:00,late
5885,8166,77035,2026-05-09 17:10:00,stockout
5886,8166,77044,2026-06-10 20:39:00,late
5887,8167,77054,2026-01-26 08:23:00,late
5888,8167,77055,2026-01-26 09:24:00,stockout
5889,8167,77056,2026-01-26 10:51:00,other
5890,8167,77073,2026-04-17 11:43:00,late
5891,8167,77077,2026-04-25 13:41:00,other
5892,8176,77096,2026-05-23 22:30:00,late
5893,8176,77103,2026-05-25 02:44:00,late
5894,8176,77104,2026-05-25 15:45:00,stockout
5895,8177,77131,2026-05-20 13:15:00,other
5896,8180,77148,2026-05-01 21:34:00,stockout
5897,8184,77184,2026-03-11 17:54:00,late
5898,8185,77190,2026-05-14 06:56:00,late
5899,8185,77193,2026-06-02 11:16:00,late
5900,8194,77228,2026-02-05 21:35:00,late
5901,8201,77299,2026-03-07 16:15:00,stockout
5902,8202,77302,2026-01-29 16:20:00,stockout
5903,8205,77321,2026-06-04 18:59:00,late
5904,8207,77334,2026-03-22 02:35:00,stockout
5905,8208,77340,2026-04-13 21:14:00,stockout
5906,8208,77345,2026-06-17 19:48:00,late
5907,8209,77353,2026-04-24 20:56:00,late
5908,8210,77371,2026-06-07 06:36:00,stockout
5909,8212,77377,2026-01-27 15:17:00,late
5910,8212,77380,2026-02-12 11:29:00,other
5911,8212,77390,2026-03-24 07:07:00,stockout
5912,8212,77396,2026-04-10 17:41:00,stockout
5913,8212,77398,2026-04-09 18:51:00,late
5914,8212,77411,2026-05-21 23:24:00,stockout
5915,8213,77434,2026-03-16 18:20:00,late
5916,8213,77440,2026-04-19 09:48:00,late
5917,8213,77446,2026-05-25 19:49:00,stockout
5918,8221,77479,2026-01-29 20:44:00,late
5919,8221,77481,2026-02-08 17:11:00,other
5920,8221,77484,2026-02-15 03:28:00,late
5921,8221,77506,2026-04-09 18:38:00,late
5922,8221,77512,2026-04-30 19:47:00,other
5923,8221,77513,2026-05-03 20:52:00,stockout
5924,8221,77521,2026-05-24 22:14:00,stockout
5925,8221,77522,2026-05-24 15:36:00,late
5926,8221,77527,2026-06-09 19:09:00,late
5927,8221,77538,2026-07-05 18:05:00,stockout
5928,8223,77542,2026-04-09 09:26:00,stockout
5929,8224,77555,2026-03-14 13:40:00,late
5930,8225,77562,2026-04-07 15:59:00,other
5931,8225,77564,2026-04-24 09:57:00,stockout
5932,8228,77582,2026-05-02 20:04:00,late
5933,8228,77583,2026-04-30 20:29:00,late
5934,8228,77590,2026-05-27 01:51:00,stockout
5935,8230,77614,2026-06-25 23:53:00,late
5936,8230,77616,2026-07-01 12:21:00,other
5937,8231,77623,2026-02-18 09:55:00,stockout
5938,8232,77649,2026-02-09 09:39:00,stockout
5939,8238,77698,2026-03-22 15:37:00,late
5940,8238,77699,2026-04-02 12:23:00,late
5941,8238,77702,2026-04-11 20:07:00,late
5942,8239,77726,2026-03-13 14:51:00,other
5943,8241,77742,2026-03-12 09:29:00,late
5944,8241,77747,2026-03-15 21:19:00,late
5945,8241,77756,2026-04-03 15:45:00,late
5946,8241,77757,2026-04-12 17:05:00,stockout
5947,8241,77782,2026-05-16 22:42:00,late
5948,8241,77785,2026-05-19 19:09:00,late
5949,8241,77786,2026-05-21 13:10:00,late
5950,8241,77794,2026-05-25 17:00:00,late
5951,8241,77796,2026-06-01 11:24:00,other
5952,8241,77802,2026-06-10 10:23:00,stockout
5953,8242,77807,2026-02-23 19:55:00,late
5954,8242,77812,2026-03-14 17:03:00,late
5955,8242,77814,2026-03-29 00:31:00,stockout
5956,8243,77820,2026-03-12 12:17:00,other
5957,8245,77830,2026-03-03 11:19:00,stockout
5958,8247,77836,2026-01-31 13:47:00,other
5959,8247,77857,2026-04-24 18:54:00,late
5960,8247,77860,2026-04-23 14:48:00,stockout
5961,8249,77886,2026-04-07 11:32:00,other
5962,8253,77905,2026-05-02 13:49:00,stockout
5963,8253,77919,2026-06-11 16:33:00,late
5964,8255,77925,2026-03-29 07:59:00,other
5965,8255,77954,2026-06-20 19:08:00,late
5966,8256,77967,2026-05-16 18:05:00,other
5967,8257,77972,2026-03-01 18:52:00,late
5968,8257,77989,2026-04-14 09:46:00,stockout
5969,8258,78022,2026-04-29 00:12:00,stockout
5970,8258,78033,2026-06-08 08:31:00,other
5971,8265,78061,2026-03-02 12:57:00,late
5972,8268,78072,2026-05-11 08:43:00,stockout
5973,8268,78080,2026-05-23 20:44:00,stockout
5974,8268,78082,2026-05-28 10:46:00,late
5975,8268,78084,2026-06-02 08:24:00,late
5976,8268,78086,2026-06-05 17:23:00,late
5977,8268,78087,2026-06-12 20:56:00,late
5978,8268,78092,2026-06-19 09:30:00,stockout
5979,8268,78098,2026-07-01 17:17:00,other
5980,8271,78116,2026-06-11 17:24:00,other
5981,8271,78117,2026-06-10 11:27:00,late
5982,8271,78120,2026-06-15 13:56:00,other
5983,8273,78125,2026-06-05 06:22:00,late
5984,8277,78153,2026-03-14 11:47:00,late
5985,8277,78158,2026-03-24 12:45:00,stockout
5986,8286,78219,2026-06-08 18:08:00,stockout
5987,8288,78231,2026-05-19 18:01:00,other
5988,8288,78238,2026-06-28 08:52:00,other
5989,8289,78246,2026-06-17 20:31:00,other
5990,8295,78258,2026-05-08 19:10:00,late
5991,8295,78267,2026-05-22 20:55:00,late
5992,8295,78274,2026-06-04 22:25:00,other
5993,8296,78296,2026-06-02 08:45:00,late
5994,8297,78301,2026-03-19 15:17:00,other
5995,8299,78334,2026-06-04 14:39:00,late
5996,8304,78386,2026-03-14 19:51:00,late
5997,8306,78402,2026-02-10 20:07:00,late
5998,8306,78405,2026-03-07 22:52:00,late
5999,8309,78437,2026-05-22 12:09:00,late
6000,8309,78445,2026-06-06 12:56:00,late
6001,8309,78446,2026-06-03 06:40:00,late
6002,8309,78451,2026-06-03 14:28:00,stockout
6003,8309,78452,2026-06-07 10:23:00,stockout
6004,8309,78460,2026-07-04 11:55:00,other
6005,8310,78463,2026-02-04 18:19:00,late
6006,8310,78464,2026-02-15 20:46:00,late
6007,8310,78469,2026-03-25 08:50:00,late
6008,8310,78472,2026-04-20 09:41:00,late
6009,8314,78506,2026-05-27 20:51:00,late
6010,8315,78511,2026-04-18 20:42:00,late
6011,8317,78516,2026-03-28 02:15:00,other
6012,8318,78528,2026-05-02 19:53:00,late
6013,8322,78574,2026-03-21 08:45:00,other
6014,8322,78577,2026-04-09 11:53:00,late
6015,8323,78589,2026-05-17 05:48:00,stockout
6016,8323,78603,2026-06-26 15:18:00,late
6017,8323,78606,2026-06-30 22:18:00,late
6018,8324,78609,2026-03-15 14:16:00,stockout
6019,8326,78614,2026-05-18 04:36:00,stockout
6020,8326,78615,2026-05-18 18:21:00,stockout
6021,8328,78619,2026-04-24 05:40:00,late
6022,8331,78624,2026-03-15 05:57:00,stockout
6023,8333,78637,2026-05-05 07:09:00,late
6024,8333,78647,2026-06-06 13:44:00,stockout
6025,8333,78657,2026-07-04 20:29:00,late
6026,8333,78659,2026-06-29 21:41:00,stockout
6027,8337,78674,2026-01-05 19:59:00,late
6028,8339,78686,2026-04-04 12:47:00,late
6029,8339,78692,2026-04-09 15:34:00,late
6030,8339,78701,2026-05-17 19:37:00,late
6031,8339,78702,2026-05-12 00:44:00,late
6032,8339,78709,2026-06-11 19:00:00,stockout
6033,8339,78714,2026-06-19 13:58:00,stockout
6034,8339,78715,2026-06-28 16:20:00,other
6035,8340,78767,2026-05-28 14:37:00,stockout
6036,8340,78772,2026-06-13 20:22:00,late
6037,8340,78774,2026-06-09 16:59:00,late
6038,8341,78803,2026-06-11 08:04:00,late
6039,8341,78806,2026-07-02 18:02:00,late
6040,8345,78816,2026-01-09 21:47:00,stockout
6041,8345,78817,2026-01-11 19:49:00,stockout
6042,8345,78819,2026-01-15 18:29:00,late
6043,8353,78899,2026-05-18 10:03:00,other
6044,8354,78907,2026-01-13 16:19:00,stockout
6045,8358,78924,2026-02-16 10:37:00,late
6046,8358,78926,2026-03-01 17:37:00,late
6047,8360,78937,2026-01-28 20:34:00,other
6048,8363,78963,2026-03-14 09:10:00,stockout
6049,8363,78977,2026-06-11 21:15:00,stockout
6050,8365,78983,2026-06-22 05:49:00,late
6051,8370,79013,2026-03-03 20:56:00,late
6052,8370,79017,2026-04-06 20:24:00,late
6053,8374,79025,2026-04-16 08:38:00,late
6054,8374,79027,2026-04-18 21:15:00,other
6055,8375,79031,2026-02-03 14:49:00,stockout
6056,8375,79032,2026-02-11 07:29:00,stockout
6057,8377,79062,2026-04-15 09:21:00,stockout
6058,8382,79088,2026-05-18 15:08:00,stockout
6059,8387,79100,2026-05-20 08:47:00,late
6060,8387,79111,2026-07-02 08:43:00,late
6061,8392,79137,2026-03-27 21:45:00,late
6062,8394,79186,2026-06-04 08:10:00,other
6063,8394,79190,2026-06-21 08:06:00,other
6064,8397,79215,2026-04-09 18:08:00,stockout
6065,8399,79220,2026-01-13 16:50:00,stockout
6066,8402,79242,2026-04-10 13:20:00,late
6067,8402,79243,2026-04-30 21:18:00,late
6068,8402,79248,2026-07-02 13:39:00,late
6069,8407,79296,2026-06-12 05:48:00,late
6070,8407,79304,2026-06-30 14:18:00,stockout
6071,8411,79311,2026-02-23 07:01:00,other
6072,8411,79318,2026-03-27 20:39:00,other
6073,8411,79319,2026-04-02 02:07:00,late
6074,8411,79320,2026-03-31 14:57:00,late
6075,8411,79340,2026-07-05 19:06:00,late
6076,8413,79354,2026-05-10 18:51:00,stockout
6077,8416,79383,2026-04-25 17:11:00,late
6078,8418,79387,2026-04-25 18:10:00,stockout
6079,8420,79426,2026-05-31 20:02:00,other
6080,8423,79437,2026-01-09 04:32:00,late
6081,8423,79443,2026-01-13 18:05:00,other
6082,8424,79461,2026-02-22 17:06:00,stockout
6083,8424,79466,2026-03-03 19:53:00,other
6084,8424,79479,2026-03-29 07:59:00,other
6085,8428,79494,2026-03-07 20:28:00,late
6086,8429,79504,2026-04-09 07:15:00,late
6087,8434,79552,2026-07-01 15:46:00,late
6088,8435,79554,2026-03-13 08:40:00,stockout
6089,8435,79561,2026-04-21 06:25:00,other
6090,8435,79569,2026-06-10 19:06:00,late
6091,8436,79583,2026-06-11 20:44:00,stockout
6092,8438,79599,2026-04-21 20:47:00,stockout
6093,8439,79600,2026-02-05 09:26:00,stockout
6094,8440,79607,2026-02-02 05:52:00,late
6095,8441,79628,2026-06-27 10:56:00,stockout
6096,8442,79637,2026-06-16 16:28:00,stockout
6097,8449,79650,2026-05-12 01:30:00,late
6098,8450,79666,2026-03-07 18:55:00,late
6099,8453,79704,2026-05-02 19:43:00,other
6100,8455,79747,2026-03-19 19:15:00,stockout
6101,8456,79755,2026-03-16 20:38:00,late
6102,8458,79771,2026-03-13 19:22:00,other
6103,8458,79787,2026-05-18 09:47:00,stockout
6104,8458,79788,2026-05-21 18:33:00,late
6105,8458,79793,2026-06-04 06:34:00,stockout
6106,8461,79802,2026-03-11 14:00:00,late
6107,8465,79821,2026-05-09 09:54:00,other
6108,8465,79824,2026-05-16 13:55:00,other
6109,8466,79858,2026-02-28 17:12:00,stockout
6110,8466,79859,2026-03-01 17:58:00,stockout
6111,8466,79860,2026-03-04 20:19:00,late
6112,8468,79894,2026-02-13 22:56:00,other
6113,8473,79932,2026-05-13 21:49:00,other
6114,8474,79945,2026-04-15 18:21:00,other
6115,8474,79949,2026-04-23 03:23:00,stockout
6116,8481,79991,2026-05-28 08:55:00,stockout
6117,8481,79992,2026-05-31 17:11:00,other
6118,8482,79999,2026-05-03 22:12:00,late
6119,8489,80015,2026-04-21 10:11:00,late
6120,8489,80019,2026-05-15 21:53:00,late
6121,8495,80057,2026-06-26 22:34:00,other
6122,8499,80101,2026-06-19 21:07:00,other
6123,8500,80112,2026-05-02 10:55:00,stockout
6124,8504,80151,2026-05-31 20:32:00,late
6125,8506,80179,2026-04-30 09:49:00,late
6126,8506,80186,2026-05-17 21:54:00,late
6127,8507,80187,2026-02-15 12:07:00,stockout
6128,8508,80190,2026-05-27 23:30:00,late
6129,8508,80191,2026-05-27 19:01:00,late
6130,8508,80194,2026-06-03 14:45:00,stockout
6131,8509,80201,2026-01-22 16:59:00,late
6132,8511,80210,2026-04-22 20:00:00,stockout
6133,8512,80226,2026-05-22 05:48:00,late
6134,8514,80254,2026-04-27 18:12:00,late
6135,8514,80261,2026-05-28 07:18:00,other
6136,8514,80269,2026-06-25 19:27:00,late
6137,8519,80303,2026-07-02 18:29:00,late
6138,8527,80340,2026-05-08 11:58:00,late
6139,8527,80342,2026-05-07 18:31:00,late
6140,8527,80351,2026-06-04 19:28:00,stockout
6141,8528,80360,2026-05-29 10:33:00,other
6142,8528,80363,2026-06-03 10:06:00,late
6143,8530,80376,2026-02-14 12:43:00,other
6144,8530,80378,2026-04-15 20:04:00,late
6145,8531,80396,2026-06-04 18:13:00,late
6146,8533,80400,2026-03-18 18:01:00,late
6147,8533,80403,2026-06-18 20:47:00,late
6148,8534,80411,2026-03-10 20:42:00,other
6149,8535,80414,2026-04-25 22:12:00,stockout
6150,8537,80423,2026-02-12 19:57:00,late
6151,8537,80427,2026-03-05 17:27:00,late
6152,8539,80450,2026-06-04 19:00:00,late
6153,8541,80463,2026-04-13 20:46:00,stockout
6154,8543,80486,2026-04-30 19:12:00,other
6155,8543,80493,2026-05-24 17:27:00,other
6156,8543,80508,2026-07-02 18:29:00,late
6157,8547,80521,2026-05-30 21:32:00,stockout
6158,8548,80523,2026-03-24 12:41:00,stockout
6159,8555,80550,2026-03-25 17:27:00,late
6160,8558,80575,2026-04-07 16:17:00,other
6161,8558,80582,2026-04-23 10:53:00,other
6162,8559,80601,2026-04-18 07:05:00,late
6163,8562,80602,2026-04-14 19:53:00,late
6164,8562,80604,2026-04-14 22:02:00,stockout
6165,8562,80609,2026-05-16 16:56:00,late
6166,8564,80624,2026-03-31 08:19:00,other
6167,8564,80635,2026-05-02 08:06:00,stockout
6168,8564,80636,2026-05-05 21:39:00,stockout
6169,8564,80641,2026-05-12 20:03:00,late
6170,8565,80652,2026-01-27 01:30:00,other
6171,8566,80656,2026-02-25 14:54:00,late
6172,8569,80666,2026-05-30 17:10:00,late
6173,8572,80668,2026-03-21 15:08:00,late
6174,8578,80684,2026-05-10 08:55:00,late
6175,8582,80715,2026-05-11 09:11:00,stockout
6176,8583,80721,2026-01-05 12:20:00,stockout
6177,8583,80723,2026-01-07 09:49:00,stockout
6178,8583,80740,2026-02-08 18:05:00,late
6179,8583,80746,2026-02-18 00:44:00,other
6180,8583,80773,2026-04-14 01:34:00,other
6181,8585,80816,2026-04-07 06:12:00,stockout
6182,8586,80820,2026-02-27 16:04:00,late
6183,8586,80823,2026-05-12 18:13:00,stockout
6184,8588,80867,2026-03-22 20:25:00,late
6185,8590,80898,2026-05-03 08:44:00,late
6186,8592,80905,2026-05-28 19:46:00,late
6187,8592,80911,2026-07-03 20:15:00,late
6188,8597,80921,2026-01-22 08:01:00,stockout
6189,8604,80975,2026-02-16 15:28:00,late
6190,8604,80978,2026-02-25 08:45:00,stockout
6191,8607,81011,2026-05-22 08:56:00,other
6192,8609,81027,2026-04-21 13:09:00,late
6193,8611,81034,2026-04-26 06:55:00,late
6194,8612,81043,2026-05-25 23:07:00,stockout
6195,8612,81046,2026-06-13 20:57:00,late
6196,8616,81056,2026-06-19 13:06:00,stockout
6197,8620,81074,2026-05-29 09:27:00,late
6198,8621,81076,2026-03-22 11:55:00,other
6199,8625,81083,2026-04-10 16:58:00,late
6200,8626,81091,2026-03-04 16:41:00,stockout
6201,8627,81100,2026-02-11 20:42:00,late
6202,8627,81121,2026-06-09 11:07:00,stockout
6203,8631,81145,2026-02-06 09:57:00,other
6204,8632,81162,2026-01-27 19:22:00,late
6205,8632,81169,2026-02-13 20:19:00,late
6206,8632,81172,2026-02-19 07:24:00,other
6207,8632,81177,2026-03-08 07:50:00,stockout
6208,8634,81208,2026-05-02 10:21:00,late
6209,8634,81216,2026-05-09 10:19:00,late
6210,8634,81224,2026-05-23 18:00:00,late
6211,8636,81255,2026-05-30 01:22:00,other
6212,8637,81278,2026-04-24 19:45:00,late
6213,8640,81300,2026-02-25 20:08:00,other
6214,8644,81324,2026-06-21 18:09:00,late
6215,8646,81336,2026-04-06 10:12:00,late
6216,8648,81348,2026-06-07 18:34:00,late
6217,8648,81351,2026-06-19 11:12:00,late
6218,8650,81365,2026-03-23 10:03:00,other
6219,8650,81366,2026-03-28 23:27:00,stockout
6220,8650,81368,2026-03-28 09:10:00,stockout
6221,8650,81369,2026-04-02 11:34:00,other
6222,8652,81395,2026-03-07 14:23:00,late
6223,8652,81396,2026-03-13 19:39:00,late
6224,8652,81407,2026-03-31 17:18:00,stockout
6225,8652,81409,2026-04-02 07:31:00,stockout
6226,8655,81411,2026-02-03 19:00:00,late
6227,8656,81423,2026-04-15 19:30:00,late
6228,8663,81477,2026-05-28 03:59:00,late
6229,8663,81480,2026-06-08 17:54:00,late
6230,8663,81487,2026-07-05 05:09:00,late
6231,8666,81500,2026-04-22 19:01:00,late
6232,8673,81533,2026-05-17 07:32:00,late
6233,8677,81557,2026-06-22 20:02:00,stockout
6234,8678,81560,2026-01-23 19:25:00,stockout
6235,8679,81561,2026-03-01 06:43:00,late
6236,8679,81568,2026-05-01 20:36:00,late
6237,8684,81580,2026-03-31 01:33:00,other
6238,8685,81590,2026-03-20 09:11:00,other
6239,8685,81600,2026-05-16 19:59:00,late
6240,8686,81608,2026-05-15 07:39:00,stockout
6241,8687,81632,2026-05-12 10:46:00,other
6242,8689,81653,2026-01-13 17:57:00,late
6243,8689,81661,2026-02-11 18:28:00,late
6244,8690,81691,2026-02-19 20:50:00,stockout
6245,8692,81708,2026-03-12 02:23:00,other
6246,8698,81770,2026-05-25 10:18:00,stockout
6247,8698,81778,2026-07-01 13:55:00,stockout
6248,8699,81781,2026-02-28 19:10:00,late
6249,8700,81794,2026-04-15 08:38:00,late
6250,8701,81814,2026-05-21 08:15:00,stockout
6251,8705,81871,2026-06-06 01:35:00,late
6252,8707,81879,2026-03-19 11:35:00,late
6253,8707,81881,2026-03-17 23:40:00,stockout
6254,8707,81886,2026-04-01 16:40:00,stockout
6255,8707,81911,2026-06-09 23:00:00,other
6256,8708,81923,2026-05-23 13:36:00,other
6257,8712,81937,2026-05-21 19:28:00,stockout
6258,8713,81940,2026-01-31 20:34:00,other
6259,8713,81945,2026-03-30 14:13:00,stockout
6260,8713,81950,2026-04-28 00:21:00,stockout
6261,8713,81954,2026-05-22 09:57:00,stockout
6262,8716,81977,2026-06-21 08:39:00,late
6263,8718,81985,2026-05-11 16:30:00,other
6264,8719,81988,2026-03-05 07:46:00,stockout
6265,8722,81999,2026-03-30 11:22:00,late
6266,8722,82007,2026-04-30 09:55:00,other
6267,8726,82035,2026-03-20 14:32:00,late
6268,8727,82053,2026-05-23 18:05:00,late
6269,8727,82067,2026-06-29 11:57:00,late
6270,8728,82071,2026-03-16 22:35:00,late
6271,8732,82109,2026-05-31 19:01:00,late
6272,8733,82132,2026-06-01 04:57:00,stockout
6273,8733,82141,2026-06-17 19:50:00,stockout
6274,8736,82158,2026-05-10 15:57:00,late
6275,8736,82162,2026-05-29 15:26:00,stockout
6276,8737,82169,2026-04-14 23:14:00,late
6277,8737,82183,2026-05-10 21:00:00,stockout
6278,8738,82198,2026-05-07 17:56:00,stockout
6279,8739,82202,2026-04-28 20:48:00,late
6280,8741,82221,2026-03-27 07:45:00,late
6281,8742,82224,2026-01-18 14:15:00,stockout
6282,8742,82232,2026-02-10 19:50:00,other
6283,8743,82277,2026-02-20 16:08:00,stockout
6284,8747,82301,2026-05-24 20:10:00,late
6285,8752,82324,2026-03-27 19:04:00,late
6286,8755,82331,2026-01-19 12:58:00,late
6287,8756,82341,2026-03-03 15:30:00,other
6288,8757,82353,2026-04-23 20:42:00,late
6289,8762,82395,2026-03-23 20:52:00,other
6290,8762,82401,2026-04-20 00:19:00,other
6291,8766,82425,2026-05-08 01:27:00,stockout
6292,8768,82428,2026-04-20 21:07:00,other
6293,8769,82453,2026-04-27 19:03:00,late
6294,8769,82465,2026-07-04 20:03:00,other
6295,8772,82475,2026-06-13 10:41:00,late
6296,8774,82485,2026-04-17 20:04:00,late
6297,8779,82491,2026-03-26 09:59:00,late
6298,8780,82499,2026-03-25 20:55:00,stockout
6299,8780,82509,2026-05-22 08:39:00,late
6300,8784,82543,2026-04-19 07:00:00,late
6301,8784,82544,2026-04-16 18:01:00,stockout
6302,8784,82545,2026-04-29 20:17:00,late
6303,8784,82560,2026-06-03 11:24:00,late
6304,8786,82586,2026-03-14 18:04:00,late
6305,8793,82610,2026-05-19 20:19:00,late
6306,8795,82652,2026-03-23 05:36:00,late
6307,8797,82661,2026-04-24 17:36:00,late
6308,8797,82667,2026-06-04 17:21:00,stockout
6309,8799,82691,2026-04-05 18:40:00,late
6310,8799,82692,2026-04-06 09:01:00,other
6311,8799,82696,2026-06-19 07:07:00,stockout
6312,8800,82699,2026-05-09 20:29:00,stockout
6313,8803,82713,2026-02-17 20:07:00,stockout
6314,8803,82716,2026-02-26 17:35:00,late
6315,8803,82717,2026-03-03 19:01:00,late
6316,8804,82718,2026-05-02 20:43:00,other
6317,8805,82725,2026-02-05 12:32:00,stockout
6318,8805,82730,2026-02-17 08:03:00,stockout
6319,8805,82742,2026-03-24 15:43:00,other
6320,8806,82787,2026-02-28 13:49:00,other
6321,8806,82788,2026-03-05 20:05:00,late
6322,8811,82812,2026-04-22 02:25:00,late
6323,8816,82826,2026-04-28 17:40:00,late
6324,8816,82828,2026-07-01 18:29:00,late
6325,8819,82858,2026-02-03 19:47:00,late
6326,8821,82889,2026-05-26 17:05:00,late
6327,8821,82893,2026-06-14 19:06:00,late
6328,8824,82906,2026-03-09 08:27:00,late
6329,8825,82909,2026-05-27 09:40:00,late
6330,8827,82920,2026-06-19 17:46:00,stockout
6331,8829,82928,2026-05-25 10:03:00,stockout
6332,8831,82946,2026-04-26 11:56:00,late
6333,8831,82956,2026-06-25 08:36:00,late
6334,8835,82974,2026-02-10 18:51:00,late
6335,8835,83020,2026-05-20 19:14:00,stockout
6336,8835,83022,2026-05-22 11:48:00,late
6337,8835,83029,2026-06-03 09:19:00,other
6338,8835,83036,2026-06-27 19:56:00,late
6339,8836,83042,2026-01-11 20:05:00,late
6340,8836,83047,2026-01-18 11:35:00,late
6341,8836,83093,2026-05-02 13:44:00,late
6342,8836,83095,2026-05-03 09:34:00,late
6343,8836,83113,2026-06-16 18:24:00,late
6344,8838,83126,2026-02-28 09:43:00,other
6345,8839,83133,2026-04-16 12:58:00,other
6346,8842,83140,2026-05-03 04:22:00,stockout
6347,8844,83162,2026-04-20 14:15:00,late
6348,8846,83186,2026-04-30 18:33:00,late
6349,8848,83203,2026-03-03 06:13:00,late
6350,8849,83206,2026-02-08 08:42:00,late
6351,8851,83217,2026-05-11 20:41:00,other
6352,8854,83224,2026-05-05 14:14:00,other
6353,8857,83240,2026-04-14 09:36:00,late
6354,8857,83241,2026-04-18 19:55:00,stockout
6355,8857,83242,2026-04-19 21:15:00,stockout
6356,8861,83247,2026-04-16 20:18:00,late
6357,8873,83305,2026-01-16 10:27:00,late
6358,8879,83332,2026-02-19 20:25:00,stockout
6359,8879,83349,2026-04-17 08:43:00,late
6360,8885,83373,2026-01-25 17:37:00,other
6361,8885,83411,2026-03-30 18:05:00,late
6362,8887,83454,2026-05-13 15:37:00,stockout
6363,8893,83488,2026-05-09 10:27:00,other
6364,8895,83494,2026-03-14 18:15:00,late
6365,8903,83515,2026-04-17 15:13:00,other
6366,8904,83521,2026-05-26 09:07:00,stockout
6367,8906,83523,2026-05-16 07:47:00,late
6368,8908,83549,2026-04-05 17:08:00,other
6369,8908,83563,2026-05-13 13:53:00,other
6370,8908,83573,2026-05-28 18:41:00,late
6371,8910,83576,2026-01-05 09:15:00,other
6372,8910,83583,2026-04-24 18:53:00,late
6373,8911,83593,2026-01-30 16:57:00,other
6374,8911,83650,2026-05-28 06:13:00,stockout
6375,8912,83664,2026-02-10 15:01:00,late
6376,8916,83680,2026-03-25 08:35:00,other
6377,8917,83696,2026-04-21 08:59:00,stockout
6378,8917,83698,2026-05-14 22:28:00,other
6379,8917,83701,2026-05-28 22:02:00,late
6380,8918,83704,2026-04-11 07:36:00,stockout
6381,8925,83752,2026-05-18 18:54:00,stockout
6382,8927,83769,2026-05-25 14:05:00,late
6383,8927,83771,2026-06-03 09:20:00,late
6384,8927,83776,2026-06-17 22:29:00,stockout
6385,8927,83777,2026-06-24 19:25:00,stockout
6386,8931,83820,2026-03-15 19:59:00,late
6387,8931,83823,2026-04-07 11:44:00,stockout
6388,8931,83827,2026-05-03 20:52:00,late
6389,8932,83840,2026-04-24 15:30:00,stockout
6390,8933,83857,2026-02-11 09:58:00,late
6391,8933,83861,2026-02-18 17:07:00,stockout
6392,8933,83867,2026-02-28 11:36:00,stockout
6393,8933,83884,2026-03-23 17:24:00,late
6394,8933,83890,2026-04-09 12:50:00,stockout
6395,8933,83896,2026-04-19 06:13:00,stockout
6396,8933,83905,2026-05-02 16:24:00,late
6397,8933,83909,2026-05-10 21:21:00,late
6398,8933,83921,2026-05-25 21:26:00,late
6399,8933,83940,2026-06-26 14:29:00,late
6400,8933,83942,2026-07-01 02:39:00,stockout
6401,8940,83987,2026-06-03 20:31:00,other
6402,8943,83996,2026-01-31 19:13:00,late
6403,8944,84011,2026-06-09 10:21:00,stockout
6404,8945,84026,2026-03-15 08:38:00,other
6405,8956,84141,2026-04-25 07:36:00,stockout
6406,8956,84153,2026-05-13 18:04:00,late
6407,8959,84185,2026-04-27 09:44:00,late
6408,8961,84204,2026-05-10 03:28:00,stockout
6409,8962,84209,2026-02-14 10:05:00,late
6410,8966,84231,2026-04-11 20:02:00,late
6411,8968,84239,2026-01-21 10:46:00,late
6412,8968,84242,2026-01-29 08:15:00,late
6413,8968,84249,2026-02-20 20:40:00,late
6414,8968,84255,2026-03-03 16:30:00,late
6415,8968,84267,2026-03-23 20:26:00,late
6416,8968,84273,2026-04-13 20:53:00,late
6417,8968,84280,2026-05-03 14:39:00,late
6418,8969,84282,2026-02-15 18:20:00,late
6419,8974,84298,2026-02-10 08:23:00,late
6420,8975,84348,2026-06-24 10:15:00,other
6421,8979,84360,2026-02-18 18:45:00,late
6422,8979,84361,2026-02-28 19:27:00,late
6423,8981,84393,2026-05-10 15:58:00,stockout
6424,8986,84408,2026-05-04 07:48:00,other
6425,8992,84449,2026-06-18 23:01:00,other
6426,8993,84450,2026-01-24 18:53:00,late
6427,8997,84502,2026-05-22 20:56:00,late
6428,8998,84526,2026-03-07 00:52:00,stockout
6429,8999,84536,2026-05-22 07:57:00,late
6430,9002,84545,2026-04-20 18:22:00,late
6431,9004,84552,2026-06-12 20:28:00,late
6432,9005,84559,2026-01-25 11:16:00,late
6433,9011,84582,2026-03-22 20:06:00,late
6434,9011,84590,2026-04-17 18:49:00,stockout
6435,9014,84597,2026-01-16 06:40:00,stockout
6436,9014,84600,2026-01-20 17:52:00,late
6437,9014,84607,2026-03-10 16:11:00,late
6438,9014,84614,2026-03-27 20:28:00,late
6439,9014,84618,2026-04-08 20:28:00,late
6440,9014,84628,2026-05-15 20:48:00,late
6441,9014,84629,2026-05-12 21:16:00,stockout
6442,9014,84630,2026-05-13 13:31:00,late
6443,9014,84635,2026-06-08 09:13:00,stockout
6444,9016,84649,2026-03-04 08:45:00,other
6445,9016,84655,2026-04-01 20:24:00,other
6446,9018,84659,2026-02-19 18:12:00,late
6447,9018,84670,2026-04-12 20:55:00,late
6448,9018,84671,2026-04-27 13:49:00,late
6449,9028,84706,2026-05-03 15:18:00,late
6450,9029,84708,2026-02-28 22:08:00,late
6451,9029,84724,2026-04-13 10:51:00,other
6452,9030,84732,2026-02-12 07:16:00,other
6453,9030,84735,2026-03-07 20:52:00,late
6454,9030,84738,2026-03-19 09:42:00,stockout
6455,9031,84752,2026-01-20 12:46:00,late
6456,9031,84761,2026-02-08 18:21:00,stockout
6457,9031,84774,2026-02-17 07:45:00,late
6458,9031,84779,2026-03-14 17:39:00,stockout
6459,9031,84781,2026-03-19 17:33:00,late
6460,9031,84783,2026-03-20 22:38:00,late
6461,9031,84786,2026-03-28 19:24:00,late
6462,9033,84792,2026-05-22 00:20:00,late
6463,9033,84802,2026-06-15 20:52:00,late
6464,9034,84810,2026-01-31 16:56:00,other
6465,9041,84826,2026-02-15 20:23:00,stockout
6466,9049,84871,2026-04-20 18:28:00,late
6467,9049,84877,2026-05-30 12:18:00,other
6468,9052,84897,2026-04-20 12:52:00,stockout
6469,9053,84909,2026-05-10 21:38:00,stockout
6470,9054,84910,2026-06-13 12:58:00,late
6471,9055,84912,2026-05-15 18:50:00,late
6472,9055,84917,2026-06-17 16:49:00,stockout
6473,9056,84928,2026-03-26 08:20:00,stockout
6474,9056,84930,2026-04-10 18:36:00,late
6475,9057,84945,2026-05-10 22:59:00,late
6476,9057,84950,2026-06-02 17:24:00,late
6477,9057,84954,2026-07-03 13:34:00,late
6478,9058,84974,2026-04-26 18:47:00,stockout
6479,9058,84987,2026-06-04 17:44:00,other
6480,9060,85001,2026-04-08 14:33:00,stockout
6481,9061,85003,2026-04-11 18:48:00,late
6482,9071,85047,2026-03-13 18:19:00,late
6483,9071,85059,2026-05-06 20:37:00,stockout
6484,9071,85068,2026-06-22 18:21:00,other
6485,9072,85069,2026-01-23 15:01:00,late
6486,9072,85071,2026-01-29 17:52:00,stockout
6487,9073,85092,2026-05-04 15:27:00,stockout
6488,9075,85125,2026-05-15 19:06:00,other
6489,9075,85132,2026-06-01 18:51:00,late
6490,9077,85142,2026-05-10 10:11:00,late
6491,9078,85168,2026-06-05 20:55:00,late
6492,9078,85176,2026-07-05 17:39:00,stockout
6493,9079,85179,2026-01-09 18:49:00,late
6494,9081,85189,2026-01-05 13:12:00,stockout
6495,9081,85190,2026-01-17 17:52:00,stockout
6496,9081,85202,2026-02-18 15:48:00,other
6497,9081,85225,2026-04-16 04:41:00,late
6498,9081,85238,2026-05-23 12:02:00,stockout
6499,9081,85246,2026-06-22 19:03:00,other
6500,9084,85262,2026-03-19 10:20:00,late
6501,9087,85295,2026-03-01 21:37:00,late
6502,9102,85402,2026-04-13 21:11:00,stockout
6503,9107,85444,2026-03-30 05:58:00,other
6504,9107,85450,2026-04-18 10:18:00,other
6505,9107,85458,2026-05-06 21:49:00,stockout
6506,9108,85486,2026-06-09 18:41:00,stockout
6507,9109,85493,2026-04-30 19:12:00,late
6508,9110,85499,2026-05-07 21:16:00,late
6509,9110,85503,2026-06-06 08:44:00,late
6510,9124,85583,2026-02-28 18:51:00,stockout
6511,9125,85590,2026-04-16 09:21:00,late
6512,9125,85592,2026-04-14 20:06:00,late
6513,9125,85593,2026-04-16 17:44:00,late
6514,9125,85594,2026-04-17 11:18:00,late
6515,9125,85601,2026-04-28 22:50:00,late
6516,9125,85604,2026-05-09 09:26:00,late
6517,9125,85611,2026-05-21 15:23:00,stockout
6518,9125,85613,2026-05-24 13:16:00,stockout
6519,9129,85633,2026-02-25 18:18:00,other
6520,9129,85639,2026-03-14 04:53:00,late
6521,9129,85651,2026-05-17 11:57:00,other
6522,9129,85655,2026-05-31 21:22:00,stockout
6523,9129,85658,2026-06-14 20:44:00,late
6524,9131,85680,2026-04-23 17:38:00,late
6525,9131,85688,2026-05-19 09:46:00,stockout
6526,9131,85691,2026-05-29 11:46:00,late
6527,9132,85697,2026-05-24 19:59:00,late
6528,9132,85700,2026-05-26 22:40:00,stockout
6529,9136,85717,2026-04-30 18:26:00,late
6530,9137,85722,2026-03-08 09:37:00,late
6531,9138,85758,2026-06-19 16:02:00,late
6532,9145,85787,2026-01-13 08:50:00,other
6533,9145,85795,2026-03-10 19:17:00,stockout
6534,9145,85801,2026-05-15 19:47:00,stockout
6535,9145,85807,2026-06-10 09:10:00,late
6536,9150,85833,2026-02-18 01:46:00,other
6537,9155,85878,2026-03-10 21:15:00,late
6538,9156,85886,2026-04-04 08:22:00,stockout
6539,9158,85894,2026-02-09 14:41:00,other
6540,9158,85899,2026-03-19 12:23:00,other
6541,9159,85906,2026-04-16 11:06:00,late
6542,9159,85913,2026-05-17 17:50:00,late
6543,9159,85917,2026-06-13 19:44:00,late
6544,9159,85921,2026-06-25 00:44:00,other
6545,9160,85930,2026-04-18 06:18:00,late
6546,9161,85931,2026-02-10 18:47:00,late
6547,9161,85937,2026-02-21 19:12:00,late
6548,9161,85938,2026-02-22 19:19:00,late
6549,9164,85942,2026-04-07 12:30:00,late
6550,9165,85943,2026-02-10 09:21:00,stockout
6551,9166,85946,2026-04-09 15:36:00,late
6552,9166,85948,2026-04-16 16:28:00,other
6553,9167,85967,2026-06-15 15:06:00,stockout
6554,9168,85970,2026-01-15 18:13:00,other
6555,9168,85978,2026-02-25 16:15:00,other
6556,9168,86002,2026-05-02 23:05:00,other
6557,9168,86014,2026-06-01 19:45:00,late
6558,9168,86017,2026-06-02 20:42:00,stockout
6559,9168,86025,2026-06-25 23:33:00,late
6560,9171,86054,2026-04-26 20:20:00,stockout
6561,9171,86062,2026-05-01 19:39:00,late
6562,9171,86086,2026-05-18 16:23:00,other
6563,9171,86092,2026-05-30 10:38:00,other
6564,9171,86103,2026-06-19 14:39:00,other
6565,9171,86110,2026-06-26 22:41:00,stockout
6566,9172,86123,2026-03-30 21:51:00,other
6567,9175,86132,2026-01-29 18:55:00,stockout
6568,9179,86144,2026-01-31 09:50:00,other
6569,9182,86172,2026-02-09 12:48:00,other
6570,9183,86183,2026-05-17 18:37:00,stockout
6571,9183,86188,2026-05-26 13:04:00,late
6572,9187,86212,2026-05-02 12:12:00,other
6573,9188,86216,2026-04-17 12:09:00,stockout
6574,9192,86252,2026-03-05 14:26:00,other
6575,9195,86304,2026-06-21 12:22:00,stockout
6576,9198,86343,2026-02-12 09:42:00,other
6577,9199,86370,2026-04-23 13:17:00,other
6578,9203,86404,2026-06-10 18:46:00,late
6579,9203,86419,2026-06-29 09:36:00,stockout
6580,9204,86421,2026-05-24 19:30:00,stockout
6581,9208,86460,2026-07-04 08:09:00,late
6582,9209,86464,2026-01-26 15:59:00,other
6583,9209,86469,2026-02-05 16:33:00,late
6584,9209,86475,2026-02-20 10:40:00,stockout
6585,9209,86494,2026-04-02 16:59:00,other
6586,9209,86495,2026-04-06 13:48:00,late
6587,9209,86498,2026-04-18 14:18:00,stockout
6588,9209,86501,2026-05-01 10:44:00,late
6589,9209,86510,2026-05-20 12:34:00,late
6590,9209,86512,2026-05-25 10:52:00,late
6591,9209,86523,2026-06-14 15:35:00,late
6592,9209,86529,2026-06-22 17:56:00,other
6593,9209,86531,2026-07-05 21:20:00,late
6594,9211,86539,2026-02-20 20:06:00,stockout
6595,9211,86550,2026-05-01 12:01:00,other
6596,9212,86559,2026-03-14 20:03:00,stockout
6597,9212,86563,2026-04-03 15:33:00,late
6598,9213,86579,2026-05-29 18:31:00,late
6599,9215,86585,2026-01-29 15:29:00,stockout
6600,9215,86586,2026-01-28 23:25:00,late
6601,9215,86589,2026-02-02 14:52:00,late
6602,9215,86610,2026-04-24 11:29:00,stockout
6603,9215,86614,2026-05-07 10:16:00,late
6604,9216,86625,2026-03-17 17:02:00,late
6605,9216,86641,2026-05-09 19:24:00,late
6606,9216,86643,2026-05-15 19:04:00,late
6607,9216,86645,2026-05-20 16:52:00,late
6608,9216,86648,2026-05-24 00:58:00,other
6609,9216,86651,2026-05-31 02:53:00,late
6610,9217,86660,2026-02-19 06:19:00,other
6611,9217,86669,2026-03-17 18:41:00,late
6612,9217,86671,2026-03-27 20:47:00,other
6613,9217,86674,2026-03-29 19:52:00,late
6614,9217,86685,2026-05-02 16:24:00,late
6615,9218,86706,2026-03-26 18:02:00,late
6616,9218,86711,2026-04-25 20:22:00,late
6617,9224,86734,2026-05-03 08:57:00,other
6618,9225,86749,2026-04-15 12:02:00,other
6619,9233,86783,2026-01-31 07:08:00,stockout
6620,9233,86787,2026-02-15 10:11:00,late
6621,9233,86792,2026-03-14 08:06:00,stockout
6622,9233,86802,2026-05-17 19:06:00,stockout
6623,9238,86823,2026-06-01 18:03:00,late
6624,9238,86824,2026-06-04 15:09:00,stockout
6625,9238,86825,2026-06-17 19:25:00,late
6626,9239,86837,2026-05-13 21:51:00,late
6627,9245,86915,2026-03-12 13:30:00,late
6628,9245,86918,2026-03-16 11:36:00,other
6629,9248,86937,2026-05-12 18:27:00,late
6630,9263,87010,2026-02-18 19:42:00,stockout
6631,9263,87012,2026-03-18 23:33:00,other
6632,9266,87021,2026-05-12 19:36:00,late
6633,9266,87026,2026-05-28 12:25:00,other
6634,9271,87047,2026-05-28 10:38:00,other
6635,9272,87057,2026-04-26 18:19:00,stockout
6636,9272,87067,2026-05-09 13:31:00,late
6637,9272,87069,2026-05-12 19:11:00,late
6638,9272,87071,2026-05-13 07:08:00,late
6639,9274,87080,2026-05-31 18:57:00,stockout
6640,9278,87116,2026-04-18 17:44:00,stockout
6641,9283,87155,2026-05-13 20:08:00,late
6642,9284,87170,2026-04-07 08:35:00,other
6643,9284,87178,2026-06-05 09:27:00,other
6644,9289,87199,2026-06-08 19:53:00,stockout
6645,9292,87214,2026-06-01 09:28:00,stockout
6646,9292,87217,2026-06-16 08:48:00,other
6647,9296,87255,2026-05-24 10:06:00,other
6648,9298,87259,2026-03-22 19:48:00,late
6649,9298,87260,2026-03-18 09:07:00,late
6650,9298,87265,2026-04-26 17:55:00,late
6651,9302,87283,2026-01-20 18:38:00,late
6652,9303,87299,2026-04-07 20:48:00,late
6653,9303,87305,2026-04-30 10:50:00,stockout
6654,9303,87311,2026-05-26 19:49:00,late
6655,9305,87321,2026-01-20 10:50:00,stockout
6656,9306,87333,2026-05-27 12:55:00,stockout
6657,9306,87337,2026-06-02 20:08:00,stockout
6658,9306,87340,2026-06-02 19:27:00,late
6659,9307,87354,2026-02-05 18:49:00,late
6660,9308,87359,2026-03-10 20:45:00,late
6661,9309,87390,2026-03-20 15:24:00,stockout
6662,9315,87397,2026-06-17 12:58:00,late
6663,9316,87399,2026-04-06 11:21:00,late
6664,9316,87400,2026-04-13 09:20:00,late
6665,9316,87411,2026-05-11 17:21:00,late
6666,9316,87412,2026-05-17 20:49:00,late
6667,9321,87437,2026-06-14 10:37:00,stockout
6668,9321,87438,2026-06-25 15:56:00,other
6669,9323,87449,2026-05-24 12:05:00,stockout
6670,9329,87492,2026-03-03 12:03:00,stockout
6671,9333,87546,2026-02-21 08:24:00,stockout
6672,9333,87556,2026-03-04 09:49:00,other
6673,9333,87575,2026-03-18 18:06:00,late
6674,9333,87577,2026-03-16 19:54:00,late
6675,9333,87579,2026-03-24 08:55:00,other
6676,9333,87589,2026-04-08 19:35:00,late
6677,9333,87599,2026-04-30 20:26:00,late
6678,9333,87615,2026-05-20 16:45:00,stockout
6679,9333,87622,2026-05-31 09:22:00,stockout
6680,9333,87643,2026-06-28 11:36:00,late
6681,9333,87650,2026-07-03 12:38:00,late
6682,9338,87657,2026-03-30 21:19:00,late
6683,9338,87660,2026-04-12 09:57:00,other
6684,9338,87665,2026-04-21 20:59:00,stockout
6685,9338,87666,2026-04-23 03:36:00,late
6686,9338,87667,2026-04-24 10:56:00,other
6687,9339,87693,2026-04-01 09:27:00,late
6688,9339,87699,2026-05-14 06:38:00,stockout
6689,9339,87701,2026-05-30 23:40:00,stockout
6690,9341,87734,2026-04-15 20:18:00,late
6691,9344,87772,2026-05-01 19:02:00,late
6692,9344,87778,2026-06-23 09:46:00,late
6693,9345,87782,2026-03-08 09:56:00,other
6694,9345,87786,2026-04-02 15:39:00,other
6695,9351,87805,2026-06-14 10:30:00,other
6696,9356,87821,2026-02-02 17:16:00,stockout
6697,9358,87823,2026-01-09 08:38:00,late
6698,9359,87832,2026-05-17 17:53:00,other
6699,9360,87849,2026-03-02 08:07:00,other
6700,9364,87879,2026-04-07 18:22:00,late
6701,9366,87930,2026-05-19 20:31:00,other
6702,9366,87936,2026-06-04 18:14:00,late
6703,9366,87937,2026-06-13 14:55:00,late
6704,9367,87949,2026-04-01 17:42:00,late
6705,9369,87958,2026-05-05 07:10:00,late
6706,9370,87960,2026-02-17 14:39:00,late
6707,9374,87989,2026-05-08 10:21:00,late
6708,9379,88021,2026-05-05 10:03:00,stockout
6709,9383,88064,2026-05-04 17:58:00,late
6710,9386,88072,2026-04-08 13:53:00,stockout
6711,9386,88075,2026-04-23 18:48:00,late
6712,9394,88127,2026-04-04 17:46:00,late
6713,9395,88129,2026-04-25 14:33:00,stockout
6714,9395,88140,2026-05-10 08:11:00,stockout
6715,9396,88154,2026-05-07 16:51:00,other
6716,9396,88159,2026-05-13 17:47:00,late
6717,9396,88167,2026-05-22 18:27:00,late
6718,9399,88175,2026-01-10 06:25:00,late
6719,9402,88227,2026-03-15 21:34:00,other
6720,9402,88241,2026-04-17 15:46:00,late
6721,9404,88256,2026-07-05 19:49:00,late
6722,9405,88265,2026-01-24 06:03:00,other
6723,9405,88283,2026-03-14 11:20:00,stockout
6724,9405,88284,2026-03-11 06:31:00,late
6725,9406,88285,2026-03-20 14:30:00,stockout
6726,9408,88294,2026-05-20 22:43:00,stockout
6727,9408,88296,2026-05-29 17:04:00,late
6728,9408,88298,2026-06-01 09:08:00,stockout
6729,9409,88304,2026-06-22 20:55:00,late
6730,9414,88324,2026-05-29 22:10:00,late
6731,9418,88328,2026-03-13 17:28:00,other
6732,9419,88331,2026-05-06 07:46:00,stockout
6733,9421,88360,2026-06-16 19:32:00,late
6734,9424,88390,2026-03-31 07:09:00,late
6735,9425,88412,2026-04-09 20:54:00,stockout
6736,9425,88413,2026-04-28 20:14:00,stockout
6737,9431,88468,2026-05-12 18:52:00,other
6738,9433,88476,2026-06-07 08:39:00,stockout
6739,9434,88481,2026-01-09 12:24:00,stockout
6740,9434,88489,2026-01-24 21:58:00,stockout
6741,9434,88497,2026-03-01 19:49:00,late
6742,9438,88526,2026-03-02 08:28:00,stockout
6743,9438,88532,2026-04-10 05:44:00,stockout
6744,9438,88542,2026-05-21 23:29:00,stockout
6745,9440,88549,2026-02-28 15:00:00,late
6746,9447,88593,2026-03-17 20:39:00,other
6747,9447,88596,2026-03-30 09:34:00,late
6748,9450,88614,2026-05-03 05:52:00,late
6749,9450,88617,2026-05-09 21:01:00,late
6750,9450,88623,2026-05-11 00:48:00,stockout
6751,9450,88624,2026-05-14 15:07:00,other
6752,9450,88627,2026-05-24 09:44:00,stockout
6753,9450,88630,2026-06-09 11:49:00,late
6754,9454,88660,2026-02-11 20:06:00,late
6755,9454,88661,2026-02-14 14:11:00,late
6756,9458,88673,2026-04-26 08:40:00,other
6757,9458,88676,2026-05-03 10:25:00,late
6758,9460,88682,2026-02-05 06:10:00,late
6759,9462,88696,2026-05-06 18:53:00,stockout
6760,9466,88715,2026-05-22 07:53:00,stockout
6761,9469,88727,2026-06-28 10:48:00,late
6762,9471,88732,2026-04-19 18:48:00,other
6763,9472,88743,2026-06-21 07:09:00,stockout
6764,9473,88764,2026-04-30 09:35:00,other
6765,9473,88797,2026-06-18 08:28:00,late
6766,9474,88807,2026-05-22 19:52:00,stockout
6767,9477,88814,2026-04-07 17:56:00,late
6768,9477,88816,2026-04-23 17:57:00,late
6769,9479,88822,2026-02-26 12:59:00,late
6770,9479,88829,2026-06-22 20:45:00,late
6771,9481,88833,2026-05-13 07:06:00,late
6772,9482,88836,2026-02-15 04:49:00,late
6773,9485,88844,2026-03-29 16:21:00,stockout
6774,9485,88872,2026-06-22 07:33:00,other
6775,9485,88873,2026-06-28 20:46:00,stockout
6776,9487,88889,2026-06-04 19:51:00,late
6777,9489,88895,2026-05-09 21:12:00,late
6778,9489,88898,2026-05-29 20:14:00,stockout
6779,9492,88904,2026-04-01 18:20:00,stockout
6780,9492,88915,2026-06-15 19:06:00,late
6781,9492,88917,2026-06-23 14:03:00,late
6782,9496,88937,2026-04-12 18:11:00,late
6783,9497,88945,2026-05-04 06:50:00,other
6784,9497,88946,2026-05-05 13:16:00,other
6785,9500,88984,2026-04-01 14:48:00,late
6786,9501,88988,2026-05-16 11:32:00,stockout
6787,9502,88990,2026-03-15 11:35:00,other
6788,9502,88997,2026-04-29 13:30:00,stockout
6789,9503,89008,2026-06-08 19:29:00,stockout
6790,9507,89024,2026-02-25 09:22:00,stockout
6791,9507,89026,2026-03-09 18:30:00,other
6792,9507,89047,2026-06-01 13:54:00,late
6793,9508,89058,2026-05-26 22:56:00,late
6794,9510,89078,2026-04-15 10:42:00,stockout
6795,9510,89080,2026-05-03 20:09:00,stockout
6796,9511,89086,2026-02-16 15:38:00,stockout
6797,9514,89098,2026-03-16 20:26:00,late
6798,9514,89100,2026-03-29 08:25:00,other
6799,9515,89103,2026-02-07 18:56:00,late
6800,9516,89106,2026-02-15 23:43:00,late
6801,9516,89109,2026-02-15 15:31:00,stockout
6802,9516,89110,2026-02-14 17:30:00,late
6803,9516,89116,2026-03-09 21:10:00,other
6804,9516,89128,2026-04-27 17:53:00,stockout
6805,9516,89134,2026-05-21 17:57:00,late
6806,9519,89142,2026-03-10 05:05:00,other
6807,9523,89164,2026-04-19 18:22:00,late
6808,9525,89176,2026-02-20 11:32:00,late
6809,9526,89193,2026-03-21 05:03:00,other
6810,9526,89198,2026-04-16 16:09:00,stockout
6811,9530,89224,2026-05-30 18:47:00,late
6812,9538,89245,2026-05-19 10:41:00,late
6813,9540,89254,2026-05-19 18:27:00,late
6814,9540,89256,2026-05-19 20:35:00,late
6815,9540,89263,2026-06-24 06:06:00,stockout
6816,9552,89319,2026-03-30 21:49:00,late
6817,9553,89330,2026-04-24 15:46:00,stockout
6818,9553,89334,2026-04-27 12:25:00,stockout
6819,9562,89414,2026-06-30 07:45:00,late
6820,9577,89523,2026-02-09 18:26:00,other
6821,9579,89546,2026-05-17 21:20:00,other
6822,9581,89575,2026-03-24 20:13:00,late
6823,9581,89593,2026-04-22 12:52:00,stockout
6824,9583,89602,2026-04-25 18:24:00,late
6825,9583,89605,2026-05-26 10:10:00,late
6826,9583,89606,2026-06-02 17:51:00,stockout
6827,9584,89657,2026-07-05 16:13:00,stockout
6828,9586,89667,2026-05-27 21:44:00,late
6829,9590,89698,2026-04-20 16:57:00,late
6830,9592,89711,2026-02-06 22:01:00,late
6831,9592,89714,2026-02-16 12:10:00,stockout
6832,9595,89725,2026-06-02 11:32:00,other
6833,9598,89744,2026-05-22 20:49:00,stockout
6834,9598,89745,2026-05-30 20:56:00,late
6835,9601,89765,2026-05-14 20:00:00,stockout
6836,9601,89774,2026-06-19 07:53:00,stockout
6837,9603,89788,2026-01-16 17:13:00,stockout
6838,9605,89832,2026-04-19 08:10:00,late
6839,9613,89863,2026-05-11 06:12:00,stockout
6840,9613,89865,2026-05-20 16:25:00,other
6841,9615,89872,2026-03-18 21:39:00,stockout
6842,9615,89885,2026-04-22 10:03:00,stockout
6843,9615,89895,2026-05-16 08:56:00,other
6844,9615,89900,2026-06-04 18:01:00,late
6845,9616,89913,2026-02-17 05:34:00,other
6846,9617,89917,2026-03-28 13:22:00,late
6847,9617,89919,2026-04-12 16:16:00,late
6848,9617,89937,2026-07-05 06:56:00,late
6849,9618,89938,2026-01-12 09:41:00,late
6850,9618,89940,2026-01-25 17:59:00,other
6851,9618,89941,2026-01-20 12:00:00,stockout
6852,9618,89948,2026-02-16 21:57:00,stockout
6853,9618,89950,2026-03-01 19:43:00,late
6854,9618,89953,2026-04-01 12:45:00,late
6855,9622,89976,2026-04-07 14:04:00,stockout
6856,9622,89981,2026-04-23 09:21:00,late
6857,9622,89984,2026-05-02 14:42:00,stockout
6858,9622,89986,2026-05-05 17:27:00,stockout
6859,9622,89989,2026-05-08 01:17:00,late
6860,9622,89992,2026-05-13 15:43:00,late
6861,9622,90008,2026-06-15 19:35:00,late
6862,9623,90018,2026-04-10 17:49:00,stockout
6863,9623,90028,2026-05-01 12:39:00,stockout
6864,9623,90040,2026-06-12 18:09:00,late
6865,9627,90094,2026-03-31 18:20:00,late
6866,9628,90095,2026-03-18 18:07:00,late
6867,9629,90103,2026-05-27 08:51:00,stockout
6868,9629,90109,2026-06-11 22:49:00,late
6869,9630,90113,2026-02-26 09:48:00,other
6870,9631,90129,2026-01-24 05:24:00,late
6871,9631,90130,2026-01-22 15:00:00,stockout
6872,9631,90131,2026-02-01 09:41:00,stockout
6873,9631,90135,2026-02-07 19:00:00,late
6874,9632,90136,2026-05-03 20:04:00,late
6875,9633,90174,2026-04-22 19:57:00,stockout
6876,9635,90182,2026-04-18 19:40:00,stockout
6877,9637,90201,2026-02-18 10:52:00,late
6878,9637,90219,2026-05-06 18:54:00,late
6879,9640,90230,2026-02-13 19:51:00,late
6880,9641,90232,2026-01-21 17:05:00,late
6881,9641,90236,2026-02-10 14:33:00,stockout
6882,9641,90238,2026-02-20 20:09:00,late
6883,9641,90240,2026-03-02 07:57:00,stockout
6884,9641,90245,2026-03-26 03:15:00,late
6885,9641,90259,2026-06-05 06:44:00,stockout
6886,9643,90287,2026-05-16 07:22:00,other
6887,9643,90291,2026-05-22 12:03:00,stockout
6888,9643,90296,2026-05-22 19:32:00,late
6889,9644,90324,2026-04-29 18:10:00,other
6890,9644,90326,2026-05-04 19:28:00,late
6891,9644,90332,2026-05-19 18:06:00,late
6892,9644,90333,2026-05-24 18:43:00,late
6893,9644,90339,2026-05-29 08:25:00,late
6894,9644,90348,2026-06-19 19:33:00,late
6895,9644,90362,2026-06-29 13:45:00,late
6896,9644,90363,2026-07-02 13:53:00,late
6897,9646,90367,2026-05-08 18:43:00,late
6898,9646,90381,2026-05-27 18:06:00,other
6899,9646,90382,2026-05-27 18:48:00,late
6900,9648,90403,2026-02-05 20:20:00,late
6901,9648,90405,2026-03-03 19:47:00,stockout
6902,9658,90488,2026-05-14 07:46:00,late
6903,9658,90491,2026-05-28 10:23:00,stockout
6904,9658,90493,2026-06-14 18:30:00,late
6905,9658,90494,2026-06-22 02:30:00,late
6906,9659,90495,2026-01-12 19:46:00,other
6907,9661,90501,2026-01-31 18:28:00,late
6908,9663,90503,2026-02-15 19:33:00,late
6909,9665,90518,2026-03-16 09:12:00,stockout
6910,9665,90523,2026-03-25 18:44:00,late
6911,9669,90535,2026-05-26 12:51:00,late
6912,9671,90540,2026-04-07 15:35:00,stockout
6913,9673,90556,2026-04-02 10:38:00,other
6914,9673,90557,2026-04-02 12:21:00,stockout
6915,9677,90599,2026-01-13 20:46:00,stockout
6916,9681,90617,2026-02-27 21:37:00,late
6917,9681,90621,2026-03-25 17:35:00,late
6918,9682,90632,2026-02-04 07:48:00,other
6919,9682,90633,2026-03-20 18:18:00,late
6920,9685,90673,2026-05-05 11:15:00,other
6921,9686,90686,2026-03-16 18:39:00,late
6922,9688,90704,2026-04-09 18:52:00,other
6923,9690,90720,2026-02-13 17:57:00,other
6924,9690,90724,2026-02-19 15:36:00,stockout
6925,9690,90751,2026-04-13 13:17:00,late
6926,9690,90761,2026-04-30 08:07:00,late
6927,9690,90777,2026-06-02 06:56:00,other
6928,9690,90790,2026-06-30 00:45:00,late
6929,9693,90794,2026-05-06 12:42:00,late
6930,9696,90829,2026-05-30 20:28:00,late
6931,9697,90839,2026-02-08 19:29:00,late
6932,9701,90864,2026-01-18 20:46:00,late
6933,9701,90869,2026-01-28 18:46:00,late
6934,9701,90870,2026-02-20 22:31:00,late
6935,9701,90900,2026-06-16 21:07:00,stockout
6936,9707,90949,2026-02-10 10:56:00,late
6937,9707,90952,2026-02-21 17:46:00,late
6938,9710,90970,2026-06-28 16:21:00,late
6939,9713,90977,2026-01-23 02:32:00,late
6940,9714,90981,2026-05-05 05:31:00,late
6941,9715,90988,2026-03-11 19:31:00,stockout
6942,9715,90993,2026-04-09 20:53:00,stockout
6943,9716,91018,2026-03-21 18:07:00,other
6944,9717,91024,2026-03-12 22:05:00,stockout
6945,9720,91032,2026-04-17 20:58:00,other
6946,9720,91037,2026-04-16 09:44:00,late
6947,9721,91040,2026-01-15 18:41:00,late
6948,9724,91065,2026-02-20 20:08:00,late
6949,9727,91109,2026-02-04 15:28:00,other
6950,9733,91137,2026-06-05 08:37:00,other
6951,9733,91138,2026-06-11 20:36:00,other
6952,9736,91144,2026-05-29 19:33:00,late
6953,9737,91159,2026-03-22 18:07:00,late
6954,9744,91173,2026-02-17 21:05:00,stockout
6955,9746,91174,2026-02-28 08:22:00,stockout
6956,9746,91181,2026-03-12 19:46:00,late
6957,9748,91188,2026-06-05 12:48:00,stockout
6958,9749,91194,2026-03-17 19:41:00,late
6959,9749,91200,2026-03-28 12:30:00,other
6960,9749,91204,2026-04-01 20:35:00,stockout
6961,9750,91235,2026-03-20 19:20:00,other
6962,9750,91239,2026-04-10 15:14:00,late
6963,9750,91244,2026-05-16 20:57:00,stockout
6964,9750,91247,2026-05-19 19:55:00,late
6965,9753,91259,2026-03-11 19:41:00,late
6966,9754,91284,2026-02-14 09:11:00,other
6967,9756,91301,2026-02-18 20:05:00,stockout
6968,9760,91314,2026-01-18 19:26:00,late
6969,9761,91316,2026-04-15 07:05:00,late
6970,9761,91319,2026-04-21 08:28:00,stockout
6971,9762,91353,2026-04-03 05:01:00,late
6972,9764,91363,2026-02-17 14:28:00,other
6973,9769,91393,2026-05-26 09:02:00,late
6974,9770,91410,2026-03-18 08:30:00,stockout
6975,9770,91412,2026-03-23 19:58:00,late
6976,9771,91445,2026-05-27 16:14:00,late
6977,9778,91507,2026-03-09 19:27:00,late
6978,9780,91525,2026-02-14 03:53:00,other
6979,9785,91542,2026-03-30 20:46:00,late
6980,9788,91556,2026-05-09 12:44:00,late
6981,9797,91573,2026-03-15 07:49:00,other
6982,9797,91575,2026-04-04 14:04:00,late
6983,9797,91582,2026-05-18 12:48:00,stockout
6984,9799,91650,2026-06-17 07:38:00,stockout
6985,9802,91663,2026-02-05 17:28:00,stockout
6986,9803,91670,2026-04-03 20:09:00,stockout
6987,9803,91673,2026-04-06 19:39:00,late
6988,9805,91711,2026-03-13 20:52:00,late
6989,9805,91716,2026-04-26 18:22:00,late
6990,9805,91721,2026-05-12 21:05:00,other
6991,9805,91724,2026-05-24 09:58:00,late
6992,9806,91736,2026-01-12 08:03:00,other
6993,9806,91738,2026-01-17 17:11:00,other
6994,9811,91763,2026-05-31 12:00:00,other
6995,9814,91773,2026-01-22 14:54:00,stockout
6996,9814,91775,2026-01-30 06:10:00,stockout
6997,9816,91793,2026-05-18 07:58:00,other
6998,9818,91825,2026-05-14 10:19:00,other
6999,9819,91842,2026-01-31 14:37:00,stockout
7000,9819,91844,2026-02-01 14:46:00,late
7001,9821,91849,2026-02-23 07:19:00,late
7002,9821,91850,2026-02-25 19:41:00,late
7003,9822,91853,2026-02-02 18:22:00,late
7004,9823,91864,2026-02-17 10:27:00,late
7005,9826,91868,2026-02-20 10:09:00,late
7006,9827,91874,2026-05-01 12:04:00,other
7007,9827,91893,2026-06-12 14:23:00,stockout
7008,9828,91925,2026-03-18 08:17:00,other
7009,9828,91936,2026-05-09 18:47:00,late
7010,9830,91969,2026-02-10 09:33:00,stockout
7011,9830,91974,2026-03-11 15:12:00,stockout
7012,9830,91983,2026-04-28 16:30:00,late
7013,9834,91991,2026-02-10 18:14:00,late
7014,9837,91999,2026-03-24 18:11:00,other
7015,9837,92022,2026-07-03 10:17:00,stockout
7016,9841,92030,2026-01-28 20:43:00,late
7017,9842,92035,2026-03-22 15:01:00,late
7018,9846,92049,2026-03-23 02:33:00,late
7019,9848,92074,2026-05-06 18:06:00,late
7020,9848,92078,2026-05-21 17:39:00,late
7021,9851,92114,2026-04-15 06:01:00,other
7022,9852,92150,2026-04-11 16:35:00,other
7023,9852,92153,2026-04-18 16:34:00,stockout
7024,9852,92173,2026-05-13 17:27:00,late
7025,9852,92174,2026-05-11 21:42:00,late
7026,9852,92198,2026-06-26 18:32:00,stockout
7027,9860,92253,2026-05-08 11:43:00,stockout
7028,9860,92255,2026-05-16 20:09:00,stockout
7029,9862,92292,2026-04-01 10:18:00,other
7030,9863,92301,2026-05-24 19:51:00,other
7031,9865,92303,2026-01-06 18:08:00,late
7032,9867,92337,2026-05-01 17:30:00,stockout
7033,9872,92361,2026-05-19 09:07:00,late
7034,9874,92379,2026-05-08 10:34:00,late
7035,9874,92388,2026-06-06 19:14:00,other
7036,9874,92394,2026-06-20 18:56:00,late
7037,9877,92415,2026-03-08 17:36:00,late
7038,9880,92431,2026-04-03 19:49:00,late
7039,9881,92445,2026-04-27 11:11:00,stockout
7040,9883,92468,2026-02-25 19:57:00,late
7041,9885,92476,2026-03-29 09:35:00,late
7042,9885,92484,2026-04-20 07:19:00,late
7043,9891,92516,2026-05-02 22:25:00,late
7044,9891,92522,2026-05-15 03:03:00,stockout
7045,9894,92533,2026-02-01 18:16:00,other
7046,9894,92536,2026-02-05 13:19:00,stockout
7047,9894,92541,2026-02-20 18:35:00,late
7048,9895,92551,2026-02-21 20:29:00,stockout
7049,9895,92569,2026-04-08 10:08:00,stockout
7050,9896,92578,2026-04-16 08:30:00,stockout
7051,9896,92591,2026-07-01 09:59:00,late
7052,9897,92593,2026-01-12 19:53:00,late
7053,9897,92596,2026-01-15 09:05:00,late
7054,9900,92616,2026-03-19 12:21:00,stockout
7055,9900,92619,2026-04-01 09:32:00,late
7056,9900,92624,2026-04-08 20:38:00,late
7057,9900,92635,2026-06-06 19:55:00,late
7058,9901,92648,2026-04-27 08:52:00,other
7059,9901,92650,2026-05-07 17:39:00,late
7060,9908,92696,2026-03-29 21:42:00,other
7061,9911,92704,2026-04-25 05:00:00,late
7062,9911,92707,2026-05-11 22:55:00,other
7063,9916,92733,2026-02-13 14:49:00,late
7064,9921,92762,2026-02-18 22:29:00,other
7065,9926,92786,2026-04-11 16:57:00,late
7066,9929,92798,2026-04-20 19:53:00,late
7067,9929,92799,2026-05-02 18:17:00,late
7068,9930,92807,2026-07-04 19:24:00,stockout
7069,9932,92828,2026-05-16 18:13:00,other
7070,9934,92849,2026-06-18 09:03:00,late
7071,9934,92851,2026-06-26 17:38:00,late
7072,9938,92877,2026-04-22 07:52:00,late
7073,9938,92879,2026-04-30 20:54:00,late
7074,9942,92914,2026-03-10 15:15:00,late
7075,9942,92931,2026-05-06 08:10:00,stockout
7076,9944,92947,2026-07-03 11:12:00,stockout
7077,9945,92960,2026-05-16 16:24:00,late
7078,9946,92965,2026-05-25 20:22:00,late
7079,9948,92970,2026-03-22 08:04:00,other
7080,9948,92982,2026-04-16 10:09:00,stockout
7081,9948,92983,2026-04-25 13:55:00,late
7082,9950,93003,2026-01-20 12:41:00,other
7083,9953,93021,2026-03-30 16:43:00,late
7084,9953,93032,2026-05-01 10:25:00,late
7085,9954,93056,2026-07-05 01:11:00,late
7086,9955,93059,2026-02-11 20:58:00,late
7087,9955,93062,2026-03-20 23:19:00,other
7088,9955,93067,2026-05-23 17:21:00,late
7089,9956,93071,2026-05-16 16:49:00,late
7090,9958,93076,2026-05-20 17:38:00,stockout
7091,9960,93118,2026-05-25 08:47:00,stockout
7092,9963,93153,2026-05-24 09:20:00,late
7093,9963,93157,2026-06-19 17:52:00,late
7094,9964,93160,2026-01-23 19:11:00,other
7095,9967,93178,2026-02-28 13:34:00,other
7096,9967,93179,2026-03-07 02:00:00,late
7097,9967,93180,2026-03-06 19:59:00,stockout
7098,9972,93190,2026-04-21 13:50:00,stockout
7099,9973,93234,2026-07-05 17:59:00,stockout
7100,9974,93235,2026-02-09 11:15:00,late
7101,9977,93280,2026-03-18 20:55:00,late
7102,9977,93305,2026-05-19 19:03:00,late
7103,9980,93348,2026-03-24 11:13:00,stockout
7104,9980,93353,2026-04-15 23:14:00,stockout
7105,9981,93372,2026-05-02 15:45:00,stockout
7106,9983,93389,2026-05-12 19:30:00,late
7107,9986,93410,2026-03-20 09:10:00,late
7108,9986,93411,2026-03-26 07:59:00,late
7109,9986,93425,2026-05-22 00:36:00,other
7110,9986,93434,2026-07-03 17:18:00,stockout
7111,9992,93474,2026-03-18 16:04:00,late
7112,9992,93490,2026-04-14 09:58:00,stockout
7113,9994,93505,2026-05-26 18:32:00,late
7114,9997,93525,2026-02-09 20:54:00,late
7115,9998,93528,2026-02-02 15:56:00,other
7116,10000,93549,2026-04-26 18:24:00,late
7117,10010,93612,2026-04-20 11:51:00,other
7118,10010,93615,2026-05-07 17:35:00,late
7119,10010,93623,2026-06-07 07:19:00,stockout
7120,10012,93632,2026-06-07 10:52:00,other
7121,10019,93680,2026-01-17 12:26:00,late
7122,10021,93694,2026-01-16 19:15:00,late
7123,10021,93726,2026-06-09 08:59:00,other
7124,10021,93730,2026-06-16 03:47:00,stockout
7125,10021,93735,2026-06-25 11:31:00,other
7126,10022,93742,2026-04-26 12:29:00,late
7127,10022,93744,2026-04-25 19:59:00,stockout
7128,10025,93756,2026-01-22 09:06:00,other
7129,10025,93770,2026-02-22 18:54:00,late
7130,10025,93791,2026-04-05 00:53:00,stockout
7131,10025,93815,2026-05-16 11:11:00,stockout
7132,10025,93825,2026-06-09 19:52:00,late
7133,10025,93827,2026-06-20 12:34:00,other
7134,10025,93828,2026-06-16 18:26:00,other
7135,10026,93842,2026-03-23 20:27:00,stockout
7136,10026,93843,2026-03-30 19:35:00,late
7137,10026,93845,2026-04-17 15:56:00,late
7138,10026,93850,2026-05-10 20:57:00,late
7139,10026,93851,2026-05-17 08:06:00,other
7140,10026,93853,2026-06-11 06:55:00,late
7141,10026,93858,2026-07-04 20:10:00,late
7142,10028,93859,2026-03-01 15:08:00,late
7143,10029,93860,2026-04-19 15:53:00,stockout
7144,10037,93904,2026-05-06 18:57:00,stockout
7145,10045,93954,2026-04-20 20:08:00,late
7146,10047,93973,2026-03-27 21:12:00,other
7147,10048,93987,2026-02-16 20:45:00,late
7148,10048,93992,2026-04-16 13:52:00,late
7149,10048,93998,2026-05-16 21:46:00,late
7150,10049,94009,2026-02-17 20:34:00,late
7151,10052,94020,2026-05-03 20:52:00,stockout
7152,10053,94029,2026-05-24 19:14:00,late
7153,10059,94063,2026-01-17 11:17:00,late
7154,10059,94071,2026-02-06 20:04:00,late
7155,10059,94076,2026-02-19 21:35:00,late
7156,10059,94082,2026-03-03 08:47:00,stockout
7157,10059,94092,2026-03-24 21:10:00,late
7158,10059,94100,2026-04-12 18:26:00,late
7159,10059,94103,2026-04-20 13:38:00,other
7160,10059,94108,2026-04-27 09:53:00,late
7161,10059,94110,2026-04-27 20:44:00,late
7162,10059,94112,2026-05-05 12:20:00,late
7163,10061,94147,2026-04-02 15:05:00,stockout
7164,10064,94152,2026-03-05 14:14:00,other
7165,10068,94201,2026-05-05 19:55:00,late
7166,10074,94212,2026-04-16 00:40:00,other
7167,10074,94222,2026-05-18 08:19:00,late
7168,10074,94236,2026-07-05 18:01:00,late
7169,10075,94244,2026-05-08 19:49:00,late
7170,10076,94268,2026-04-27 07:52:00,stockout
7171,10078,94285,2026-05-16 00:06:00,late
7172,10079,94289,2026-03-20 07:39:00,other
7173,10079,94304,2026-04-11 15:08:00,stockout
7174,10079,94309,2026-04-30 19:07:00,late
7175,10080,94317,2026-04-02 01:50:00,stockout
7176,10081,94345,2026-03-24 17:21:00,other
7177,10081,94351,2026-03-30 06:48:00,other
7178,10082,94368,2026-05-30 17:55:00,other
7179,10083,94375,2026-03-28 07:49:00,other
7180,10086,94385,2026-04-30 20:34:00,late
7181,10089,94394,2026-03-13 19:24:00,stockout
7182,10089,94399,2026-03-25 10:05:00,late
7183,10089,94401,2026-03-29 18:07:00,stockout
7184,10089,94421,2026-05-17 19:26:00,other
7185,10089,94429,2026-06-12 20:19:00,stockout
7186,10091,94447,2026-06-05 20:16:00,late
7187,10098,94484,2026-03-21 18:46:00,late
7188,10098,94495,2026-05-14 10:53:00,other
7189,10098,94498,2026-06-07 07:33:00,other
7190,10098,94500,2026-06-04 20:07:00,stockout
7191,10100,94512,2026-01-31 19:03:00,late
7192,10100,94515,2026-02-12 23:34:00,late
7193,10100,94516,2026-02-17 18:48:00,stockout
7194,10100,94522,2026-03-09 19:34:00,stockout
7195,10105,94566,2026-05-27 18:08:00,other
7196,10107,94575,2026-05-08 07:19:00,stockout
7197,10107,94577,2026-05-16 13:07:00,stockout
7198,10107,94581,2026-06-12 21:04:00,stockout
7199,10108,94591,2026-03-07 17:53:00,stockout
7200,10108,94598,2026-04-25 14:09:00,stockout
7201,10108,94599,2026-04-29 21:42:00,late
7202,10108,94604,2026-06-18 20:46:00,late
7203,10109,94607,2026-01-23 13:20:00,stockout
7204,10109,94609,2026-01-29 20:18:00,stockout
7205,10112,94661,2026-03-20 12:01:00,other
7206,10113,94680,2026-05-04 14:21:00,late
7207,10115,94692,2026-04-01 08:57:00,stockout
7208,10117,94722,2026-05-21 20:15:00,late
7209,10119,94724,2026-01-25 11:47:00,other
7210,10119,94725,2026-01-28 21:46:00,stockout
7211,10119,94730,2026-02-11 08:26:00,stockout
7212,10119,94732,2026-02-12 21:27:00,other
7213,10122,94741,2026-04-09 06:58:00,other
7214,10123,94759,2026-04-12 18:50:00,late
7215,10129,94813,2026-05-11 12:31:00,late
7216,10130,94826,2026-03-13 08:02:00,stockout
7217,10130,94829,2026-03-30 16:06:00,late
7218,10135,94874,2026-05-16 14:26:00,late
7219,10139,94895,2026-03-23 00:09:00,stockout
7220,10139,94916,2026-06-08 07:14:00,late
7221,10144,94933,2026-04-08 19:32:00,late
7222,10145,94934,2026-03-31 16:44:00,late
7223,10145,94937,2026-04-06 13:46:00,late
7224,10145,94947,2026-04-28 17:58:00,late
7225,10147,94963,2026-03-24 09:31:00,other
7226,10147,94972,2026-05-14 21:12:00,stockout
7227,10147,94978,2026-06-02 17:41:00,other
7228,10150,95008,2026-04-24 06:16:00,stockout
7229,10150,95023,2026-05-12 08:26:00,late
7230,10150,95034,2026-06-14 20:56:00,stockout
7231,10150,95042,2026-07-01 19:57:00,stockout
7232,10151,95049,2026-04-18 13:13:00,late
7233,10152,95055,2026-04-19 12:33:00,stockout
7234,10152,95064,2026-05-19 19:13:00,stockout
7235,10156,95088,2026-04-06 02:05:00,late
7236,10157,95098,2026-01-28 20:49:00,other
7237,10160,95127,2026-06-26 20:04:00,late
7238,10160,95128,2026-06-26 20:49:00,late
7239,10162,95140,2026-05-14 11:18:00,stockout
7240,10162,95142,2026-05-18 20:24:00,late
7241,10162,95154,2026-06-09 19:19:00,stockout
7242,10162,95155,2026-06-21 18:40:00,late
7243,10164,95187,2026-05-26 06:39:00,other
7244,10164,95193,2026-06-13 19:04:00,late
7245,10164,95198,2026-07-02 20:38:00,other
7246,10165,95202,2026-04-02 17:45:00,stockout
7247,10165,95207,2026-04-26 19:49:00,other
7248,10165,95214,2026-05-15 17:53:00,late
7249,10165,95216,2026-05-18 21:01:00,late
7250,10165,95218,2026-05-22 13:41:00,late
7251,10165,95226,2026-06-21 14:37:00,stockout
7252,10168,95243,2026-04-16 22:30:00,late
7253,10168,95251,2026-05-10 19:03:00,late
7254,10168,95254,2026-05-18 12:28:00,stockout
7255,10180,95303,2026-06-29 19:29:00,late
7256,10185,95324,2026-05-17 17:17:00,stockout
7257,10190,95354,2026-03-29 19:15:00,late
7258,10190,95357,2026-04-04 07:01:00,late
7259,10191,95388,2026-03-12 22:34:00,late
7260,10191,95394,2026-04-08 22:44:00,other
7261,10191,95398,2026-04-18 06:01:00,stockout
7262,10191,95408,2026-05-07 17:06:00,stockout
7263,10191,95410,2026-06-01 21:42:00,late
7264,10193,95428,2026-04-17 19:57:00,other
7265,10193,95429,2026-04-16 11:50:00,other
7266,10198,95452,2026-02-19 17:26:00,late
7267,10202,95514,2026-05-04 15:02:00,other
7268,10209,95584,2026-05-29 11:06:00,late
7269,10212,95596,2026-02-13 04:03:00,other
7270,10212,95604,2026-02-26 07:09:00,late
7271,10212,95611,2026-03-20 20:55:00,other
7272,10212,95613,2026-03-25 19:33:00,late
7273,10213,95635,2026-04-09 19:43:00,stockout
7274,10213,95638,2026-04-06 18:44:00,stockout
7275,10213,95649,2026-04-25 21:42:00,other
7276,10213,95667,2026-05-16 22:40:00,late
7277,10213,95670,2026-05-19 20:21:00,late
7278,10213,95687,2026-05-30 18:45:00,late
7279,10213,95708,2026-06-21 18:48:00,late
7280,10213,95710,2026-06-25 19:05:00,other
7281,10213,95719,2026-06-30 07:34:00,late
7282,10216,95748,2026-04-22 19:40:00,other
7283,10217,95753,2026-04-22 19:31:00,stockout
7284,10220,95800,2026-03-15 17:57:00,stockout
7285,10220,95813,2026-04-01 13:34:00,other
7286,10220,95820,2026-04-24 17:53:00,stockout
7287,10220,95825,2026-04-29 08:20:00,stockout
7288,10220,95835,2026-05-19 20:23:00,other
7289,10220,95858,2026-06-15 21:18:00,stockout
7290,10221,95880,2026-05-12 22:48:00,stockout
7291,10224,95906,2026-04-30 12:41:00,other
7292,10227,95921,2026-03-25 09:46:00,other
7293,10227,95922,2026-03-24 13:15:00,other
7294,10227,95924,2026-04-08 15:41:00,other
7295,10229,95999,2026-05-23 07:50:00,other
7296,10230,96006,2026-04-11 22:39:00,other
7297,10230,96014,2026-05-30 20:10:00,stockout
7298,10230,96016,2026-06-21 03:16:00,other
7299,10236,96046,2026-05-17 19:31:00,other
7300,10236,96055,2026-06-12 18:54:00,late
7301,10237,96061,2026-05-09 07:08:00,other
7302,10238,96081,2026-02-26 09:17:00,stockout
7303,10239,96101,2026-06-05 10:15:00,late
7304,10240,96113,2026-04-16 08:16:00,other
7305,10246,96142,2026-04-12 10:24:00,other
7306,10247,96152,2026-03-31 04:46:00,stockout
7307,10247,96160,2026-05-16 20:09:00,stockout
7308,10248,96167,2026-05-23 07:36:00,stockout
7309,10251,96175,2026-04-04 15:33:00,stockout
7310,10251,96176,2026-04-06 15:20:00,late
7311,10251,96177,2026-04-14 11:19:00,stockout
7312,10251,96187,2026-06-21 20:58:00,late
7313,10252,96195,2026-03-25 20:09:00,late
7314,10255,96203,2026-02-09 22:52:00,stockout
7315,10257,96211,2026-01-27 10:44:00,stockout
7316,10257,96222,2026-03-26 10:25:00,stockout
7317,10260,96257,2026-03-01 15:12:00,late
7318,10260,96258,2026-02-23 20:42:00,other
7319,10261,96266,2026-03-26 22:16:00,other
7320,10262,96268,2026-06-25 19:49:00,late
7321,10262,96269,2026-06-29 16:38:00,stockout
7322,10266,96293,2026-04-19 09:00:00,stockout
7323,10267,96318,2026-04-15 09:53:00,other
7324,10268,96332,2026-05-04 20:51:00,late
7325,10271,96342,2026-03-11 10:55:00,late
7326,10272,96345,2026-02-28 10:13:00,late
7327,10276,96368,2026-05-13 16:08:00,stockout
7328,10277,96372,2026-05-09 20:18:00,stockout
7329,10279,96385,2026-06-02 12:11:00,late
7330,10285,96428,2026-05-18 13:37:00,stockout
7331,10287,96436,2026-03-03 17:44:00,late
7332,10288,96484,2026-03-09 12:34:00,late
7333,10288,96500,2026-04-18 17:08:00,stockout
7334,10288,96503,2026-04-19 16:02:00,stockout
7335,10288,96519,2026-05-11 08:58:00,other
7336,10292,96585,2026-06-08 18:24:00,late
7337,10292,96587,2026-06-15 21:38:00,late
7338,10294,96623,2026-06-24 15:08:00,late
7339,10296,96632,2026-02-02 12:30:00,late
7340,10296,96633,2026-02-05 13:22:00,other
7341,10296,96638,2026-02-27 11:57:00,late
7342,10296,96639,2026-02-26 21:16:00,other
7343,10297,96651,2026-03-11 17:36:00,late
7344,10300,96668,2026-02-10 18:49:00,late
7345,10300,96671,2026-02-09 16:38:00,other
7346,10301,96682,2026-03-08 23:29:00,other
7347,10302,96696,2026-05-09 10:45:00,late
7348,10302,96711,2026-06-25 20:25:00,other
7349,10302,96712,2026-06-24 21:33:00,other
7350,10302,96720,2026-07-05 10:02:00,late
7351,10304,96724,2026-03-20 16:25:00,late
7352,10305,96725,2026-05-04 16:55:00,other
7353,10305,96732,2026-06-26 07:13:00,other
7354,10306,96762,2026-05-21 19:04:00,late
7355,10306,96764,2026-05-31 09:17:00,late
7356,10308,96780,2026-05-13 20:44:00,stockout
7357,10312,96790,2026-02-28 22:16:00,late
7358,10312,96835,2026-05-31 19:05:00,late
7359,10312,96841,2026-06-11 21:26:00,late
7360,10312,96844,2026-06-12 12:41:00,late
7361,10313,96862,2026-04-03 07:21:00,late
7362,10314,96872,2026-05-20 18:41:00,late
7363,10316,96876,2026-02-05 09:50:00,other
7364,10320,96889,2026-05-23 21:45:00,stockout
7365,10320,96897,2026-06-07 20:15:00,late
7366,10320,96900,2026-06-16 10:08:00,late
7367,10323,96925,2026-06-13 18:43:00,late
7368,10323,96927,2026-06-18 22:50:00,stockout
7369,10328,96961,2026-02-02 18:01:00,late
7370,10329,96968,2026-05-11 06:59:00,late
7371,10333,96980,2026-04-22 20:34:00,late
7372,10334,96984,2026-04-10 17:41:00,stockout
7373,10335,97008,2026-06-01 13:06:00,late
7374,10335,97012,2026-06-08 19:16:00,late
7375,10335,97013,2026-06-12 23:45:00,late
7376,10336,97020,2026-04-11 01:58:00,late
7377,10336,97028,2026-06-22 15:13:00,late
7378,10337,97031,2026-01-15 12:18:00,late
7379,10339,97034,2026-01-23 13:49:00,late
7380,10342,97049,2026-02-21 19:18:00,stockout
7381,10344,97066,2026-03-23 17:14:00,stockout
7382,10344,97075,2026-05-02 23:08:00,other
7383,10344,97077,2026-05-06 08:38:00,other
7384,10344,97078,2026-05-05 16:38:00,late
7385,10344,97080,2026-05-16 14:49:00,stockout
7386,10346,97099,2026-02-08 20:48:00,other
7387,10346,97112,2026-03-19 21:11:00,stockout
7388,10349,97159,2026-05-09 05:57:00,stockout
7389,10349,97160,2026-05-06 19:47:00,late
7390,10349,97161,2026-05-24 12:14:00,other
7391,10349,97164,2026-06-12 12:48:00,late
7392,10349,97168,2026-06-19 09:16:00,stockout
7393,10350,97169,2026-03-19 17:50:00,other
7394,10350,97170,2026-04-03 09:16:00,late
7395,10351,97173,2026-03-26 03:32:00,other
7396,10352,97180,2026-05-03 16:23:00,late
7397,10355,97190,2026-04-22 12:13:00,late
7398,10355,97191,2026-04-24 11:54:00,stockout
7399,10355,97197,2026-05-31 08:05:00,late
7400,10355,97202,2026-06-17 10:54:00,stockout
7401,10362,97225,2026-04-19 19:26:00,late
7402,10364,97243,2026-04-28 16:19:00,other
7403,10369,97279,2026-05-15 23:48:00,late
7404,10371,97298,2026-04-25 08:38:00,late
7405,10372,97343,2026-06-03 20:21:00,stockout
7406,10375,97382,2026-04-23 01:40:00,late
7407,10381,97432,2026-04-04 18:46:00,late
7408,10382,97434,2026-03-12 19:52:00,late
7409,10382,97436,2026-03-28 11:07:00,stockout
7410,10383,97459,2026-04-01 19:31:00,late
7411,10383,97464,2026-04-11 11:45:00,other
7412,10385,97491,2026-02-21 18:30:00,late
7413,10385,97527,2026-04-30 19:04:00,late
7414,10385,97542,2026-06-07 14:03:00,stockout
7415,10393,97561,2026-01-22 18:42:00,late
7416,10394,97569,2026-05-24 20:56:00,late
7417,10395,97571,2026-04-16 04:55:00,stockout
7418,10402,97614,2026-03-09 13:38:00,other
7419,10402,97625,2026-04-20 07:14:00,other
7420,10404,97646,2026-05-16 18:37:00,late
7421,10413,97682,2026-01-25 10:14:00,other
7422,10413,97713,2026-04-11 20:03:00,late
7423,10414,97725,2026-05-24 07:16:00,late
7424,10415,97728,2026-01-05 18:32:00,stockout
7425,10416,97732,2026-04-10 20:55:00,late
7426,10418,97770,2026-06-27 04:18:00,late
7427,10424,97790,2026-04-12 15:26:00,late
7428,10428,97826,2026-06-15 12:55:00,late
7429,10429,97835,2026-04-08 16:59:00,stockout
7430,10430,97847,2026-03-09 17:48:00,stockout
7431,10431,97861,2026-01-16 19:55:00,other
7432,10431,97862,2026-01-13 05:30:00,late
7433,10435,97905,2026-03-24 13:05:00,late
7434,10438,97918,2026-03-31 19:55:00,late
7435,10446,97966,2026-06-14 20:00:00,stockout
7436,10449,97987,2026-06-03 11:50:00,late
7437,10451,97991,2026-05-26 18:46:00,late
7438,10451,97999,2026-06-29 14:02:00,late
7439,10451,98000,2026-07-04 19:32:00,late
7440,10455,98028,2026-03-04 17:20:00,late
7441,10455,98043,2026-03-25 08:23:00,other
7442,10455,98045,2026-04-08 20:26:00,late
7443,10455,98051,2026-04-20 20:55:00,late
7444,10455,98054,2026-05-01 18:04:00,other
7445,10456,98071,2026-05-16 13:11:00,stockout
7446,10461,98094,2026-04-17 18:01:00,stockout
7447,10461,98098,2026-04-24 19:14:00,stockout
7448,10464,98132,2026-06-15 20:59:00,other
7449,10465,98146,2026-03-14 09:33:00,stockout
7450,10466,98159,2026-01-30 18:34:00,late
7451,10466,98169,2026-03-12 18:26:00,stockout
7452,10466,98170,2026-03-17 06:58:00,other
7453,10466,98174,2026-03-31 21:07:00,late
7454,10470,98209,2026-04-29 10:10:00,other
7455,10470,98227,2026-06-02 22:06:00,other
7456,10470,98231,2026-06-23 18:57:00,late
7457,10479,98262,2026-04-29 20:18:00,other
7458,10479,98264,2026-05-07 19:55:00,late
7459,10482,98276,2026-05-18 20:00:00,late
7460,10483,98294,2026-05-14 07:19:00,stockout
7461,10485,98309,2026-04-02 19:41:00,late
7462,10487,98313,2026-02-15 17:17:00,other
7463,10487,98315,2026-03-05 00:06:00,other
7464,10488,98322,2026-01-06 10:17:00,late
7465,10488,98323,2026-01-17 10:53:00,late
7466,10488,98326,2026-01-29 20:40:00,stockout
7467,10488,98329,2026-01-28 18:44:00,other
7468,10488,98330,2026-02-05 08:31:00,late
7469,10488,98334,2026-02-17 21:20:00,late
7470,10488,98348,2026-04-09 11:52:00,stockout
7471,10488,98367,2026-06-22 04:05:00,late
7472,10488,98369,2026-07-04 12:32:00,late
7473,10489,98373,2026-03-24 18:58:00,late
7474,10490,98382,2026-05-20 19:05:00,stockout
7475,10492,98394,2026-03-27 10:01:00,stockout
7476,10492,98395,2026-03-25 09:50:00,other
7477,10495,98409,2026-05-21 17:07:00,stockout
7478,10499,98444,2026-05-21 13:24:00,stockout
7479,10499,98450,2026-06-06 07:01:00,stockout
7480,10503,98460,2026-03-16 16:59:00,late
7481,10503,98467,2026-04-01 08:02:00,other
7482,10505,98480,2026-04-24 21:46:00,late
7483,10505,98490,2026-05-09 22:09:00,stockout
7484,10507,98495,2026-02-14 16:24:00,other
7485,10509,98541,2026-01-14 03:13:00,stockout
7486,10509,98547,2026-01-13 15:44:00,late
7487,10509,98555,2026-02-17 18:27:00,late
7488,10509,98580,2026-04-16 17:49:00,late
7489,10509,98582,2026-04-26 20:21:00,late
7490,10509,98592,2026-05-17 10:20:00,late
7491,10515,98625,2026-02-17 20:05:00,late
7492,10515,98629,2026-04-03 14:48:00,other
7493,10519,98682,2026-02-07 20:29:00,late
7494,10520,98686,2026-05-05 08:53:00,late
7495,10520,98697,2026-06-02 18:11:00,late
7496,10521,98700,2026-02-09 16:31:00,stockout
7497,10521,98704,2026-02-19 15:44:00,late
7498,10526,98751,2026-02-19 07:10:00,late
7499,10526,98756,2026-03-06 11:23:00,stockout
7500,10526,98767,2026-03-21 17:34:00,other
7501,10526,98775,2026-04-13 20:32:00,late
7502,10530,98800,2026-04-30 01:07:00,other
7503,10530,98803,2026-06-13 20:20:00,stockout
7504,10531,98809,2026-05-15 08:42:00,stockout
7505,10533,98814,2026-01-17 17:29:00,stockout
7506,10533,98816,2026-02-01 12:59:00,late
7507,10533,98829,2026-03-27 13:52:00,late
7508,10533,98840,2026-05-08 06:44:00,other
7509,10533,98851,2026-06-08 21:09:00,other
7510,10533,98854,2026-06-25 11:14:00,late
7511,10536,98877,2026-03-07 20:44:00,late
7512,10541,98930,2026-04-20 07:55:00,stockout
7513,10541,98938,2026-05-24 08:41:00,late
7514,10541,98940,2026-05-21 22:59:00,stockout
7515,10543,98959,2026-04-27 18:26:00,late
7516,10544,98964,2026-04-14 09:05:00,other
7517,10544,98968,2026-05-17 18:33:00,other
7518,10544,98980,2026-07-03 12:30:00,late
7519,10547,98996,2026-02-22 22:47:00,other
7520,10548,99008,2026-03-02 18:14:00,stockout
7521,10550,99045,2026-06-12 07:10:00,late
7522,10550,99052,2026-07-01 04:01:00,stockout
7523,10553,99071,2026-02-28 20:41:00,late
7524,10555,99129,2026-03-25 07:50:00,late
7525,10555,99131,2026-03-30 18:13:00,late
7526,10555,99132,2026-03-30 08:13:00,late
7527,10559,99145,2026-06-03 08:30:00,late
7528,10559,99146,2026-06-06 19:32:00,late
7529,10560,99183,2026-04-21 08:12:00,stockout
7530,10560,99190,2026-05-13 19:26:00,stockout
7531,10562,99193,2026-04-19 15:24:00,other
7532,10567,99229,2026-05-09 06:34:00,late
7533,10567,99230,2026-05-10 21:43:00,late
7534,10568,99255,2026-05-22 13:09:00,stockout
7535,10568,99261,2026-06-03 09:07:00,late
7536,10569,99271,2026-04-26 16:36:00,late
7537,10570,99277,2026-02-07 20:02:00,stockout
7538,10570,99280,2026-02-10 20:12:00,late
7539,10570,99281,2026-02-16 19:41:00,other
7540,10573,99307,2026-02-10 14:06:00,stockout
7541,10573,99327,2026-04-02 13:37:00,stockout
7542,10573,99369,2026-06-06 18:47:00,stockout
7543,10573,99394,2026-07-04 18:33:00,stockout
7544,10574,99399,2026-05-12 16:42:00,late
7545,10576,99403,2026-04-01 20:34:00,late
7546,10576,99405,2026-04-07 08:53:00,other
7547,10576,99412,2026-05-10 10:57:00,stockout
7548,10576,99431,2026-06-26 16:48:00,late
7549,10577,99450,2026-02-24 13:37:00,stockout
7550,10577,99475,2026-05-09 13:44:00,stockout
7551,10577,99489,2026-05-18 23:43:00,other
7552,10577,99491,2026-05-25 19:01:00,late
7553,10577,99500,2026-06-12 06:25:00,late
7554,10580,99512,2026-05-14 09:30:00,late
7555,10580,99515,2026-05-22 02:54:00,late
7556,10581,99533,2026-05-07 19:29:00,stockout
7557,10581,99536,2026-05-24 06:37:00,other
7558,10581,99545,2026-06-26 03:27:00,late
7559,10583,99552,2026-05-08 19:59:00,late
7560,10583,99555,2026-05-20 18:28:00,late
7561,10583,99564,2026-07-04 17:42:00,late
7562,10587,99583,2026-03-09 21:16:00,other
7563,10587,99585,2026-05-10 21:58:00,late
7564,10588,99599,2026-02-07 19:34:00,stockout
7565,10588,99610,2026-03-11 22:24:00,stockout
7566,10589,99628,2026-05-23 20:19:00,late
7567,10593,99640,2026-04-28 19:15:00,late
7568,10598,99704,2026-06-10 19:58:00,late
7569,10602,99720,2026-04-13 16:37:00,late
7570,10602,99726,2026-05-18 09:04:00,late
7571,10602,99728,2026-05-24 22:44:00,late
7572,10603,99737,2026-06-09 16:48:00,stockout
7573,10603,99740,2026-06-19 19:04:00,other
7574,10603,99742,2026-06-26 11:08:00,other
7575,10603,99743,2026-06-28 10:45:00,late
7576,10604,99748,2026-04-02 23:40:00,stockout
7577,10606,99762,2026-05-22 20:33:00,late
7578,10608,99776,2026-05-04 03:49:00,late
7579,10609,99790,2026-02-18 16:58:00,other
7580,10609,99793,2026-03-01 01:44:00,stockout
7581,10610,99807,2026-03-06 06:30:00,late
7582,10612,99819,2026-06-18 19:50:00,other
7583,10614,99826,2026-01-21 16:47:00,late
7584,10614,99828,2026-01-31 14:11:00,late
7585,10614,99836,2026-03-09 21:21:00,stockout
7586,10615,99839,2026-03-04 18:19:00,stockout
7587,10615,99842,2026-03-17 11:47:00,other
7588,10618,99866,2026-05-08 20:35:00,late
7589,10618,99869,2026-06-04 10:37:00,late
7590,10622,99873,2026-01-26 20:39:00,stockout
7591,10625,99883,2026-02-03 16:57:00,stockout
7592,10626,99888,2026-04-19 11:41:00,late
7593,10627,99897,2026-03-20 06:21:00,other
7594,10635,99939,2026-04-02 19:18:00,late
7595,10636,99946,2026-04-20 02:02:00,late
7596,10636,99947,2026-05-18 13:29:00,other
7597,10639,99965,2026-04-06 20:38:00,late
7598,10648,100015,2026-04-13 15:51:00,stockout
7599,10648,100030,2026-06-09 07:13:00,late
7600,10648,100032,2026-06-08 20:51:00,late
7601,10649,100046,2026-01-30 20:13:00,late
7602,10650,100060,2026-01-15 15:11:00,stockout
7603,10654,100069,2026-06-03 06:53:00,stockout
7604,10654,100072,2026-06-13 19:53:00,other
7605,10654,100075,2026-06-18 13:46:00,late
7606,10659,100101,2026-03-19 22:17:00,stockout
7607,10659,100104,2026-04-01 21:29:00,other
7608,10660,100135,2026-06-17 20:44:00,stockout
7609,10662,100138,2026-02-01 09:50:00,late
7610,10668,100155,2026-01-24 13:32:00,other
7611,10670,100167,2026-02-24 09:41:00,other
7612,10671,100170,2026-06-06 17:15:00,stockout
7613,10673,100181,2026-04-20 10:04:00,other
7614,10673,100193,2026-06-13 07:21:00,late
7615,10673,100196,2026-06-28 19:52:00,late
7616,10680,100229,2026-02-20 21:49:00,other
7617,10683,100249,2026-02-05 20:40:00,stockout
7618,10683,100252,2026-02-10 09:05:00,stockout
7619,10683,100253,2026-02-10 13:52:00,stockout
7620,10683,100254,2026-02-21 19:57:00,stockout
7621,10683,100256,2026-02-21 08:22:00,other
7622,10683,100261,2026-02-27 21:56:00,stockout
7623,10683,100264,2026-03-08 17:47:00,late
7624,10683,100277,2026-03-20 09:59:00,late
7625,10683,100300,2026-04-24 18:05:00,stockout
7626,10683,100304,2026-05-09 14:48:00,other
7627,10683,100309,2026-05-22 08:14:00,late
7628,10683,100322,2026-06-13 19:40:00,late
7629,10683,100330,2026-07-04 18:19:00,late
7630,10687,100356,2026-06-19 20:45:00,late
7631,10689,100363,2026-03-07 09:35:00,late
7632,10689,100404,2026-06-27 20:24:00,late
7633,10690,100408,2026-03-10 21:29:00,late
7634,10690,100414,2026-05-17 18:42:00,late
7635,10690,100415,2026-05-14 11:22:00,stockout
7636,10691,100422,2026-05-19 20:06:00,late
7637,10691,100424,2026-06-01 18:04:00,stockout
7638,10694,100432,2026-01-27 10:28:00,stockout
7639,10697,100454,2026-02-01 20:36:00,stockout
7640,10697,100464,2026-02-15 09:12:00,stockout
7641,10697,100474,2026-02-24 08:42:00,late
7642,10699,100487,2026-02-25 17:51:00,late
7643,10699,100488,2026-02-24 19:46:00,late
7644,10699,100494,2026-03-29 06:00:00,other
7645,10700,100524,2026-06-03 19:42:00,late
7646,10702,100530,2026-02-24 09:57:00,stockout
7647,10709,100607,2026-04-17 17:02:00,other
7648,10721,100642,2026-04-05 17:26:00,other
7649,10722,100655,2026-01-31 23:20:00,other
7650,10722,100664,2026-02-18 05:35:00,stockout
7651,10722,100674,2026-03-06 16:52:00,other
7652,10722,100681,2026-03-09 20:01:00,late
7653,10724,100695,2026-06-03 22:06:00,late
7654,10724,100696,2026-06-07 12:20:00,late
7655,10724,100697,2026-06-18 11:22:00,stockout
7656,10729,100716,2026-03-23 20:50:00,late
7657,10729,100722,2026-04-16 19:23:00,late
7658,10729,100730,2026-05-08 15:01:00,stockout
7659,10729,100731,2026-05-04 12:27:00,late
7660,10729,100735,2026-05-11 18:13:00,late
7661,10729,100743,2026-06-17 21:47:00,late
7662,10734,100786,2026-04-22 17:20:00,stockout
7663,10734,100788,2026-04-21 19:10:00,late
7664,10734,100793,2026-06-02 12:50:00,late
7665,10736,100817,2026-04-05 19:09:00,other
7666,10736,100823,2026-04-02 17:56:00,stockout
7667,10736,100833,2026-04-19 15:58:00,late
7668,10736,100841,2026-04-21 20:05:00,other
7669,10736,100852,2026-05-17 18:09:00,stockout
7670,10736,100857,2026-05-17 15:20:00,late
7671,10736,100868,2026-06-01 17:19:00,other
7672,10736,100869,2026-06-01 13:28:00,stockout
7673,10743,100894,2026-03-15 06:44:00,late
7674,10743,100901,2026-03-28 14:26:00,stockout
7675,10743,100906,2026-04-09 18:20:00,other
7676,10743,100908,2026-04-07 09:14:00,late
7677,10743,100921,2026-05-17 10:14:00,stockout
7678,10743,100924,2026-05-25 19:37:00,late
7679,10743,100928,2026-06-11 07:18:00,stockout
7680,10745,100948,2026-04-30 18:26:00,late
7681,10745,100950,2026-05-17 07:01:00,other
7682,10745,100951,2026-05-13 07:39:00,other
7683,10745,100953,2026-05-29 16:23:00,other
7684,10745,100961,2026-06-26 20:44:00,stockout
7685,10747,100964,2026-03-16 13:25:00,stockout
7686,10749,100966,2026-02-02 12:37:00,stockout
7687,10750,100976,2026-03-08 19:19:00,late
7688,10750,100997,2026-05-21 12:10:00,late
7689,10753,101018,2026-06-02 17:07:00,stockout
7690,10754,101040,2026-04-22 19:50:00,other
7691,10756,101057,2026-06-23 10:53:00,late
7692,10760,101070,2026-02-03 04:50:00,late
7693,10760,101089,2026-03-07 19:50:00,late
7694,10760,101097,2026-03-27 01:27:00,stockout
7695,10762,101128,2026-02-05 11:25:00,stockout
7696,10772,101180,2026-04-21 15:22:00,stockout
7697,10775,101202,2026-04-03 18:43:00,late
7698,10775,101218,2026-05-12 08:34:00,stockout
7699,10775,101221,2026-05-24 10:28:00,stockout
7700,10775,101238,2026-06-23 21:10:00,stockout
7701,10776,101246,2026-03-16 14:41:00,late
7702,10777,101254,2026-01-27 18:13:00,late
7703,10781,101280,2026-02-14 07:58:00,late
7704,10781,101305,2026-06-20 16:58:00,stockout
7705,10781,101306,2026-06-27 10:40:00,late
7706,10783,101329,2026-01-12 12:08:00,stockout
7707,10784,101334,2026-03-16 08:57:00,late
7708,10784,101335,2026-03-18 13:20:00,stockout
7709,10785,101341,2026-04-29 11:36:00,late
7710,10786,101357,2026-02-23 13:10:00,other
7711,10786,101374,2026-04-08 08:40:00,late
7712,10786,101379,2026-04-24 18:58:00,late
7713,10786,101385,2026-05-02 18:17:00,late
7714,10786,101393,2026-05-13 21:36:00,other
7715,10786,101399,2026-05-23 12:39:00,late
7716,10786,101410,2026-06-05 18:40:00,late
7717,10786,101413,2026-06-10 20:27:00,late
7718,10786,101415,2026-06-16 19:20:00,stockout
7719,10786,101418,2026-06-25 10:45:00,late
7720,10788,101433,2026-03-25 21:48:00,other
7721,10794,101460,2026-03-15 17:08:00,other
7722,10795,101472,2026-03-10 19:36:00,late
7723,10795,101482,2026-04-08 03:49:00,stockout
7724,10795,101483,2026-04-11 16:11:00,other
7725,10795,101491,2026-04-22 10:41:00,late
7726,10796,101498,2026-03-24 18:32:00,late
7727,10796,101502,2026-04-08 19:10:00,other
7728,10797,101586,2026-05-06 18:48:00,other
7729,10798,101605,2026-01-29 12:00:00,late
7730,10798,101612,2026-02-12 09:51:00,late
7731,10798,101615,2026-03-03 09:17:00,late
7732,10803,101636,2026-03-06 15:57:00,other
7733,10803,101644,2026-04-22 08:20:00,stockout
7734,10804,101646,2026-04-24 12:30:00,other
7735,10804,101651,2026-07-03 13:45:00,stockout
7736,10805,101653,2026-04-27 15:39:00,late
7737,10809,101673,2026-05-11 07:31:00,other
7738,10809,101674,2026-05-24 18:59:00,late
7739,10813,101682,2026-04-19 07:31:00,late
7740,10813,101699,2026-06-08 11:13:00,late
7741,10817,101724,2026-03-25 09:23:00,late
7742,10819,101732,2026-05-11 20:09:00,other
7743,10819,101733,2026-05-21 20:04:00,other
7744,10820,101748,2026-04-07 15:07:00,late
7745,10820,101750,2026-04-09 10:37:00,late
7746,10820,101759,2026-05-27 21:48:00,other
7747,10822,101766,2026-05-08 14:01:00,stockout
7748,10823,101791,2026-03-23 19:14:00,stockout
7749,10826,101832,2026-04-12 19:08:00,late
7750,10826,101834,2026-04-09 09:43:00,late
7751,10827,101849,2026-05-02 16:05:00,late
7752,10827,101850,2026-04-29 18:45:00,late
7753,10828,101862,2026-03-26 14:38:00,stockout
7754,10830,101879,2026-03-29 10:12:00,stockout
7755,10830,101886,2026-05-06 18:45:00,stockout
7756,10834,101914,2026-04-18 16:49:00,stockout
7757,10834,101921,2026-05-22 06:24:00,other
7758,10835,101938,2026-03-14 20:23:00,stockout
7759,10835,101964,2026-05-03 17:08:00,other
7760,10835,101989,2026-06-17 20:01:00,other
7761,10838,102007,2026-05-27 19:09:00,late
7762,10838,102009,2026-06-01 18:12:00,other
7763,10840,102024,2026-05-15 06:52:00,late
7764,10843,102030,2026-03-07 03:57:00,late
7765,10844,102039,2026-05-13 08:18:00,stockout
7766,10846,102053,2026-02-24 12:28:00,stockout
7767,10848,102091,2026-02-20 16:37:00,late
7768,10850,102103,2026-05-07 20:34:00,stockout
7769,10850,102104,2026-05-08 19:32:00,other
7770,10850,102111,2026-05-31 23:34:00,other
7771,10851,102144,2026-05-25 19:05:00,late
7772,10851,102157,2026-06-28 21:33:00,stockout
7773,10853,102167,2026-03-24 15:19:00,stockout
7774,10853,102183,2026-04-24 06:19:00,stockout
7775,10853,102187,2026-04-27 14:24:00,late
7776,10853,102196,2026-05-16 20:12:00,stockout
7777,10853,102218,2026-06-22 19:37:00,late
7778,10853,102234,2026-07-05 17:34:00,other
7779,10857,102273,2026-03-02 20:20:00,other
7780,10857,102283,2026-04-16 19:51:00,late
7781,10862,102304,2026-05-09 15:50:00,late
7782,10864,102329,2026-06-12 17:07:00,other
7783,10866,102337,2026-02-25 20:48:00,stockout
7784,10866,102346,2026-05-18 20:35:00,late
7785,10867,102355,2026-02-24 21:29:00,late
7786,10873,102414,2026-05-10 14:05:00,stockout
7787,10874,102425,2026-06-24 19:30:00,late
7788,10875,102427,2026-01-16 18:48:00,stockout
7789,10877,102436,2026-06-15 20:36:00,late
7790,10878,102449,2026-03-10 04:28:00,other
7791,10878,102460,2026-04-21 03:46:00,late
7792,10878,102461,2026-04-26 07:09:00,stockout
7793,10882,102486,2026-05-31 21:24:00,stockout
7794,10882,102487,2026-06-05 19:32:00,late
7795,10884,102490,2026-05-19 09:26:00,stockout
7796,10895,102555,2026-04-27 13:56:00,late
7797,10898,102600,2026-06-06 15:38:00,late
7798,10909,102663,2026-02-18 19:32:00,late
7799,10909,102664,2026-02-18 20:05:00,late
7800,10910,102677,2026-01-28 09:46:00,stockout
7801,10910,102689,2026-03-27 17:28:00,stockout
7802,10910,102693,2026-04-06 07:52:00,other
7803,10911,102698,2026-04-29 19:39:00,other
7804,10911,102700,2026-05-06 07:17:00,late
7805,10911,102702,2026-05-07 08:23:00,stockout
7806,10911,102707,2026-05-15 18:59:00,stockout
7807,10914,102733,2026-01-23 08:29:00,stockout
7808,10914,102750,2026-03-19 18:00:00,late
7809,10915,102757,2026-02-17 16:41:00,stockout
7810,10917,102769,2026-03-09 20:55:00,late
7811,10917,102770,2026-03-24 12:11:00,stockout
7812,10919,102800,2026-05-26 20:39:00,late
7813,10921,102810,2026-04-05 19:58:00,late
7814,10922,102812,2026-01-25 12:23:00,late
7815,10922,102842,2026-04-20 19:50:00,late
7816,10922,102855,2026-05-22 12:06:00,late
7817,10922,102859,2026-05-31 20:32:00,late
7818,10922,102870,2026-06-22 11:44:00,stockout
7819,10923,102901,2026-03-17 11:58:00,other
7820,10923,102904,2026-03-29 08:50:00,stockout
7821,10923,102918,2026-04-12 19:13:00,other
7822,10923,102938,2026-06-21 09:10:00,other
7823,10925,102957,2026-05-04 07:25:00,other
7824,10926,102964,2026-01-10 15:51:00,stockout
7825,10930,102980,2026-04-29 00:59:00,other
7826,10931,102996,2026-02-09 22:51:00,stockout
7827,10931,103002,2026-02-24 18:29:00,late
7828,10931,103009,2026-03-18 08:55:00,late
7829,10931,103030,2026-05-04 22:14:00,stockout
7830,10932,103059,2026-03-04 12:48:00,other
7831,10934,103069,2026-02-02 15:07:00,stockout
7832,10934,103070,2026-02-10 19:23:00,stockout
7833,10935,103091,2026-04-24 12:01:00,late
7834,10939,103101,2026-03-05 13:49:00,late
7835,10939,103102,2026-03-09 20:41:00,other
7836,10939,103124,2026-05-05 18:26:00,late
7837,10939,103131,2026-05-26 13:39:00,stockout
7838,10939,103136,2026-06-17 20:57:00,late
7839,10939,103138,2026-06-22 18:08:00,late
7840,10941,103152,2026-04-06 20:37:00,stockout
7841,10941,103157,2026-05-13 22:12:00,late
7842,10942,103179,2026-03-27 08:18:00,stockout
7843,10944,103182,2026-03-19 08:51:00,stockout
7844,10945,103183,2026-01-12 19:13:00,late
7845,10945,103185,2026-01-15 11:54:00,late
7846,10947,103187,2026-03-19 05:16:00,stockout
7847,10947,103189,2026-05-07 10:08:00,stockout
7848,10949,103205,2026-03-03 17:54:00,late
7849,10949,103221,2026-05-02 22:19:00,other
7850,10949,103223,2026-05-06 16:47:00,other
7851,10949,103228,2026-05-24 09:52:00,other
7852,10949,103235,2026-06-10 17:19:00,other
7853,10950,103243,2026-05-05 18:16:00,stockout
7854,10952,103261,2026-02-24 08:38:00,other
7855,10952,103268,2026-03-19 19:48:00,late
7856,10952,103291,2026-06-07 20:38:00,late
7857,10952,103292,2026-06-02 21:49:00,stockout
7858,10954,103311,2026-02-19 21:52:00,late
7859,10957,103324,2026-05-10 16:45:00,late
7860,10959,103329,2026-01-23 16:25:00,late
7861,10959,103336,2026-01-27 08:54:00,late
7862,10959,103340,2026-01-28 01:33:00,other
7863,10959,103344,2026-02-04 19:15:00,late
7864,10959,103351,2026-02-10 12:58:00,late
7865,10959,103367,2026-03-03 21:01:00,late
7866,10963,103394,2026-05-28 18:35:00,late
7867,10963,103401,2026-07-02 12:02:00,late
7868,10969,103414,2026-04-27 17:27:00,other
7869,10970,103429,2026-03-10 07:22:00,stockout
7870,10974,103441,2026-03-16 10:27:00,stockout
7871,10975,103470,2026-06-04 08:59:00,other
7872,10976,103473,2026-02-14 11:00:00,stockout
7873,10984,103499,2026-04-21 07:42:00,late
7874,10984,103501,2026-04-25 12:45:00,other
7875,10984,103503,2026-04-25 08:04:00,late
7876,10984,103516,2026-06-25 19:03:00,late
7877,10988,103531,2026-02-26 01:08:00,stockout
7878,10989,103547,2026-02-01 11:14:00,late
7879,10990,103557,2026-02-15 13:28:00,late
7880,10992,103574,2026-04-29 20:56:00,late
7881,10993,103583,2026-02-18 15:25:00,other
7882,10993,103588,2026-03-12 20:48:00,other
7883,10993,103616,2026-06-27 17:56:00,other
7884,10996,103642,2026-03-15 18:15:00,other
7885,10996,103644,2026-03-21 05:16:00,other
7886,10996,103646,2026-03-18 14:13:00,stockout
7887,10996,103652,2026-04-01 05:31:00,stockout
7888,10996,103659,2026-04-25 18:23:00,late
7889,10997,103681,2026-03-28 17:10:00,stockout
7890,10997,103685,2026-04-16 04:11:00,stockout
7891,10997,103688,2026-06-15 21:03:00,late
7892,10999,103699,2026-03-20 05:25:00,stockout
7893,10999,103700,2026-03-17 20:40:00,late
7894,10999,103706,2026-04-10 10:20:00,other
7895,10999,103708,2026-04-09 14:35:00,stockout
7896,10999,103711,2026-04-19 10:55:00,other
7897,10999,103726,2026-06-14 22:11:00,late
7898,10999,103733,2026-06-26 19:37:00,late
7899,10999,103734,2026-07-02 20:17:00,stockout
7900,11002,103744,2026-02-07 16:33:00,late
7901,11002,103746,2026-02-06 17:06:00,late
7902,11002,103750,2026-02-14 07:31:00,other
7903,11002,103765,2026-03-16 17:27:00,stockout
7904,11002,103766,2026-03-17 16:39:00,stockout
7905,11011,103843,2026-01-25 15:11:00,late
7906,11011,103850,2026-02-08 18:23:00,late
7907,11012,103858,2026-03-09 06:18:00,late
7908,11012,103864,2026-05-16 18:58:00,stockout
7909,11012,103867,2026-05-25 18:26:00,late
7910,11014,103876,2026-02-28 18:11:00,stockout
7911,11014,103880,2026-03-09 19:05:00,late
7912,11014,103890,2026-04-07 20:52:00,late
7913,11014,103903,2026-05-11 15:28:00,late
7914,11017,103923,2026-05-04 19:10:00,stockout
7915,11017,103925,2026-05-06 18:01:00,late
7916,11019,103929,2026-04-14 21:44:00,stockout
7917,11020,103960,2026-06-09 22:36:00,late
7918,11021,103977,2026-04-24 11:53:00,late
7919,11023,103983,2026-01-05 18:10:00,late
7920,11023,103987,2026-02-07 19:10:00,late
7921,11023,103988,2026-02-08 20:42:00,late
7922,11025,103991,2026-03-07 20:30:00,late
7923,11028,104005,2026-07-05 22:08:00,other
7924,11030,104009,2026-04-06 00:28:00,other
7925,11030,104023,2026-06-22 07:48:00,other
7926,11032,104027,2026-03-22 18:02:00,late
7927,11034,104031,2026-07-04 10:53:00,stockout
7928,11036,104040,2026-06-18 16:51:00,other
7929,11044,104056,2026-03-02 21:12:00,late
7930,11044,104057,2026-03-09 18:22:00,late
7931,11045,104065,2026-05-16 16:51:00,stockout
7932,11045,104070,2026-06-06 09:13:00,stockout
7933,11052,104106,2026-03-06 16:09:00,late
7934,11052,104109,2026-03-29 18:25:00,other
7935,11052,104123,2026-04-22 11:24:00,late
7936,11052,104126,2026-04-24 16:06:00,stockout
7937,11052,104128,2026-04-22 20:18:00,late
7938,11052,104144,2026-06-08 21:05:00,stockout
7939,11052,104148,2026-06-15 17:46:00,late
7940,11055,104157,2026-01-15 11:31:00,other
7941,11058,104174,2026-02-25 08:29:00,late
7942,11058,104184,2026-03-25 14:05:00,other
7943,11058,104185,2026-04-05 10:06:00,stockout
7944,11059,104193,2026-04-27 13:47:00,late
7945,11059,104211,2026-06-15 18:00:00,other
7946,11059,104216,2026-06-22 08:11:00,late
7947,11065,104270,2026-05-26 23:00:00,other
7948,11074,104299,2026-04-10 18:18:00,late
7949,11076,104307,2026-02-06 20:37:00,stockout
7950,11084,104387,2026-02-06 07:58:00,stockout
7951,11084,104397,2026-02-28 20:56:00,stockout
7952,11088,104412,2026-03-25 13:21:00,stockout
7953,11090,104430,2026-02-19 18:58:00,late
7954,11090,104437,2026-03-09 06:00:00,other
7955,11090,104438,2026-03-20 21:03:00,other
7956,11090,104445,2026-04-03 13:54:00,other
7957,11090,104456,2026-04-29 09:10:00,late
7958,11092,104488,2026-01-22 14:27:00,late
7959,11095,104498,2026-05-21 13:41:00,other
7960,11096,104507,2026-06-26 09:55:00,other
7961,11097,104512,2026-03-25 17:35:00,late
7962,11097,104521,2026-04-28 08:03:00,stockout
7963,11097,104522,2026-05-06 22:47:00,stockout
7964,11097,104528,2026-05-26 19:51:00,stockout
7965,11097,104532,2026-06-06 12:09:00,late
7966,11097,104539,2026-06-08 18:56:00,late
7967,11097,104546,2026-06-30 20:43:00,stockout
7968,11100,104550,2026-04-09 19:42:00,late
7969,11100,104551,2026-04-10 19:32:00,late
7970,11100,104552,2026-04-20 16:52:00,late
7971,11100,104553,2026-04-28 11:58:00,late
7972,11100,104554,2026-05-17 08:16:00,late
7973,11102,104559,2026-04-26 16:59:00,other
7974,11107,104589,2026-03-09 20:28:00,stockout
7975,11109,104613,2026-06-24 18:57:00,other
7976,11113,104649,2026-05-21 09:20:00,late
7977,11113,104653,2026-05-25 19:10:00,late
7978,11113,104661,2026-06-09 06:13:00,late
7979,11113,104663,2026-06-19 19:05:00,stockout
7980,11113,104668,2026-07-04 16:07:00,late
7981,11114,104681,2026-05-19 08:59:00,stockout
7982,11115,104691,2026-05-13 23:14:00,other
7983,11120,104701,2026-06-03 10:30:00,other
7984,11123,104747,2026-04-23 20:31:00,stockout
7985,11123,104767,2026-06-13 17:52:00,stockout
7986,11123,104771,2026-07-05 13:18:00,other
7987,11124,104775,2026-04-01 10:52:00,stockout
7988,11125,104802,2026-06-28 08:51:00,stockout
7989,11125,104803,2026-06-26 20:29:00,stockout
7990,11127,104811,2026-01-29 18:12:00,late
7991,11128,104834,2026-03-21 20:21:00,late
7992,11129,104848,2026-02-15 20:31:00,late
7993,11129,104849,2026-03-06 04:20:00,stockout
7994,11130,104853,2026-01-30 21:33:00,other
7995,11134,104877,2026-02-08 19:51:00,other
7996,11137,104887,2026-05-03 15:52:00,late
7997,11140,104919,2026-04-25 18:09:00,late
7998,11144,104939,2026-01-27 22:21:00,other
7999,11144,104948,2026-04-10 19:48:00,late
8000,11144,104951,2026-05-02 20:41:00,stockout
8001,11145,104953,2026-05-14 20:48:00,late
8002,11146,104966,2026-03-07 19:17:00,late
8003,11146,104975,2026-05-16 16:35:00,stockout
8004,11146,104979,2026-06-11 19:42:00,late
8005,11146,104981,2026-07-03 15:23:00,stockout
8006,11147,104985,2026-02-10 19:00:00,stockout
8007,11149,105001,2026-05-18 11:07:00,other
8008,11152,105016,2026-06-14 18:08:00,stockout
8009,11154,105029,2026-05-03 06:15:00,other
8010,11156,105040,2026-05-13 08:20:00,late
8011,11156,105041,2026-05-31 10:19:00,stockout
8012,11157,105052,2026-02-02 11:27:00,stockout
8013,11160,105065,2026-04-21 20:51:00,other
8014,11160,105068,2026-04-26 19:33:00,late
8015,11161,105094,2026-04-21 19:11:00,late
8016,11161,105098,2026-04-29 11:47:00,stockout
8017,11161,105106,2026-06-21 20:54:00,late
8018,11162,105110,2026-03-14 17:22:00,stockout
8019,11163,105112,2026-05-11 18:04:00,stockout
8020,11166,105157,2026-04-12 19:36:00,other
8021,11166,105160,2026-05-14 03:44:00,stockout
8022,11168,105184,2026-02-02 12:35:00,late
8023,11168,105185,2026-02-02 09:02:00,stockout
8024,11169,105195,2026-03-01 18:54:00,late
8025,11169,105197,2026-03-09 19:25:00,late
8026,11170,105200,2026-04-20 11:26:00,other
8027,11170,105204,2026-05-21 11:03:00,late
8028,11172,105215,2026-02-02 15:23:00,late
8029,11172,105220,2026-02-11 13:46:00,other
8030,11172,105222,2026-02-13 22:52:00,late
8031,11175,105239,2026-04-26 15:57:00,late
8032,11177,105256,2026-05-23 18:17:00,late
8033,11177,105261,2026-06-24 19:12:00,late
8034,11178,105266,2026-03-18 18:05:00,late
8035,11182,105276,2026-05-17 12:40:00,late
8036,11183,105283,2026-03-07 12:27:00,late
8037,11186,105288,2026-02-20 19:04:00,late
8038,11187,105306,2026-01-27 06:17:00,stockout
8039,11187,105317,2026-02-10 18:37:00,other
8040,11187,105325,2026-02-20 21:10:00,stockout
8041,11187,105331,2026-02-24 22:27:00,late
8042,11187,105373,2026-04-10 19:50:00,other
8043,11187,105411,2026-05-11 12:49:00,stockout
8044,11187,105421,2026-05-23 07:00:00,other
8045,11187,105423,2026-05-20 17:23:00,stockout
8046,11187,105428,2026-05-29 06:49:00,other
8047,11187,105443,2026-06-14 19:54:00,late
8048,11187,105445,2026-06-13 02:04:00,late
8049,11187,105462,2026-06-24 10:03:00,other
8050,11192,105491,2026-04-27 20:32:00,late
8051,11194,105507,2026-02-12 03:43:00,other
8052,11194,105519,2026-04-02 14:08:00,late
8053,11194,105521,2026-03-31 10:59:00,other
8054,11194,105523,2026-04-12 06:34:00,late
8055,11194,105526,2026-04-16 06:29:00,other
8056,11195,105540,2026-06-24 09:08:00,late
8057,11197,105548,2026-06-20 11:50:00,late
8058,11199,105564,2026-05-17 17:05:00,stockout
8059,11201,105582,2026-04-08 19:05:00,late
8060,11202,105587,2026-04-25 19:40:00,late
8061,11204,105592,2026-05-15 02:30:00,stockout
8062,11204,105594,2026-06-14 21:06:00,other
8063,11207,105600,2026-02-12 13:55:00,late
8064,11210,105619,2026-04-17 18:14:00,late
8065,11210,105624,2026-04-29 07:57:00,late
8066,11210,105630,2026-05-17 17:01:00,late
8067,11210,105633,2026-05-14 23:14:00,other
8068,11212,105651,2026-03-14 21:15:00,late
8069,11213,105655,2026-04-12 20:40:00,late
8070,11217,105722,2026-03-03 17:53:00,late
8071,11217,105724,2026-03-11 15:18:00,other
8072,11218,105740,2026-05-10 09:40:00,late
8073,11219,105756,2026-04-30 18:31:00,stockout
8074,11219,105764,2026-06-01 16:51:00,stockout
8075,11225,105796,2026-03-21 05:18:00,other
8076,11225,105812,2026-05-13 21:12:00,other
8077,11225,105813,2026-05-24 18:15:00,other
8078,11227,105841,2026-05-14 20:38:00,stockout
8079,11227,105844,2026-06-27 18:10:00,late
8080,11230,105855,2026-03-10 19:39:00,late
8081,11231,105858,2026-03-03 17:52:00,late
8082,11231,105866,2026-05-07 12:39:00,stockout
8083,11233,105882,2026-05-18 15:28:00,stockout
8084,11234,105885,2026-01-23 18:45:00,late
8085,11235,105890,2026-02-03 17:50:00,other
8086,11241,105937,2026-02-25 07:09:00,stockout
8087,11241,105956,2026-04-28 19:31:00,other
8088,11241,105957,2026-04-27 10:02:00,other
8089,11242,105967,2026-03-21 13:12:00,late
8090,11242,105968,2026-03-18 17:37:00,stockout
8091,11243,105972,2026-06-15 11:01:00,late
8092,11248,106006,2026-05-31 23:36:00,other
8093,11248,106013,2026-06-20 09:34:00,late
8094,11249,106066,2026-04-02 16:10:00,stockout
8095,11249,106072,2026-04-12 22:30:00,stockout
8096,11249,106088,2026-05-04 15:15:00,stockout
8097,11249,106119,2026-06-20 11:25:00,other
8098,11252,106151,2026-02-19 09:18:00,other
8099,11257,106190,2026-05-15 11:54:00,late
8100,11257,106191,2026-06-29 09:58:00,stockout
8101,11259,106204,2026-06-10 19:36:00,late
8102,11260,106210,2026-05-12 13:29:00,late
8103,11262,106224,2026-06-17 15:16:00,other
8104,11263,106245,2026-06-25 20:25:00,late
8105,11263,106248,2026-06-30 20:56:00,late
8106,11263,106249,2026-07-05 18:18:00,stockout
8107,11264,106250,2026-04-03 23:38:00,other
8108,11265,106263,2026-04-05 12:17:00,stockout
8109,11269,106292,2026-06-01 16:26:00,late
8110,11272,106332,2026-01-24 12:03:00,stockout
8111,11275,106351,2026-04-20 19:25:00,other
8112,11277,106374,2026-02-08 19:21:00,late
8113,11277,106412,2026-05-04 22:00:00,other
8114,11279,106478,2026-02-02 12:00:00,other
8115,11280,106489,2026-01-30 18:34:00,late
8116,11281,106490,2026-05-11 17:02:00,other
8117,11281,106491,2026-05-23 09:45:00,stockout
8118,11285,106512,2026-06-10 16:55:00,stockout
8119,11286,106518,2026-03-28 19:23:00,late
8120,11288,106534,2026-05-16 07:53:00,stockout
8121,11288,106540,2026-06-26 15:31:00,stockout
8122,11290,106569,2026-03-03 19:12:00,late
8123,11292,106586,2026-02-08 18:50:00,stockout
8124,11292,106587,2026-02-05 12:02:00,late
8125,11292,106590,2026-02-20 08:47:00,other
8126,11293,106623,2026-04-07 20:01:00,late
8127,11295,106640,2026-03-22 20:57:00,other
8128,11295,106644,2026-03-30 07:38:00,other
8129,11295,106646,2026-05-01 20:46:00,late
8130,11295,106651,2026-05-19 17:24:00,stockout
8131,11296,106668,2026-03-20 08:19:00,stockout
8132,11296,106670,2026-03-24 09:41:00,stockout
8133,11300,106693,2026-01-26 11:11:00,other
8134,11301,106726,2026-05-13 18:02:00,late
8135,11301,106729,2026-06-25 17:13:00,stockout
8136,11302,106741,2026-02-02 09:50:00,late
8137,11302,106747,2026-03-07 07:19:00,late
8138,11302,106751,2026-03-13 18:47:00,late
8139,11305,106810,2026-05-25 14:30:00,late
8140,11305,106816,2026-06-06 23:41:00,late
8141,11305,106826,2026-06-22 12:50:00,late
8142,11306,106832,2026-01-19 20:39:00,late
8143,11306,106833,2026-02-01 18:26:00,late
8144,11307,106848,2026-04-07 14:33:00,stockout
8145,11309,106858,2026-04-06 09:05:00,other
8146,11309,106859,2026-04-13 16:53:00,late
8147,11312,106876,2026-05-01 17:48:00,stockout
8148,11315,106895,2026-05-16 17:38:00,other
8149,11323,106928,2026-05-22 12:52:00,stockout
8150,11324,106943,2026-02-25 14:43:00,stockout
8151,11327,106972,2026-05-04 18:31:00,late
8152,11332,106994,2026-03-12 22:47:00,late
8153,11336,107028,2026-01-28 19:07:00,stockout
8154,11338,107036,2026-05-01 19:23:00,late
8155,11338,107039,2026-05-05 10:10:00,late
8156,11338,107049,2026-05-31 08:21:00,stockout
8157,11340,107074,2026-02-28 20:52:00,late
8158,11340,107084,2026-04-11 12:31:00,late
8159,11340,107092,2026-05-07 09:04:00,stockout
8160,11344,107115,2026-03-01 17:04:00,late
8161,11344,107126,2026-03-26 11:26:00,other
8162,11349,107152,2026-06-01 09:40:00,late
8163,11350,107159,2026-05-02 04:02:00,stockout
8164,11351,107178,2026-05-04 15:46:00,late
8165,11351,107180,2026-05-14 17:48:00,stockout
8166,11351,107181,2026-05-14 07:27:00,other
8167,11351,107190,2026-06-13 17:03:00,stockout
8168,11355,107212,2026-04-10 08:31:00,other
8169,11360,107270,2026-03-23 07:26:00,stockout
8170,11361,107291,2026-02-05 21:44:00,other
8171,11365,107312,2026-01-31 23:15:00,stockout
8172,11365,107325,2026-03-26 05:27:00,stockout
8173,11365,107326,2026-04-14 07:22:00,late
8174,11365,107327,2026-04-17 08:07:00,late
8175,11365,107328,2026-04-14 14:58:00,stockout
8176,11365,107344,2026-06-29 05:17:00,stockout
8177,11367,107352,2026-02-15 06:30:00,late
8178,11367,107371,2026-05-14 20:39:00,stockout
8179,11367,107372,2026-05-24 07:32:00,late
8180,11368,107386,2026-03-09 12:51:00,other
8181,11369,107402,2026-04-07 03:58:00,late
8182,11369,107405,2026-04-28 20:24:00,late
8183,11369,107409,2026-05-17 10:47:00,late
8184,11372,107415,2026-03-27 12:30:00,other
8185,11373,107421,2026-02-15 07:41:00,stockout
8186,11378,107431,2026-05-16 17:24:00,stockout
8187,11379,107441,2026-05-18 23:15:00,other
8188,11381,107461,2026-04-28 14:05:00,late
8189,11384,107470,2026-02-06 20:43:00,late
8190,11385,107488,2026-06-30 18:07:00,late
8191,11387,107522,2026-04-04 20:54:00,stockout
8192,11387,107523,2026-04-11 19:33:00,stockout
8193,11387,107541,2026-04-28 19:08:00,late
8194,11387,107542,2026-05-06 20:40:00,late
8195,11390,107556,2026-05-05 20:36:00,late
8196,11392,107574,2026-05-13 04:16:00,late
8197,11393,107583,2026-01-21 02:15:00,other
8198,11393,107606,2026-03-31 08:34:00,other
8199,11393,107611,2026-04-09 19:27:00,late
8200,11395,107655,2026-03-19 19:17:00,stockout
8201,11396,107663,2026-04-26 10:38:00,late
8202,11397,107674,2026-05-15 16:03:00,late
8203,11397,107691,2026-06-21 09:55:00,stockout
8204,11399,107709,2026-04-04 20:06:00,late
8205,11399,107713,2026-04-18 12:59:00,late
8206,11399,107718,2026-05-14 08:18:00,late
8207,11400,107730,2026-05-04 14:17:00,late
8208,11400,107743,2026-07-02 10:07:00,late
8209,11402,107762,2026-06-09 16:02:00,stockout
8210,11404,107801,2026-04-05 08:23:00,late
8211,11408,107845,2026-04-25 14:23:00,other
8212,11412,107875,2026-05-05 17:07:00,late
8213,11414,107894,2026-06-25 21:29:00,late
8214,11415,107919,2026-05-03 00:38:00,late
8215,11415,107921,2026-05-08 17:09:00,stockout
8216,11415,107923,2026-05-16 20:38:00,late
8217,11415,107924,2026-05-17 08:38:00,other
8218,11415,107925,2026-05-21 23:54:00,late
8219,11415,107929,2026-06-04 20:43:00,stockout
8220,11415,107935,2026-06-25 12:17:00,late
8221,11419,107954,2026-03-11 19:56:00,late
8222,11419,107961,2026-04-05 13:57:00,late
8223,11419,107980,2026-05-03 21:22:00,late
8224,11419,107986,2026-05-15 12:49:00,late
8225,11420,107994,2026-04-30 08:51:00,late
8226,11420,107997,2026-05-07 06:30:00,other
8227,11423,108017,2026-01-06 16:02:00,stockout
8228,11424,108027,2026-06-27 17:04:00,other
8229,11426,108028,2026-04-13 23:09:00,other
8230,11429,108053,2026-01-15 17:32:00,late
8231,11429,108056,2026-03-12 20:15:00,late
8232,11431,108063,2026-01-13 21:10:00,stockout
8233,11432,108069,2026-05-24 20:57:00,late
8234,11435,108088,2026-06-06 15:38:00,other
8235,11442,108116,2026-06-09 15:19:00,stockout
8236,11443,108120,2026-02-25 11:03:00,stockout
8237,11443,108126,2026-03-19 13:18:00,other
8238,11446,108159,2026-04-12 15:09:00,late
8239,11448,108169,2026-04-15 09:17:00,stockout
8240,11451,108206,2026-03-16 12:13:00,other
8241,11451,108208,2026-04-17 21:08:00,late
8242,11451,108209,2026-04-28 21:58:00,other
8243,11454,108236,2026-05-27 15:27:00,late
8244,11460,108275,2026-05-16 21:12:00,late
8245,11460,108278,2026-06-01 08:54:00,stockout
8246,11460,108280,2026-06-14 17:18:00,other
8247,11472,108331,2026-05-30 10:20:00,late
8248,11473,108341,2026-03-15 12:54:00,late
8249,11473,108343,2026-04-04 12:47:00,other
8250,11474,108353,2026-03-28 16:14:00,other
8251,11474,108359,2026-04-16 19:20:00,stockout
8252,11474,108362,2026-04-18 12:06:00,stockout
8253,11474,108374,2026-05-24 20:45:00,late
8254,11477,108403,2026-05-04 20:40:00,late
8255,11477,108404,2026-05-04 09:18:00,stockout
8256,11478,108414,2026-03-03 19:07:00,late
8257,11478,108425,2026-05-14 19:25:00,other
8258,11478,108427,2026-05-20 21:01:00,late
8259,11483,108460,2026-03-28 17:45:00,late
8260,11483,108461,2026-03-28 11:44:00,stockout
8261,11489,108505,2026-02-22 08:01:00,other
8262,11489,108514,2026-03-14 21:51:00,late
8263,11489,108517,2026-03-27 13:26:00,stockout
8264,11489,108518,2026-03-23 19:32:00,late
8265,11489,108522,2026-04-10 15:02:00,stockout
8266,11489,108540,2026-06-04 19:47:00,stockout
8267,11497,108585,2026-04-19 19:32:00,late
8268,11504,108618,2026-05-14 22:56:00,late
8269,11504,108624,2026-05-29 19:09:00,stockout
8270,11505,108634,2026-04-30 07:54:00,stockout
8271,11506,108643,2026-05-06 18:54:00,late
8272,11508,108653,2026-02-21 19:05:00,other
8273,11508,108654,2026-02-20 08:09:00,late
8274,11508,108656,2026-03-08 00:01:00,stockout
8275,11512,108672,2026-01-07 23:28:00,late
8276,11512,108675,2026-02-02 03:07:00,late
8277,11516,108696,2026-05-19 06:23:00,other
8278,11521,108716,2026-03-27 18:20:00,late
8279,11521,108723,2026-04-21 20:53:00,late
8280,11522,108739,2026-04-19 18:59:00,late
8281,11524,108753,2026-01-27 20:34:00,late
8282,11534,108777,2026-01-27 18:17:00,late
8283,11534,108781,2026-02-11 08:18:00,other
8284,11534,108784,2026-02-19 19:13:00,late
8285,11534,108798,2026-03-31 11:34:00,stockout
8286,11539,108871,2026-03-19 03:25:00,late
8287,11540,108884,2026-03-07 21:13:00,other
8288,11542,108902,2026-05-05 23:31:00,other
8289,11542,108906,2026-05-12 11:10:00,other
8290,11542,108923,2026-06-04 21:48:00,late
8291,11542,108934,2026-07-03 18:21:00,stockout
8292,11544,108941,2026-05-10 19:05:00,stockout
8293,11549,108959,2026-01-28 08:41:00,other
8294,11549,108980,2026-03-23 10:28:00,late
8295,11551,108994,2026-04-17 16:51:00,late
8296,11551,108996,2026-04-27 06:46:00,late
8297,11551,109002,2026-06-07 13:31:00,other
8298,11555,109019,2026-05-06 13:32:00,other
8299,11555,109020,2026-05-17 14:48:00,other
8300,11556,109032,2026-03-07 18:07:00,late
8301,11557,109039,2026-03-16 05:10:00,other
8302,11560,109060,2026-02-25 09:30:00,other
8303,11560,109063,2026-03-03 10:19:00,other
8304,11562,109092,2026-07-03 18:16:00,stockout
8305,11563,109105,2026-04-15 19:25:00,late
8306,11563,109106,2026-04-13 07:55:00,other
8307,11563,109113,2026-05-09 09:25:00,stockout
8308,11565,109142,2026-06-02 05:22:00,stockout
8309,11569,109166,2026-05-27 22:52:00,late
8310,11569,109172,2026-06-01 12:39:00,other
8311,11570,109189,2026-05-25 13:53:00,stockout
8312,11570,109190,2026-06-06 18:34:00,late
8313,11570,109191,2026-06-12 18:00:00,late
8314,11570,109192,2026-06-18 19:43:00,late
8315,11571,109194,2026-05-15 14:50:00,late
8316,11571,109209,2026-06-23 15:44:00,stockout
8317,11572,109213,2026-05-14 19:11:00,late
8318,11574,109218,2026-05-20 18:44:00,late
8319,11575,109222,2026-05-11 09:07:00,late
8320,11576,109241,2026-06-19 02:30:00,other
8321,11577,109254,2026-04-22 20:25:00,other
8322,11577,109256,2026-05-02 17:06:00,late
8323,11580,109270,2026-03-31 19:56:00,late
8324,11582,109274,2026-03-16 19:52:00,late
8325,11582,109277,2026-03-25 08:56:00,other
8326,11582,109282,2026-04-09 06:07:00,stockout
8327,11585,109294,2026-03-09 12:08:00,late
8328,11590,109319,2026-04-14 06:33:00,stockout
8329,11590,109320,2026-04-14 20:32:00,late
8330,11592,109328,2026-01-29 15:07:00,stockout
8331,11592,109333,2026-02-22 13:21:00,late
8332,11592,109335,2026-03-02 19:15:00,late
8333,11592,109340,2026-04-06 20:15:00,late
8334,11593,109347,2026-06-04 18:02:00,late
8335,11593,109348,2026-06-07 22:41:00,stockout
8336,11594,109365,2026-04-22 18:23:00,late
8337,11594,109368,2026-05-07 15:27:00,other
8338,11594,109387,2026-07-03 13:00:00,late
8339,11595,109405,2026-06-15 20:16:00,stockout
8340,11596,109421,2026-06-26 20:52:00,stockout
8341,11600,109453,2026-02-17 17:14:00,late
8342,11600,109470,2026-03-18 04:17:00,other
8343,11600,109476,2026-03-27 15:03:00,late
8344,11600,109484,2026-04-01 16:18:00,stockout
8345,11600,109498,2026-04-26 12:21:00,other
8346,11600,109518,2026-06-02 21:38:00,late
8347,11600,109524,2026-06-09 13:36:00,stockout
8348,11600,109526,2026-06-09 09:59:00,late
8349,11600,109529,2026-06-24 11:39:00,late
8350,11601,109548,2026-02-20 08:21:00,other
8351,11601,109567,2026-04-10 20:53:00,stockout
8352,11601,109575,2026-04-29 10:10:00,late
8353,11602,109585,2026-02-11 18:11:00,late
8354,11603,109590,2026-03-22 08:53:00,stockout
8355,11604,109591,2026-03-03 01:12:00,other
8356,11606,109601,2026-05-22 12:49:00,late
8357,11608,109611,2026-05-16 23:51:00,late
8358,11612,109641,2026-05-10 17:33:00,other
8359,11615,109665,2026-03-31 19:20:00,other
8360,11620,109707,2026-07-04 09:07:00,other
8361,11621,109709,2026-02-01 18:12:00,late
8362,11625,109729,2026-03-22 19:48:00,stockout
8363,11628,109762,2026-05-02 18:21:00,late
8364,11628,109767,2026-05-15 20:45:00,late
8365,11632,109824,2026-06-08 09:44:00,other
8366,11635,109844,2026-06-01 05:49:00,stockout
8367,11635,109849,2026-06-26 18:34:00,other
8368,11635,109851,2026-07-01 11:56:00,other
8369,11637,109861,2026-04-28 20:17:00,late
8370,11639,109862,2026-03-25 07:18:00,late
8371,11639,109868,2026-04-05 07:56:00,stockout
8372,11639,109871,2026-03-31 11:21:00,stockout
8373,11639,109883,2026-04-17 14:20:00,stockout
8374,11639,109890,2026-04-20 18:06:00,late
8375,11640,109910,2026-07-01 19:12:00,late
8376,11649,109973,2026-03-04 19:36:00,other
8377,11650,109983,2026-02-18 16:54:00,stockout
8378,11658,110005,2026-04-03 17:14:00,other
8379,11658,110006,2026-04-25 17:36:00,other
8380,11661,110019,2026-05-14 11:35:00,other
8381,11661,110023,2026-06-07 19:07:00,late
8382,11664,110037,2026-01-19 20:18:00,late
8383,11665,110050,2026-05-19 20:26:00,late
8384,11665,110051,2026-05-20 15:22:00,other
8385,11665,110052,2026-05-20 18:49:00,late
8386,11669,110073,2026-05-17 15:16:00,late
8387,11670,110082,2026-04-09 19:26:00,late
8388,11671,110086,2026-03-01 20:54:00,late
8389,11672,110104,2026-03-17 11:24:00,other
8390,11672,110116,2026-04-10 20:59:00,late
8391,11672,110160,2026-06-15 10:05:00,late
8392,11672,110171,2026-07-05 18:49:00,stockout
8393,11676,110194,2026-01-16 19:49:00,late
8394,11681,110219,2026-04-06 12:18:00,stockout
8395,11689,110248,2026-01-15 10:24:00,stockout
8396,11689,110260,2026-02-21 16:01:00,late
8397,11689,110262,2026-02-28 17:11:00,late
8398,11691,110266,2026-05-01 20:58:00,late
8399,11691,110268,2026-05-09 08:57:00,other
8400,11693,110300,2026-02-27 16:53:00,stockout
8401,11694,110302,2026-05-19 20:26:00,late
8402,11694,110320,2026-06-01 16:55:00,stockout
8403,11701,110335,2026-04-10 11:04:00,stockout
8404,11701,110356,2026-05-08 20:17:00,stockout
8405,11701,110363,2026-06-02 16:55:00,other
8406,11701,110364,2026-06-03 17:21:00,late
8407,11706,110412,2026-02-11 06:35:00,late
8408,11706,110413,2026-02-09 08:14:00,late
8409,11709,110423,2026-03-18 16:31:00,other
8410,11710,110443,2026-06-14 18:09:00,stockout
8411,11713,110481,2026-05-01 20:06:00,late
8412,11713,110488,2026-06-17 18:03:00,late
8413,11715,110491,2026-04-07 20:56:00,late
8414,11716,110510,2026-02-05 09:48:00,other
8415,11717,110529,2026-02-22 12:06:00,stockout
8416,11717,110531,2026-02-27 14:36:00,stockout
8417,11717,110549,2026-06-07 17:32:00,late
8418,11720,110565,2026-04-13 10:05:00,stockout
8419,11722,110581,2026-06-16 08:36:00,late
8420,11725,110591,2026-03-17 10:39:00,other
8421,11725,110606,2026-07-04 07:13:00,stockout
8422,11727,110615,2026-06-06 17:19:00,late
8423,11727,110616,2026-06-06 08:39:00,stockout
8424,11727,110630,2026-06-30 09:25:00,late
8425,11730,110638,2026-06-25 19:02:00,late
8426,11731,110659,2026-06-30 20:08:00,late
8427,11737,110679,2026-03-06 01:03:00,stockout
8428,11737,110692,2026-04-23 20:55:00,late
8429,11737,110704,2026-06-25 04:12:00,late
8430,11737,110708,2026-07-04 16:45:00,late
8431,11737,110710,2026-06-30 17:09:00,stockout
8432,11739,110726,2026-04-17 23:52:00,late
8433,11739,110738,2026-06-15 21:18:00,stockout
8434,11740,110749,2026-04-03 12:30:00,stockout
8435,11741,110761,2026-06-13 07:24:00,late
8436,11745,110771,2026-01-30 14:01:00,stockout
8437,11745,110781,2026-03-13 12:06:00,late
8438,11745,110785,2026-03-24 09:22:00,late
8439,11747,110801,2026-06-30 18:27:00,late
8440,11748,110807,2026-04-28 18:36:00,stockout
8441,11750,110816,2026-01-30 01:25:00,late
8442,11758,110876,2026-03-17 09:54:00,late
8443,11758,110879,2026-03-29 19:56:00,late
8444,11758,110900,2026-06-07 19:48:00,late
8445,11758,110906,2026-06-14 22:03:00,other
8446,11759,110919,2026-04-14 13:20:00,stockout
8447,11763,110938,2026-02-07 18:12:00,other
8448,11764,110942,2026-04-22 13:58:00,late
8449,11770,110952,2026-04-24 02:41:00,stockout
8450,11773,110970,2026-05-06 15:05:00,stockout
8451,11775,110990,2026-01-29 15:21:00,stockout
8452,11778,111006,2026-05-17 19:11:00,stockout
8453,11778,111013,2026-06-16 08:47:00,stockout
8454,11779,111016,2026-02-05 09:40:00,stockout
8455,11779,111021,2026-02-17 04:15:00,late
8456,11779,111024,2026-03-08 17:57:00,other
8457,11779,111027,2026-03-26 05:04:00,late
8458,11780,111029,2026-02-23 12:05:00,other
8459,11783,111041,2026-04-27 18:49:00,late
8460,11788,111069,2026-07-01 10:19:00,late
8461,11791,111073,2026-02-01 17:01:00,stockout
8462,11795,111097,2026-05-08 10:19:00,late
8463,11799,111111,2026-02-06 21:23:00,stockout
8464,11799,111114,2026-02-10 20:56:00,other
8465,11799,111118,2026-02-22 16:18:00,stockout
8466,11800,111150,2026-06-27 20:08:00,stockout
8467,11803,111172,2026-05-07 06:17:00,stockout
8468,11803,111177,2026-06-11 19:54:00,late
8469,11804,111179,2026-02-26 21:00:00,other
8470,11804,111182,2026-04-05 08:49:00,other
8471,11804,111184,2026-04-13 12:09:00,late
8472,11806,111197,2026-05-18 15:48:00,late
8473,11808,111208,2026-06-01 20:36:00,stockout
8474,11809,111228,2026-05-30 14:40:00,late
8475,11809,111230,2026-06-21 16:05:00,other
8476,11809,111234,2026-06-25 16:29:00,stockout
8477,11820,111296,2026-05-17 11:24:00,other
8478,11820,111298,2026-05-30 19:50:00,stockout
8479,11822,111315,2026-02-14 14:41:00,late
8480,11824,111323,2026-04-29 09:20:00,late
8481,11825,111347,2026-04-05 19:16:00,other
8482,11829,111368,2026-03-29 18:53:00,other
8483,11829,111369,2026-03-30 04:32:00,stockout
8484,11830,111394,2026-02-21 03:48:00,stockout
8485,11830,111407,2026-04-03 19:58:00,stockout
8486,11839,111502,2026-05-05 08:31:00,stockout
8487,11842,111506,2026-03-09 20:31:00,late
8488,11844,111517,2026-02-18 16:53:00,late
8489,11844,111523,2026-04-02 21:16:00,other
8490,11844,111526,2026-05-08 12:50:00,stockout
8491,11849,111552,2026-04-04 18:09:00,stockout
8492,11851,111579,2026-03-03 19:46:00,other
8493,11851,111583,2026-03-14 11:42:00,stockout
8494,11862,111630,2026-03-02 14:03:00,other
8495,11862,111635,2026-04-01 18:20:00,late
8496,11868,111659,2026-02-22 23:14:00,stockout
8497,11872,111700,2026-04-23 08:58:00,late
8498,11872,111710,2026-05-23 20:30:00,late
8499,11876,111726,2026-03-08 19:03:00,late
8500,11888,111804,2026-03-24 20:31:00,late
8501,11888,111811,2026-04-16 17:14:00,other
8502,11888,111817,2026-05-03 09:49:00,other
8503,11888,111826,2026-06-04 00:38:00,stockout
8504,11888,111827,2026-06-03 17:43:00,other
8505,11888,111833,2026-06-16 20:11:00,late
8506,11888,111838,2026-07-05 23:02:00,stockout
8507,11891,111867,2026-02-03 17:54:00,stockout
8508,11898,111923,2026-01-26 09:08:00,stockout
8509,11900,111933,2026-05-23 20:56:00,late
8510,11900,111947,2026-06-30 18:32:00,late
8511,11901,111957,2026-04-16 12:09:00,stockout
8512,11902,111977,2026-03-07 18:27:00,late
8513,11902,112002,2026-05-05 18:48:00,late
8514,11904,112018,2026-05-04 15:36:00,other
8515,11904,112021,2026-06-06 08:47:00,stockout
8516,11906,112030,2026-03-20 11:07:00,late
8517,11906,112045,2026-05-21 13:36:00,stockout
8518,11906,112049,2026-05-27 07:24:00,late
8519,11907,112078,2026-06-20 11:07:00,late
8520,11911,112089,2026-05-31 23:38:00,late
8521,11911,112100,2026-06-08 08:56:00,late
8522,11912,112104,2026-02-05 11:56:00,late
8523,11915,112120,2026-05-03 08:14:00,other
8524,11915,112121,2026-05-03 11:30:00,stockout
8525,11915,112136,2026-06-02 20:52:00,late
8526,11915,112141,2026-06-20 22:41:00,other
8527,11918,112155,2026-03-16 21:04:00,other
8528,11918,112164,2026-04-15 11:34:00,stockout
8529,11918,112178,2026-06-05 19:49:00,stockout
8530,11920,112184,2026-05-07 13:52:00,late
8531,11923,112192,2026-02-11 10:49:00,late
8532,11924,112194,2026-04-17 14:50:00,other
8533,11934,112247,2026-03-24 17:04:00,late
8534,11934,112249,2026-04-03 20:47:00,late
8535,11934,112255,2026-04-11 16:42:00,late
8536,11934,112257,2026-04-25 18:46:00,late
8537,11939,112276,2026-05-18 09:55:00,late
8538,11939,112277,2026-05-31 14:32:00,late
8539,11943,112323,2026-05-19 11:18:00,other
8540,11945,112356,2026-06-26 18:21:00,late
8541,11945,112360,2026-07-02 09:21:00,other
8542,11946,112376,2026-07-04 15:17:00,stockout
8543,11948,112380,2026-04-23 16:36:00,other
8544,11952,112426,2026-05-27 12:15:00,other
8545,11954,112442,2026-05-20 10:55:00,stockout
8546,11954,112447,2026-05-29 20:38:00,stockout
8547,11955,112448,2026-02-04 10:52:00,other
8548,11956,112452,2026-05-18 21:37:00,late
8549,11962,112470,2026-04-06 10:35:00,late
8550,11971,112512,2026-03-01 12:40:00,other
8551,11972,112519,2026-06-04 09:41:00,late
8552,11972,112526,2026-07-03 11:38:00,late
8553,11973,112530,2026-03-12 21:15:00,other
8554,11973,112549,2026-05-06 19:46:00,stockout
8555,11975,112561,2026-01-22 18:04:00,late
8556,11975,112569,2026-03-30 21:45:00,late
8557,11979,112617,2026-02-01 20:55:00,late
8558,11984,112642,2026-06-17 07:13:00,other
8559,11987,112664,2026-02-07 12:42:00,other
8560,11987,112678,2026-05-10 13:51:00,late
8561,11990,112691,2026-05-15 12:19:00,late
8562,11992,112707,2026-06-21 19:05:00,late
8563,11994,112710,2026-05-23 16:28:00,other
8564,11994,112715,2026-06-20 19:07:00,late
8565,11995,112716,2026-01-17 16:41:00,other
8566,11995,112726,2026-03-12 19:05:00,late
8567,11995,112727,2026-03-12 12:51:00,stockout
8568,11995,112729,2026-03-10 19:50:00,late
8569,11995,112736,2026-04-21 11:38:00,stockout
8570,11998,112761,2026-01-31 14:40:00,late
8571,11999,112764,2026-03-14 07:42:00,stockout
