user_id,signup_date,signup_week,city_tier,acq_channel,ad_load_arm
0,2026-01-12,1,Tier-2,Flash sale,0-1
1,2026-02-16,6,Metro,Organic,6+
2,2026-04-13,14,Tier-3,Organic,2-3
3,2026-03-02,8,Tier-2,Paid social,4-5
4,2026-01-26,3,Metro,Organic,6+
5,2026-05-18,19,Tier-3,Organic,0-1
6,2026-01-26,3,Tier-2,Organic,2-3
7,2026-01-12,1,Tier-2,Paid social,0-1
8,2026-02-23,7,Metro,Referral,2-3
9,2026-01-19,2,Metro,Flash sale,2-3
10,2026-03-23,11,Metro,Paid social,6+
11,2026-03-02,8,Tier-3,Organic,2-3
12,2026-05-11,18,Tier-2,Paid social,4-5
13,2026-01-26,3,Tier-2,Organic,0-1
14,2026-02-09,5,Metro,Organic,2-3
15,2026-04-06,13,Metro,Organic,6+
16,2026-04-06,13,Tier-2,Paid social,4-5
17,2026-02-23,7,Metro,Paid social,2-3
18,2026-05-11,18,Tier-2,Flash sale,6+
19,2026-04-27,16,Tier-2,Organic,6+
20,2026-03-30,12,Tier-2,Organic,2-3
21,2026-04-13,14,Metro,Flash sale,6+
22,2026-03-16,10,Tier-3,Organic,0-1
23,2026-03-09,9,Tier-3,Organic,2-3
24,2026-03-16,10,Tier-2,Flash sale,6+
25,2026-04-27,16,Metro,Flash sale,6+
26,2026-01-05,0,Metro,Paid social,6+
27,2026-01-19,2,Metro,Flash sale,0-1
28,2026-03-09,9,Metro,Organic,0-1
29,2026-03-23,11,Tier-2,Flash sale,4-5
30,2026-01-26,3,Tier-2,Organic,0-1
31,2026-03-30,12,Tier-3,Flash sale,6+
32,2026-01-05,0,Metro,Referral,6+
33,2026-02-02,4,Metro,Organic,6+
34,2026-03-09,9,Metro,Organic,6+
35,2026-01-05,0,Metro,Paid social,0-1
36,2026-03-30,12,Metro,Flash sale,6+
37,2026-03-16,10,Metro,Flash sale,2-3
38,2026-03-23,11,Metro,Referral,0-1
39,2026-03-16,10,Tier-2,Flash sale,2-3
40,2026-04-06,13,Metro,Organic,6+
41,2026-04-06,13,Tier-2,Referral,6+
42,2026-04-06,13,Tier-2,Paid social,4-5
43,2026-02-02,4,Metro,Organic,0-1
44,2026-04-06,13,Tier-2,Organic,4-5
45,2026-01-26,3,Tier-2,Referral,4-5
46,2026-01-05,0,Metro,Flash sale,4-5
47,2026-05-18,19,Metro,Organic,2-3
48,2026-01-26,3,Tier-2,Flash sale,0-1
49,2026-01-19,2,Metro,Referral,2-3
50,2026-02-16,6,Metro,Flash sale,6+
51,2026-05-18,19,Metro,Organic,2-3
52,2026-05-04,17,Tier-2,Organic,0-1
53,2026-04-13,14,Tier-2,Flash sale,2-3
54,2026-01-26,3,Tier-2,Paid social,2-3
55,2026-03-30,12,Tier-2,Flash sale,4-5
56,2026-04-27,16,Metro,Organic,4-5
57,2026-02-16,6,Tier-2,Paid social,2-3
58,2026-02-09,5,Metro,Organic,0-1
59,2026-05-04,17,Metro,Flash sale,2-3
60,2026-01-19,2,Tier-2,Organic,0-1
61,2026-05-11,18,Metro,Referral,4-5
62,2026-03-09,9,Tier-2,Referral,2-3
63,2026-04-13,14,Tier-2,Referral,2-3
64,2026-02-23,7,Tier-2,Organic,4-5
65,2026-04-13,14,Tier-2,Flash sale,6+
66,2026-05-11,18,Tier-2,Organic,2-3
67,2026-03-09,9,Metro,Paid social,4-5
68,2026-02-02,4,Metro,Organic,4-5
69,2026-01-12,1,Metro,Flash sale,4-5
70,2026-05-11,18,Metro,Referral,2-3
71,2026-05-18,19,Metro,Organic,0-1
72,2026-04-06,13,Tier-3,Organic,0-1
73,2026-01-05,0,Metro,Organic,0-1
74,2026-05-04,17,Metro,Flash sale,0-1
75,2026-03-09,9,Metro,Paid social,6+
76,2026-02-02,4,Metro,Flash sale,0-1
77,2026-02-23,7,Tier-2,Paid social,6+
78,2026-05-11,18,Tier-2,Organic,6+
79,2026-04-20,15,Tier-2,Organic,0-1
80,2026-03-23,11,Tier-2,Paid social,2-3
81,2026-04-13,14,Metro,Paid social,2-3
82,2026-04-27,16,Tier-2,Organic,2-3
83,2026-03-30,12,Metro,Flash sale,2-3
84,2026-02-16,6,Metro,Paid social,2-3
85,2026-01-12,1,Metro,Referral,4-5
86,2026-01-19,2,Tier-2,Flash sale,2-3
87,2026-02-02,4,Metro,Organic,0-1
88,2026-04-20,15,Metro,Organic,2-3
89,2026-01-12,1,Metro,Flash sale,6+
90,2026-01-19,2,Metro,Flash sale,6+
91,2026-05-18,19,Tier-2,Organic,0-1
92,2026-03-02,8,Metro,Organic,4-5
93,2026-01-19,2,Metro,Organic,6+
94,2026-05-04,17,Metro,Flash sale,0-1
95,2026-05-18,19,Tier-2,Organic,0-1
96,2026-03-16,10,Metro,Organic,0-1
97,2026-01-19,2,Metro,Organic,2-3
98,2026-03-30,12,Metro,Paid social,6+
99,2026-05-04,17,Tier-3,Flash sale,2-3
100,2026-05-18,19,Tier-3,Organic,2-3
101,2026-03-23,11,Tier-2,Flash sale,2-3
102,2026-05-11,18,Metro,Flash sale,2-3
103,2026-04-27,16,Tier-3,Flash sale,6+
104,2026-01-26,3,Tier-2,Flash sale,0-1
105,2026-03-30,12,Tier-2,Flash sale,2-3
106,2026-04-06,13,Metro,Flash sale,4-5
107,2026-04-20,15,Metro,Organic,0-1
108,2026-03-16,10,Metro,Organic,0-1
109,2026-04-13,14,Tier-3,Organic,6+
110,2026-03-23,11,Metro,Flash sale,2-3
111,2026-02-09,5,Metro,Flash sale,0-1
112,2026-03-09,9,Metro,Referral,2-3
113,2026-05-11,18,Tier-2,Organic,0-1
114,2026-04-27,16,Metro,Flash sale,0-1
115,2026-03-30,12,Tier-3,Organic,0-1
116,2026-02-16,6,Tier-2,Organic,4-5
117,2026-02-02,4,Tier-2,Referral,2-3
118,2026-02-09,5,Metro,Organic,2-3
119,2026-02-16,6,Tier-2,Organic,6+
120,2026-05-18,19,Tier-2,Organic,2-3
121,2026-03-16,10,Tier-2,Referral,0-1
122,2026-02-23,7,Metro,Organic,0-1
123,2026-05-04,17,Metro,Paid social,4-5
124,2026-02-23,7,Metro,Paid social,4-5
125,2026-04-20,15,Metro,Referral,2-3
126,2026-03-30,12,Metro,Organic,0-1
127,2026-02-16,6,Metro,Flash sale,0-1
128,2026-05-18,19,Metro,Organic,2-3
129,2026-04-06,13,Tier-2,Paid social,4-5
130,2026-05-18,19,Metro,Flash sale,4-5
131,2026-01-05,0,Tier-3,Organic,4-5
132,2026-02-09,5,Tier-2,Organic,0-1
133,2026-02-16,6,Metro,Referral,4-5
134,2026-04-06,13,Tier-2,Paid social,6+
135,2026-04-27,16,Metro,Flash sale,0-1
136,2026-01-19,2,Tier-3,Flash sale,4-5
137,2026-01-26,3,Metro,Referral,0-1
138,2026-04-06,13,Tier-2,Referral,6+
139,2026-02-23,7,Metro,Referral,4-5
140,2026-04-06,13,Metro,Organic,4-5
141,2026-01-05,0,Metro,Flash sale,4-5
142,2026-03-16,10,Tier-3,Paid social,4-5
143,2026-01-05,0,Tier-2,Organic,2-3
144,2026-05-18,19,Metro,Organic,6+
145,2026-01-19,2,Metro,Organic,0-1
146,2026-01-26,3,Metro,Flash sale,6+
147,2026-01-19,2,Metro,Referral,6+
148,2026-02-02,4,Metro,Organic,6+
149,2026-03-09,9,Metro,Flash sale,0-1
150,2026-03-30,12,Tier-2,Organic,2-3
151,2026-05-11,18,Tier-3,Paid social,4-5
152,2026-05-04,17,Metro,Referral,4-5
153,2026-01-12,1,Tier-2,Flash sale,4-5
154,2026-03-02,8,Metro,Referral,4-5
155,2026-05-04,17,Tier-2,Organic,0-1
156,2026-01-26,3,Metro,Referral,6+
157,2026-04-06,13,Tier-2,Referral,2-3
158,2026-03-02,8,Tier-2,Organic,6+
159,2026-01-26,3,Tier-2,Paid social,4-5
160,2026-01-12,1,Metro,Organic,4-5
161,2026-02-09,5,Tier-3,Flash sale,4-5
162,2026-01-05,0,Metro,Organic,6+
163,2026-01-26,3,Metro,Referral,6+
164,2026-03-16,10,Tier-2,Organic,4-5
165,2026-04-20,15,Metro,Organic,4-5
166,2026-03-16,10,Tier-2,Flash sale,0-1
167,2026-04-13,14,Tier-2,Paid social,0-1
168,2026-01-12,1,Metro,Organic,4-5
169,2026-02-16,6,Tier-3,Flash sale,2-3
170,2026-04-06,13,Metro,Flash sale,2-3
171,2026-01-12,1,Metro,Referral,4-5
172,2026-03-23,11,Metro,Organic,0-1
173,2026-01-26,3,Tier-3,Flash sale,2-3
174,2026-03-02,8,Metro,Paid social,0-1
175,2026-03-30,12,Metro,Organic,6+
176,2026-05-18,19,Metro,Flash sale,4-5
177,2026-01-12,1,Tier-3,Paid social,0-1
178,2026-03-23,11,Tier-3,Organic,4-5
179,2026-03-16,10,Tier-2,Organic,0-1
180,2026-01-12,1,Tier-3,Organic,6+
181,2026-03-30,12,Tier-3,Referral,0-1
182,2026-01-12,1,Metro,Paid social,2-3
183,2026-04-06,13,Metro,Flash sale,6+
184,2026-02-02,4,Tier-2,Flash sale,4-5
185,2026-01-19,2,Tier-2,Organic,4-5
186,2026-01-12,1,Metro,Organic,4-5
187,2026-03-09,9,Metro,Organic,4-5
188,2026-02-02,4,Tier-2,Organic,0-1
189,2026-03-09,9,Metro,Organic,2-3
190,2026-05-04,17,Tier-3,Flash sale,6+
191,2026-04-27,16,Metro,Organic,6+
192,2026-04-20,15,Metro,Organic,4-5
193,2026-03-09,9,Tier-2,Organic,6+
194,2026-01-19,2,Metro,Organic,6+
195,2026-03-02,8,Metro,Organic,2-3
196,2026-01-05,0,Tier-2,Organic,4-5
197,2026-01-19,2,Tier-3,Organic,6+
198,2026-02-16,6,Metro,Flash sale,0-1
199,2026-04-06,13,Metro,Referral,6+
200,2026-04-20,15,Tier-2,Paid social,2-3
201,2026-03-30,12,Tier-3,Referral,2-3
202,2026-02-09,5,Metro,Flash sale,2-3
203,2026-04-13,14,Metro,Paid social,2-3
204,2026-05-18,19,Metro,Flash sale,2-3
205,2026-04-06,13,Metro,Flash sale,4-5
206,2026-04-20,15,Metro,Flash sale,6+
207,2026-05-04,17,Tier-2,Organic,2-3
208,2026-04-13,14,Metro,Organic,0-1
209,2026-05-04,17,Metro,Organic,6+
210,2026-02-09,5,Tier-2,Referral,2-3
211,2026-02-16,6,Tier-2,Organic,4-5
212,2026-01-26,3,Metro,Flash sale,2-3
213,2026-01-26,3,Tier-2,Paid social,0-1
214,2026-03-23,11,Tier-2,Flash sale,2-3
215,2026-05-11,18,Tier-2,Organic,2-3
216,2026-02-02,4,Metro,Flash sale,6+
217,2026-04-13,14,Metro,Organic,4-5
218,2026-01-12,1,Tier-3,Paid social,4-5
219,2026-05-18,19,Metro,Flash sale,0-1
220,2026-03-16,10,Metro,Referral,0-1
221,2026-03-09,9,Metro,Flash sale,2-3
222,2026-02-23,7,Tier-2,Referral,6+
223,2026-05-18,19,Tier-3,Referral,0-1
224,2026-03-02,8,Metro,Organic,6+
225,2026-01-19,2,Tier-3,Organic,6+
226,2026-03-23,11,Metro,Organic,2-3
227,2026-03-23,11,Tier-2,Flash sale,0-1
228,2026-04-13,14,Tier-2,Paid social,0-1
229,2026-03-09,9,Metro,Flash sale,0-1
230,2026-02-09,5,Metro,Flash sale,6+
231,2026-01-05,0,Metro,Paid social,6+
232,2026-05-18,19,Tier-3,Organic,4-5
233,2026-01-26,3,Tier-2,Organic,0-1
234,2026-02-23,7,Tier-3,Paid social,6+
235,2026-01-26,3,Tier-2,Paid social,4-5
236,2026-02-02,4,Metro,Flash sale,6+
237,2026-01-12,1,Tier-2,Organic,2-3
238,2026-02-16,6,Metro,Paid social,0-1
239,2026-05-11,18,Metro,Referral,6+
240,2026-02-02,4,Tier-2,Flash sale,0-1
241,2026-05-18,19,Tier-2,Organic,0-1
242,2026-03-30,12,Metro,Flash sale,0-1
243,2026-05-04,17,Metro,Referral,0-1
244,2026-03-30,12,Tier-2,Paid social,4-5
245,2026-05-18,19,Tier-3,Flash sale,0-1
246,2026-03-23,11,Tier-2,Flash sale,6+
247,2026-04-27,16,Metro,Flash sale,6+
248,2026-01-05,0,Metro,Flash sale,0-1
249,2026-05-11,18,Metro,Flash sale,6+
250,2026-01-05,0,Tier-2,Organic,0-1
251,2026-01-26,3,Tier-3,Organic,2-3
252,2026-04-13,14,Metro,Referral,4-5
253,2026-02-09,5,Metro,Organic,0-1
254,2026-01-05,0,Metro,Organic,0-1
255,2026-05-04,17,Tier-2,Paid social,0-1
256,2026-03-16,10,Tier-2,Referral,4-5
257,2026-03-09,9,Metro,Organic,0-1
258,2026-02-16,6,Metro,Organic,0-1
259,2026-04-13,14,Tier-2,Referral,0-1
260,2026-02-16,6,Metro,Flash sale,6+
261,2026-03-23,11,Tier-2,Flash sale,6+
262,2026-01-19,2,Metro,Flash sale,6+
263,2026-02-16,6,Metro,Organic,0-1
264,2026-01-05,0,Tier-3,Referral,2-3
265,2026-02-09,5,Metro,Organic,6+
266,2026-02-23,7,Metro,Flash sale,4-5
267,2026-04-13,14,Metro,Organic,0-1
268,2026-04-27,16,Metro,Organic,0-1
269,2026-03-16,10,Metro,Organic,6+
270,2026-05-11,18,Metro,Paid social,6+
271,2026-02-23,7,Metro,Organic,2-3
272,2026-03-09,9,Metro,Organic,0-1
273,2026-03-30,12,Tier-2,Organic,0-1
274,2026-01-26,3,Tier-2,Referral,0-1
275,2026-03-02,8,Metro,Flash sale,6+
276,2026-05-04,17,Metro,Paid social,6+
277,2026-03-09,9,Metro,Flash sale,2-3
278,2026-05-11,18,Tier-3,Flash sale,6+
279,2026-04-06,13,Tier-3,Flash sale,6+
280,2026-01-26,3,Metro,Organic,6+
281,2026-03-09,9,Metro,Paid social,6+
282,2026-02-23,7,Metro,Paid social,4-5
283,2026-05-11,18,Metro,Organic,6+
284,2026-02-16,6,Tier-2,Flash sale,4-5
285,2026-03-09,9,Metro,Organic,6+
286,2026-04-06,13,Metro,Flash sale,2-3
287,2026-05-18,19,Metro,Referral,0-1
288,2026-03-16,10,Metro,Paid social,4-5
289,2026-04-27,16,Metro,Organic,2-3
290,2026-01-19,2,Tier-2,Flash sale,2-3
291,2026-05-04,17,Metro,Referral,4-5
292,2026-02-02,4,Tier-3,Organic,4-5
293,2026-04-20,15,Metro,Flash sale,2-3
294,2026-03-16,10,Tier-2,Flash sale,0-1
295,2026-03-30,12,Tier-3,Referral,4-5
296,2026-01-12,1,Tier-3,Paid social,2-3
297,2026-03-16,10,Tier-2,Organic,0-1
298,2026-01-12,1,Tier-2,Organic,0-1
299,2026-03-23,11,Tier-2,Organic,4-5
300,2026-03-02,8,Tier-2,Organic,2-3
301,2026-02-02,4,Metro,Flash sale,2-3
302,2026-03-09,9,Metro,Paid social,0-1
303,2026-02-02,4,Metro,Flash sale,0-1
304,2026-01-12,1,Tier-3,Flash sale,4-5
305,2026-01-05,0,Metro,Organic,6+
306,2026-02-16,6,Metro,Organic,2-3
307,2026-04-13,14,Tier-2,Referral,6+
308,2026-03-23,11,Metro,Flash sale,4-5
309,2026-01-19,2,Metro,Organic,2-3
310,2026-03-02,8,Metro,Paid social,4-5
311,2026-03-23,11,Metro,Flash sale,0-1
312,2026-02-02,4,Metro,Organic,2-3
313,2026-01-19,2,Metro,Flash sale,4-5
314,2026-02-02,4,Metro,Flash sale,6+
315,2026-01-12,1,Metro,Organic,0-1
316,2026-02-02,4,Metro,Referral,6+
317,2026-03-16,10,Tier-2,Flash sale,4-5
318,2026-04-27,16,Metro,Flash sale,0-1
319,2026-05-04,17,Tier-3,Paid social,6+
320,2026-04-06,13,Tier-3,Flash sale,6+
321,2026-02-23,7,Metro,Flash sale,2-3
322,2026-05-11,18,Metro,Organic,0-1
323,2026-05-11,18,Metro,Organic,2-3
324,2026-02-23,7,Tier-2,Organic,6+
325,2026-01-05,0,Tier-2,Organic,0-1
326,2026-03-02,8,Tier-2,Flash sale,2-3
327,2026-03-09,9,Metro,Organic,2-3
328,2026-04-06,13,Tier-2,Organic,0-1
329,2026-01-19,2,Metro,Flash sale,4-5
330,2026-03-16,10,Tier-2,Organic,6+
331,2026-02-16,6,Metro,Flash sale,0-1
332,2026-03-09,9,Tier-2,Flash sale,6+
333,2026-01-05,0,Tier-3,Organic,6+
334,2026-03-16,10,Metro,Organic,6+
335,2026-01-05,0,Tier-2,Flash sale,4-5
336,2026-05-04,17,Metro,Organic,2-3
337,2026-04-13,14,Tier-2,Flash sale,0-1
338,2026-05-11,18,Metro,Referral,6+
339,2026-04-06,13,Tier-3,Flash sale,4-5
340,2026-05-18,19,Metro,Flash sale,2-3
341,2026-02-02,4,Tier-3,Paid social,2-3
342,2026-01-05,0,Tier-2,Organic,0-1
343,2026-05-11,18,Tier-2,Paid social,2-3
344,2026-04-06,13,Tier-2,Referral,6+
345,2026-04-06,13,Tier-2,Flash sale,4-5
346,2026-02-09,5,Tier-3,Organic,2-3
347,2026-02-16,6,Metro,Organic,0-1
348,2026-04-06,13,Tier-2,Paid social,2-3
349,2026-03-02,8,Metro,Organic,0-1
350,2026-01-12,1,Tier-2,Paid social,2-3
351,2026-02-09,5,Metro,Flash sale,0-1
352,2026-02-23,7,Tier-2,Flash sale,6+
353,2026-04-27,16,Tier-2,Flash sale,0-1
354,2026-02-16,6,Metro,Organic,0-1
355,2026-03-09,9,Metro,Flash sale,4-5
356,2026-03-23,11,Tier-2,Paid social,2-3
357,2026-01-19,2,Tier-2,Organic,6+
358,2026-03-23,11,Metro,Paid social,2-3
359,2026-02-02,4,Tier-2,Paid social,4-5
360,2026-05-04,17,Tier-3,Organic,6+
361,2026-02-09,5,Metro,Flash sale,6+
362,2026-02-16,6,Metro,Organic,6+
363,2026-03-02,8,Metro,Flash sale,4-5
364,2026-02-23,7,Tier-2,Paid social,6+
365,2026-03-23,11,Metro,Paid social,2-3
366,2026-04-13,14,Tier-2,Paid social,6+
367,2026-05-18,19,Tier-2,Organic,6+
368,2026-05-04,17,Metro,Flash sale,2-3
369,2026-02-09,5,Tier-3,Organic,0-1
370,2026-03-30,12,Tier-2,Paid social,4-5
371,2026-02-16,6,Metro,Organic,0-1
372,2026-04-27,16,Metro,Organic,0-1
373,2026-01-05,0,Metro,Organic,6+
374,2026-05-18,19,Metro,Organic,4-5
375,2026-02-23,7,Metro,Organic,4-5
376,2026-04-13,14,Tier-3,Organic,6+
377,2026-04-06,13,Metro,Paid social,6+
378,2026-02-23,7,Metro,Referral,6+
379,2026-05-18,19,Tier-2,Organic,0-1
380,2026-02-09,5,Tier-2,Referral,2-3
381,2026-04-13,14,Tier-3,Flash sale,6+
382,2026-05-11,18,Tier-2,Referral,0-1
383,2026-01-19,2,Metro,Organic,0-1
384,2026-05-11,18,Metro,Flash sale,4-5
385,2026-05-04,17,Tier-3,Organic,2-3
386,2026-02-23,7,Tier-2,Organic,0-1
387,2026-04-27,16,Tier-3,Flash sale,6+
388,2026-01-05,0,Metro,Referral,2-3
389,2026-01-26,3,Tier-3,Referral,2-3
390,2026-04-20,15,Tier-2,Organic,4-5
391,2026-05-11,18,Metro,Flash sale,4-5
392,2026-01-19,2,Tier-2,Referral,2-3
393,2026-04-13,14,Tier-2,Organic,6+
394,2026-01-19,2,Metro,Organic,2-3
395,2026-04-20,15,Metro,Organic,6+
396,2026-05-04,17,Tier-2,Organic,6+
397,2026-03-09,9,Metro,Organic,0-1
398,2026-01-19,2,Metro,Organic,6+
399,2026-02-02,4,Metro,Flash sale,0-1
400,2026-03-16,10,Metro,Flash sale,2-3
401,2026-04-20,15,Tier-3,Referral,6+
402,2026-03-16,10,Tier-2,Flash sale,0-1
403,2026-03-09,9,Metro,Organic,4-5
404,2026-03-30,12,Tier-3,Paid social,6+
405,2026-05-18,19,Tier-3,Referral,2-3
406,2026-04-20,15,Metro,Flash sale,0-1
407,2026-01-26,3,Tier-2,Organic,0-1
408,2026-01-26,3,Metro,Flash sale,4-5
409,2026-02-23,7,Tier-3,Flash sale,0-1
410,2026-02-09,5,Tier-2,Flash sale,0-1
411,2026-04-13,14,Tier-2,Referral,6+
412,2026-05-18,19,Metro,Paid social,4-5
413,2026-03-23,11,Tier-3,Paid social,2-3
414,2026-05-04,17,Metro,Flash sale,0-1
415,2026-03-02,8,Metro,Paid social,6+
416,2026-04-06,13,Metro,Paid social,4-5
417,2026-04-13,14,Tier-2,Organic,0-1
418,2026-02-09,5,Metro,Flash sale,6+
419,2026-04-13,14,Tier-3,Organic,0-1
420,2026-03-16,10,Tier-2,Organic,4-5
421,2026-03-23,11,Metro,Organic,4-5
422,2026-02-09,5,Metro,Flash sale,2-3
423,2026-02-16,6,Metro,Organic,6+
424,2026-05-04,17,Tier-2,Organic,4-5
425,2026-03-30,12,Tier-2,Organic,2-3
426,2026-01-19,2,Metro,Flash sale,0-1
427,2026-03-16,10,Tier-2,Paid social,2-3
428,2026-03-30,12,Metro,Paid social,2-3
429,2026-04-20,15,Tier-2,Flash sale,4-5
430,2026-05-04,17,Tier-3,Organic,2-3
431,2026-04-06,13,Tier-2,Paid social,0-1
432,2026-01-05,0,Tier-2,Organic,4-5
433,2026-03-09,9,Tier-2,Paid social,2-3
434,2026-02-02,4,Metro,Referral,2-3
435,2026-01-05,0,Metro,Flash sale,4-5
436,2026-05-11,18,Metro,Organic,6+
437,2026-01-26,3,Metro,Organic,0-1
438,2026-02-02,4,Tier-2,Flash sale,6+
439,2026-02-16,6,Tier-2,Flash sale,4-5
440,2026-03-09,9,Tier-3,Referral,4-5
441,2026-03-30,12,Metro,Flash sale,0-1
442,2026-02-16,6,Tier-2,Flash sale,4-5
443,2026-04-20,15,Metro,Organic,4-5
444,2026-01-26,3,Metro,Flash sale,4-5
445,2026-05-18,19,Tier-2,Organic,6+
446,2026-05-04,17,Tier-3,Flash sale,6+
447,2026-03-23,11,Tier-2,Flash sale,6+
448,2026-01-05,0,Metro,Referral,2-3
449,2026-04-13,14,Tier-2,Flash sale,4-5
450,2026-04-13,14,Metro,Organic,0-1
451,2026-03-30,12,Tier-3,Referral,4-5
452,2026-02-09,5,Tier-2,Flash sale,0-1
453,2026-03-02,8,Metro,Referral,2-3
454,2026-03-02,8,Metro,Flash sale,4-5
455,2026-03-30,12,Metro,Paid social,2-3
456,2026-02-16,6,Tier-3,Organic,6+
457,2026-03-02,8,Metro,Flash sale,0-1
458,2026-05-11,18,Tier-2,Referral,6+
459,2026-03-09,9,Tier-2,Organic,4-5
460,2026-03-23,11,Tier-2,Referral,2-3
461,2026-05-11,18,Metro,Organic,0-1
462,2026-05-11,18,Tier-3,Organic,0-1
463,2026-03-23,11,Metro,Organic,2-3
464,2026-02-09,5,Tier-2,Referral,4-5
465,2026-01-19,2,Tier-2,Referral,4-5
466,2026-05-04,17,Tier-2,Organic,2-3
467,2026-03-16,10,Tier-3,Organic,4-5
468,2026-03-23,11,Metro,Organic,4-5
469,2026-05-18,19,Metro,Organic,2-3
470,2026-02-23,7,Metro,Referral,2-3
471,2026-01-19,2,Metro,Organic,2-3
472,2026-04-06,13,Metro,Organic,4-5
473,2026-05-18,19,Metro,Organic,4-5
474,2026-01-26,3,Metro,Flash sale,0-1
475,2026-05-18,19,Metro,Flash sale,6+
476,2026-03-16,10,Metro,Flash sale,0-1
477,2026-03-23,11,Tier-2,Flash sale,4-5
478,2026-05-18,19,Tier-2,Paid social,0-1
479,2026-02-16,6,Metro,Flash sale,2-3
480,2026-04-13,14,Metro,Paid social,4-5
481,2026-01-05,0,Metro,Flash sale,6+
482,2026-04-06,13,Tier-2,Organic,4-5
483,2026-01-05,0,Metro,Referral,0-1
484,2026-01-05,0,Metro,Flash sale,6+
485,2026-02-23,7,Metro,Flash sale,2-3
486,2026-02-23,7,Metro,Organic,2-3
487,2026-04-20,15,Metro,Flash sale,0-1
488,2026-05-04,17,Tier-2,Paid social,4-5
489,2026-05-11,18,Tier-2,Organic,2-3
490,2026-03-30,12,Tier-2,Organic,0-1
491,2026-01-26,3,Tier-2,Organic,4-5
492,2026-04-06,13,Tier-2,Flash sale,0-1
493,2026-03-09,9,Metro,Referral,4-5
494,2026-03-16,10,Tier-2,Flash sale,4-5
495,2026-03-16,10,Metro,Paid social,6+
496,2026-05-04,17,Metro,Flash sale,4-5
497,2026-02-23,7,Tier-2,Organic,4-5
498,2026-05-18,19,Metro,Organic,0-1
499,2026-03-16,10,Metro,Organic,0-1
500,2026-04-06,13,Tier-2,Referral,4-5
501,2026-05-11,18,Tier-3,Organic,4-5
502,2026-04-27,16,Tier-3,Organic,4-5
503,2026-03-02,8,Metro,Paid social,4-5
504,2026-02-02,4,Metro,Flash sale,6+
505,2026-01-19,2,Tier-2,Organic,4-5
506,2026-02-23,7,Metro,Referral,0-1
507,2026-04-06,13,Tier-2,Flash sale,2-3
508,2026-04-20,15,Metro,Paid social,2-3
509,2026-01-05,0,Metro,Flash sale,4-5
510,2026-03-09,9,Metro,Organic,4-5
511,2026-05-11,18,Tier-2,Organic,4-5
512,2026-04-27,16,Metro,Organic,4-5
513,2026-05-11,18,Metro,Referral,2-3
514,2026-05-18,19,Metro,Flash sale,0-1
515,2026-01-12,1,Metro,Referral,6+
516,2026-04-06,13,Metro,Flash sale,2-3
517,2026-03-23,11,Tier-2,Organic,0-1
518,2026-03-09,9,Metro,Organic,6+
519,2026-04-20,15,Tier-2,Organic,0-1
520,2026-05-11,18,Tier-3,Flash sale,2-3
521,2026-03-09,9,Metro,Flash sale,4-5
522,2026-03-30,12,Metro,Paid social,2-3
523,2026-03-09,9,Tier-2,Organic,6+
524,2026-03-30,12,Metro,Flash sale,2-3
525,2026-05-18,19,Metro,Organic,4-5
526,2026-04-27,16,Tier-3,Referral,2-3
527,2026-02-02,4,Tier-3,Organic,2-3
528,2026-05-04,17,Tier-2,Flash sale,2-3
529,2026-03-16,10,Metro,Organic,6+
530,2026-03-23,11,Tier-2,Organic,6+
531,2026-01-19,2,Tier-2,Flash sale,2-3
532,2026-03-02,8,Metro,Organic,2-3
533,2026-02-16,6,Tier-2,Flash sale,2-3
534,2026-01-12,1,Metro,Organic,4-5
535,2026-05-04,17,Metro,Paid social,4-5
536,2026-01-19,2,Metro,Organic,4-5
537,2026-04-13,14,Metro,Flash sale,2-3
538,2026-04-13,14,Metro,Paid social,2-3
539,2026-03-30,12,Tier-2,Flash sale,4-5
540,2026-04-27,16,Tier-3,Organic,6+
541,2026-01-19,2,Tier-2,Flash sale,6+
542,2026-01-05,0,Tier-2,Organic,0-1
543,2026-05-04,17,Tier-3,Flash sale,0-1
544,2026-01-26,3,Metro,Flash sale,4-5
545,2026-02-09,5,Metro,Referral,0-1
546,2026-04-06,13,Metro,Referral,4-5
547,2026-03-16,10,Metro,Organic,2-3
548,2026-02-02,4,Tier-2,Organic,0-1
549,2026-02-02,4,Metro,Organic,4-5
550,2026-04-27,16,Metro,Flash sale,4-5
551,2026-03-16,10,Metro,Organic,4-5
552,2026-05-11,18,Metro,Flash sale,6+
553,2026-03-23,11,Tier-3,Flash sale,6+
554,2026-04-06,13,Metro,Paid social,2-3
555,2026-02-16,6,Metro,Flash sale,4-5
556,2026-01-05,0,Metro,Organic,6+
557,2026-03-16,10,Metro,Organic,6+
558,2026-04-13,14,Tier-2,Flash sale,4-5
559,2026-03-02,8,Metro,Organic,0-1
560,2026-05-04,17,Metro,Organic,2-3
561,2026-04-06,13,Metro,Organic,0-1
562,2026-03-16,10,Tier-2,Referral,0-1
563,2026-03-16,10,Tier-2,Paid social,2-3
564,2026-02-02,4,Tier-2,Organic,2-3
565,2026-05-04,17,Tier-2,Organic,6+
566,2026-01-12,1,Tier-2,Flash sale,2-3
567,2026-01-05,0,Metro,Organic,0-1
568,2026-04-20,15,Metro,Paid social,0-1
569,2026-01-05,0,Metro,Flash sale,0-1
570,2026-03-16,10,Metro,Flash sale,2-3
571,2026-01-26,3,Tier-2,Paid social,2-3
572,2026-04-06,13,Metro,Flash sale,2-3
573,2026-01-19,2,Tier-2,Organic,2-3
574,2026-02-09,5,Tier-3,Flash sale,2-3
575,2026-03-16,10,Metro,Flash sale,4-5
576,2026-02-23,7,Tier-3,Flash sale,0-1
577,2026-02-02,4,Tier-2,Paid social,6+
578,2026-01-12,1,Tier-3,Organic,2-3
579,2026-01-05,0,Metro,Flash sale,0-1
580,2026-01-26,3,Metro,Organic,0-1
581,2026-02-09,5,Metro,Organic,4-5
582,2026-01-19,2,Metro,Flash sale,4-5
583,2026-03-16,10,Metro,Referral,0-1
584,2026-05-04,17,Tier-3,Flash sale,2-3
585,2026-04-13,14,Tier-2,Organic,0-1
586,2026-02-16,6,Metro,Organic,6+
587,2026-03-02,8,Metro,Flash sale,2-3
588,2026-04-20,15,Metro,Flash sale,6+
589,2026-05-18,19,Metro,Referral,4-5
590,2026-03-23,11,Tier-3,Flash sale,6+
591,2026-01-26,3,Metro,Paid social,4-5
592,2026-05-04,17,Metro,Referral,0-1
593,2026-03-16,10,Tier-2,Organic,4-5
594,2026-01-05,0,Metro,Flash sale,2-3
595,2026-02-09,5,Metro,Referral,6+
596,2026-03-16,10,Tier-2,Paid social,2-3
597,2026-04-27,16,Tier-2,Flash sale,0-1
598,2026-05-04,17,Tier-3,Flash sale,0-1
599,2026-01-26,3,Tier-2,Organic,4-5
600,2026-04-13,14,Metro,Referral,0-1
601,2026-05-18,19,Tier-2,Paid social,4-5
602,2026-04-20,15,Tier-3,Paid social,0-1
603,2026-04-13,14,Tier-2,Organic,0-1
604,2026-04-20,15,Tier-3,Organic,4-5
605,2026-03-23,11,Tier-2,Referral,2-3
606,2026-03-30,12,Tier-3,Flash sale,4-5
607,2026-03-16,10,Metro,Paid social,0-1
608,2026-05-18,19,Tier-2,Organic,0-1
609,2026-02-23,7,Metro,Referral,0-1
610,2026-04-20,15,Tier-2,Flash sale,2-3
611,2026-01-05,0,Tier-2,Organic,2-3
612,2026-03-02,8,Tier-3,Organic,2-3
613,2026-05-11,18,Tier-3,Referral,0-1
614,2026-02-02,4,Metro,Organic,2-3
615,2026-04-20,15,Tier-2,Referral,6+
616,2026-03-16,10,Tier-2,Flash sale,0-1
617,2026-01-19,2,Metro,Flash sale,6+
618,2026-01-19,2,Metro,Organic,2-3
619,2026-01-19,2,Metro,Paid social,4-5
620,2026-03-09,9,Tier-2,Referral,4-5
621,2026-02-16,6,Metro,Referral,4-5
622,2026-05-04,17,Tier-3,Referral,6+
623,2026-04-20,15,Metro,Flash sale,6+
624,2026-01-19,2,Tier-3,Paid social,0-1
625,2026-03-16,10,Metro,Flash sale,2-3
626,2026-04-20,15,Tier-2,Flash sale,4-5
627,2026-04-06,13,Metro,Organic,4-5
628,2026-01-05,0,Tier-2,Organic,6+
629,2026-01-05,0,Tier-2,Referral,4-5
630,2026-03-23,11,Tier-3,Organic,2-3
631,2026-05-11,18,Tier-2,Referral,6+
632,2026-01-12,1,Metro,Paid social,4-5
633,2026-01-26,3,Metro,Flash sale,6+
634,2026-01-26,3,Metro,Organic,4-5
635,2026-02-16,6,Metro,Flash sale,0-1
636,2026-05-04,17,Tier-2,Organic,6+
637,2026-05-11,18,Tier-2,Referral,4-5
638,2026-02-16,6,Tier-2,Flash sale,0-1
639,2026-04-13,14,Tier-3,Flash sale,2-3
640,2026-01-05,0,Tier-2,Flash sale,2-3
641,2026-03-16,10,Tier-2,Flash sale,2-3
642,2026-03-30,12,Metro,Organic,4-5
643,2026-05-04,17,Metro,Organic,4-5
644,2026-04-27,16,Tier-2,Flash sale,0-1
645,2026-01-12,1,Tier-3,Paid social,4-5
646,2026-03-02,8,Metro,Organic,2-3
647,2026-01-12,1,Metro,Organic,0-1
648,2026-01-05,0,Tier-2,Organic,6+
649,2026-01-26,3,Metro,Flash sale,2-3
650,2026-05-11,18,Metro,Organic,0-1
651,2026-02-09,5,Tier-3,Referral,4-5
652,2026-04-13,14,Tier-2,Organic,6+
653,2026-04-13,14,Metro,Flash sale,0-1
654,2026-05-04,17,Tier-3,Organic,0-1
655,2026-03-16,10,Metro,Flash sale,6+
656,2026-05-18,19,Tier-3,Organic,4-5
657,2026-03-02,8,Metro,Referral,2-3
658,2026-04-20,15,Tier-2,Paid social,2-3
659,2026-04-20,15,Metro,Organic,4-5
660,2026-03-16,10,Metro,Paid social,4-5
661,2026-02-16,6,Tier-3,Organic,0-1
662,2026-01-26,3,Metro,Flash sale,2-3
663,2026-01-12,1,Metro,Referral,6+
664,2026-03-09,9,Metro,Organic,0-1
665,2026-02-23,7,Tier-2,Flash sale,6+
666,2026-02-02,4,Tier-2,Organic,2-3
667,2026-04-20,15,Tier-3,Flash sale,0-1
668,2026-01-26,3,Metro,Flash sale,4-5
669,2026-03-09,9,Metro,Paid social,4-5
670,2026-03-02,8,Metro,Organic,2-3
671,2026-05-18,19,Tier-2,Paid social,6+
672,2026-01-19,2,Tier-3,Organic,0-1
673,2026-05-04,17,Tier-2,Flash sale,0-1
674,2026-04-06,13,Tier-2,Organic,4-5
675,2026-04-20,15,Metro,Organic,4-5
676,2026-04-20,15,Tier-3,Organic,4-5
677,2026-04-20,15,Metro,Flash sale,6+
678,2026-03-02,8,Metro,Organic,6+
679,2026-03-23,11,Metro,Flash sale,4-5
680,2026-02-23,7,Metro,Paid social,4-5
681,2026-05-11,18,Metro,Organic,6+
682,2026-02-02,4,Metro,Organic,6+
683,2026-03-23,11,Metro,Organic,0-1
684,2026-02-02,4,Tier-2,Organic,4-5
685,2026-02-23,7,Metro,Flash sale,6+
686,2026-05-18,19,Metro,Referral,0-1
687,2026-01-26,3,Tier-3,Organic,6+
688,2026-05-04,17,Tier-2,Organic,4-5
689,2026-04-27,16,Metro,Flash sale,0-1
690,2026-02-23,7,Metro,Organic,4-5
691,2026-02-23,7,Tier-3,Flash sale,2-3
692,2026-01-05,0,Metro,Paid social,2-3
693,2026-04-20,15,Metro,Organic,4-5
694,2026-04-06,13,Tier-3,Flash sale,4-5
695,2026-05-18,19,Metro,Referral,6+
696,2026-02-09,5,Tier-2,Flash sale,2-3
697,2026-02-23,7,Tier-2,Referral,0-1
698,2026-04-06,13,Tier-2,Referral,6+
699,2026-02-16,6,Metro,Flash sale,2-3
700,2026-02-16,6,Metro,Flash sale,6+
701,2026-01-26,3,Metro,Referral,6+
702,2026-05-18,19,Metro,Flash sale,0-1
703,2026-03-09,9,Tier-3,Flash sale,2-3
704,2026-04-20,15,Metro,Organic,0-1
705,2026-04-06,13,Tier-2,Referral,4-5
706,2026-03-23,11,Tier-2,Organic,6+
707,2026-02-16,6,Tier-2,Organic,4-5
708,2026-02-16,6,Metro,Organic,2-3
709,2026-03-09,9,Metro,Organic,6+
710,2026-01-19,2,Tier-3,Flash sale,0-1
711,2026-03-16,10,Tier-2,Organic,0-1
712,2026-01-12,1,Tier-2,Flash sale,2-3
713,2026-02-09,5,Tier-3,Flash sale,6+
714,2026-03-30,12,Tier-2,Organic,6+
715,2026-01-05,0,Metro,Organic,4-5
716,2026-01-05,0,Tier-2,Flash sale,6+
717,2026-02-02,4,Metro,Referral,6+
718,2026-04-20,15,Tier-2,Organic,4-5
719,2026-04-27,16,Tier-3,Organic,0-1
720,2026-01-05,0,Metro,Organic,6+
721,2026-02-09,5,Metro,Organic,4-5
722,2026-01-12,1,Metro,Organic,0-1
723,2026-01-05,0,Tier-3,Paid social,6+
724,2026-05-11,18,Metro,Organic,2-3
725,2026-03-02,8,Metro,Organic,6+
726,2026-04-20,15,Metro,Paid social,2-3
727,2026-04-06,13,Metro,Flash sale,0-1
728,2026-03-02,8,Metro,Flash sale,2-3
729,2026-04-20,15,Metro,Flash sale,2-3
730,2026-02-02,4,Metro,Paid social,6+
731,2026-03-02,8,Metro,Organic,0-1
732,2026-02-23,7,Metro,Organic,6+
733,2026-03-23,11,Metro,Paid social,0-1
734,2026-02-02,4,Metro,Referral,6+
735,2026-04-13,14,Tier-2,Paid social,4-5
736,2026-04-27,16,Metro,Organic,2-3
737,2026-05-04,17,Metro,Paid social,6+
738,2026-05-04,17,Metro,Organic,2-3
739,2026-03-30,12,Metro,Referral,4-5
740,2026-04-20,15,Metro,Paid social,0-1
741,2026-04-06,13,Metro,Organic,0-1
742,2026-05-18,19,Tier-3,Organic,2-3
743,2026-01-12,1,Metro,Flash sale,0-1
744,2026-01-26,3,Metro,Referral,0-1
745,2026-03-02,8,Metro,Organic,2-3
746,2026-03-30,12,Metro,Paid social,4-5
747,2026-05-04,17,Metro,Organic,0-1
748,2026-01-12,1,Tier-2,Flash sale,6+
749,2026-01-26,3,Tier-2,Organic,6+
750,2026-05-04,17,Metro,Paid social,6+
751,2026-02-16,6,Metro,Organic,0-1
752,2026-01-05,0,Metro,Flash sale,6+
753,2026-04-06,13,Metro,Organic,0-1
754,2026-05-04,17,Tier-2,Paid social,0-1
755,2026-05-11,18,Metro,Referral,4-5
756,2026-05-04,17,Metro,Organic,6+
757,2026-01-12,1,Tier-3,Organic,0-1
758,2026-01-19,2,Metro,Organic,2-3
759,2026-05-04,17,Metro,Flash sale,2-3
760,2026-04-06,13,Tier-2,Referral,4-5
761,2026-02-02,4,Metro,Flash sale,4-5
762,2026-02-23,7,Metro,Flash sale,4-5
763,2026-05-04,17,Metro,Referral,0-1
764,2026-05-11,18,Tier-3,Flash sale,6+
765,2026-05-04,17,Metro,Organic,4-5
766,2026-03-09,9,Metro,Organic,4-5
767,2026-04-20,15,Metro,Organic,2-3
768,2026-01-05,0,Metro,Flash sale,0-1
769,2026-05-11,18,Tier-2,Organic,4-5
770,2026-02-02,4,Metro,Flash sale,2-3
771,2026-05-18,19,Tier-2,Organic,0-1
772,2026-01-05,0,Tier-2,Flash sale,4-5
773,2026-05-11,18,Tier-2,Organic,2-3
774,2026-03-16,10,Metro,Flash sale,6+
775,2026-03-16,10,Tier-3,Organic,4-5
776,2026-04-06,13,Tier-2,Organic,2-3
777,2026-03-09,9,Metro,Organic,0-1
778,2026-05-18,19,Tier-2,Flash sale,2-3
779,2026-01-19,2,Tier-3,Referral,0-1
780,2026-04-06,13,Metro,Organic,0-1
781,2026-02-02,4,Tier-3,Referral,2-3
782,2026-01-05,0,Metro,Flash sale,4-5
783,2026-04-06,13,Tier-2,Flash sale,0-1
784,2026-04-06,13,Tier-3,Flash sale,0-1
785,2026-01-19,2,Metro,Organic,0-1
786,2026-04-13,14,Tier-2,Referral,6+
787,2026-05-11,18,Metro,Referral,6+
788,2026-04-06,13,Tier-2,Referral,2-3
789,2026-02-02,4,Tier-2,Organic,2-3
790,2026-01-12,1,Metro,Flash sale,2-3
791,2026-01-12,1,Metro,Organic,4-5
792,2026-03-30,12,Metro,Flash sale,4-5
793,2026-02-02,4,Metro,Organic,2-3
794,2026-02-23,7,Metro,Organic,4-5
795,2026-01-05,0,Metro,Flash sale,0-1
796,2026-03-02,8,Metro,Paid social,4-5
797,2026-01-26,3,Metro,Organic,6+
798,2026-03-02,8,Tier-2,Flash sale,0-1
799,2026-03-23,11,Tier-2,Flash sale,4-5
800,2026-05-18,19,Tier-2,Paid social,4-5
801,2026-02-09,5,Metro,Flash sale,6+
802,2026-02-16,6,Tier-3,Organic,6+
803,2026-04-27,16,Tier-2,Organic,0-1
804,2026-05-18,19,Metro,Flash sale,0-1
805,2026-03-02,8,Metro,Organic,0-1
806,2026-02-16,6,Tier-2,Paid social,4-5
807,2026-04-13,14,Metro,Paid social,4-5
808,2026-04-20,15,Metro,Paid social,4-5
809,2026-04-13,14,Tier-3,Organic,2-3
810,2026-03-30,12,Metro,Referral,0-1
811,2026-01-19,2,Metro,Flash sale,0-1
812,2026-02-09,5,Tier-3,Organic,2-3
813,2026-01-12,1,Tier-2,Organic,2-3
814,2026-02-23,7,Metro,Organic,2-3
815,2026-04-27,16,Tier-3,Organic,0-1
816,2026-02-02,4,Tier-3,Paid social,2-3
817,2026-04-13,14,Metro,Referral,6+
818,2026-03-02,8,Tier-2,Organic,0-1
819,2026-01-26,3,Metro,Flash sale,6+
820,2026-02-02,4,Metro,Organic,0-1
821,2026-04-06,13,Tier-2,Organic,4-5
822,2026-04-20,15,Metro,Organic,0-1
823,2026-02-16,6,Tier-2,Flash sale,2-3
824,2026-05-11,18,Tier-2,Flash sale,6+
825,2026-01-12,1,Metro,Referral,6+
826,2026-03-23,11,Tier-2,Paid social,4-5
827,2026-02-02,4,Metro,Organic,4-5
828,2026-05-04,17,Tier-3,Referral,4-5
829,2026-04-20,15,Metro,Organic,6+
830,2026-01-12,1,Tier-2,Organic,4-5
831,2026-02-23,7,Tier-2,Flash sale,4-5
832,2026-04-13,14,Metro,Organic,0-1
833,2026-03-16,10,Tier-2,Organic,6+
834,2026-03-09,9,Tier-2,Organic,4-5
835,2026-01-19,2,Tier-2,Organic,2-3
836,2026-03-23,11,Tier-2,Paid social,0-1
837,2026-01-12,1,Tier-3,Organic,4-5
838,2026-02-16,6,Metro,Flash sale,6+
839,2026-02-02,4,Metro,Paid social,6+
840,2026-04-06,13,Metro,Flash sale,6+
841,2026-03-09,9,Tier-2,Flash sale,6+
842,2026-03-02,8,Metro,Paid social,4-5
843,2026-04-27,16,Metro,Organic,6+
844,2026-02-23,7,Metro,Organic,0-1
845,2026-04-20,15,Tier-3,Flash sale,2-3
846,2026-05-04,17,Metro,Flash sale,2-3
847,2026-01-26,3,Tier-2,Referral,4-5
848,2026-04-13,14,Metro,Organic,2-3
849,2026-01-12,1,Tier-3,Flash sale,2-3
850,2026-03-30,12,Metro,Referral,6+
851,2026-02-02,4,Metro,Paid social,4-5
852,2026-02-09,5,Tier-3,Organic,4-5
853,2026-05-04,17,Tier-3,Organic,0-1
854,2026-01-26,3,Metro,Paid social,4-5
855,2026-03-16,10,Metro,Flash sale,2-3
856,2026-04-20,15,Tier-2,Organic,4-5
857,2026-04-27,16,Tier-3,Organic,6+
858,2026-02-02,4,Metro,Referral,2-3
859,2026-02-23,7,Metro,Flash sale,6+
860,2026-03-23,11,Tier-2,Flash sale,4-5
861,2026-03-23,11,Tier-2,Paid social,2-3
862,2026-01-26,3,Tier-2,Organic,6+
863,2026-03-23,11,Tier-2,Organic,0-1
864,2026-01-05,0,Metro,Flash sale,4-5
865,2026-03-30,12,Tier-3,Paid social,2-3
866,2026-04-13,14,Tier-3,Organic,4-5
867,2026-03-09,9,Tier-2,Flash sale,0-1
868,2026-02-02,4,Metro,Organic,4-5
869,2026-02-02,4,Metro,Organic,0-1
870,2026-04-06,13,Tier-2,Paid social,2-3
871,2026-03-02,8,Metro,Organic,6+
872,2026-05-11,18,Tier-3,Organic,4-5
873,2026-05-18,19,Metro,Referral,2-3
874,2026-03-02,8,Tier-2,Organic,2-3
875,2026-02-09,5,Tier-3,Organic,0-1
876,2026-04-27,16,Metro,Referral,0-1
877,2026-04-13,14,Metro,Organic,4-5
878,2026-01-26,3,Tier-2,Flash sale,2-3
879,2026-05-11,18,Tier-2,Organic,0-1
880,2026-02-02,4,Metro,Organic,2-3
881,2026-03-23,11,Tier-2,Flash sale,2-3
882,2026-01-26,3,Tier-3,Organic,6+
883,2026-03-09,9,Metro,Paid social,0-1
884,2026-03-30,12,Metro,Paid social,2-3
885,2026-01-19,2,Metro,Referral,0-1
886,2026-02-09,5,Metro,Organic,0-1
887,2026-04-20,15,Metro,Organic,4-5
888,2026-05-18,19,Metro,Paid social,0-1
889,2026-05-11,18,Tier-2,Flash sale,4-5
890,2026-04-20,15,Metro,Referral,6+
891,2026-05-18,19,Tier-3,Referral,2-3
892,2026-01-26,3,Metro,Organic,0-1
893,2026-02-02,4,Metro,Organic,6+
894,2026-03-02,8,Tier-2,Flash sale,6+
895,2026-05-11,18,Tier-3,Flash sale,6+
896,2026-04-20,15,Metro,Organic,6+
897,2026-02-23,7,Metro,Flash sale,6+
898,2026-01-05,0,Metro,Referral,4-5
899,2026-03-30,12,Metro,Organic,6+
900,2026-02-16,6,Metro,Organic,2-3
901,2026-02-02,4,Metro,Referral,6+
902,2026-02-02,4,Metro,Referral,0-1
903,2026-02-02,4,Metro,Paid social,6+
904,2026-02-16,6,Tier-3,Organic,2-3
905,2026-03-30,12,Tier-2,Paid social,2-3
906,2026-01-26,3,Metro,Referral,4-5
907,2026-03-09,9,Metro,Referral,0-1
908,2026-05-11,18,Metro,Organic,6+
909,2026-05-18,19,Metro,Organic,4-5
910,2026-04-27,16,Tier-2,Flash sale,0-1
911,2026-02-09,5,Tier-3,Organic,6+
912,2026-01-19,2,Tier-3,Organic,0-1
913,2026-05-04,17,Tier-3,Paid social,6+
914,2026-03-02,8,Tier-3,Organic,6+
915,2026-03-09,9,Tier-3,Paid social,4-5
916,2026-03-02,8,Metro,Flash sale,4-5
917,2026-01-19,2,Metro,Referral,6+
918,2026-04-13,14,Metro,Organic,6+
919,2026-02-02,4,Tier-2,Flash sale,4-5
920,2026-02-02,4,Metro,Flash sale,0-1
921,2026-04-20,15,Tier-2,Paid social,4-5
922,2026-04-13,14,Tier-2,Organic,0-1
923,2026-04-27,16,Metro,Organic,0-1
924,2026-04-13,14,Metro,Paid social,0-1
925,2026-01-05,0,Metro,Organic,2-3
926,2026-03-02,8,Metro,Flash sale,6+
927,2026-03-02,8,Tier-3,Organic,0-1
928,2026-02-16,6,Tier-2,Organic,0-1
929,2026-03-09,9,Tier-2,Flash sale,0-1
930,2026-03-09,9,Metro,Flash sale,0-1
931,2026-03-30,12,Metro,Flash sale,4-5
932,2026-05-18,19,Metro,Flash sale,6+
933,2026-04-06,13,Tier-2,Referral,0-1
934,2026-05-11,18,Tier-2,Paid social,6+
935,2026-04-27,16,Metro,Organic,6+
936,2026-04-13,14,Tier-3,Organic,0-1
937,2026-02-09,5,Metro,Organic,2-3
938,2026-03-23,11,Tier-3,Referral,6+
939,2026-01-19,2,Metro,Organic,4-5
940,2026-05-11,18,Metro,Flash sale,0-1
941,2026-01-26,3,Tier-2,Flash sale,0-1
942,2026-02-02,4,Metro,Flash sale,2-3
943,2026-05-11,18,Metro,Referral,6+
944,2026-01-19,2,Metro,Flash sale,6+
945,2026-03-16,10,Metro,Flash sale,2-3
946,2026-03-23,11,Tier-2,Organic,4-5
947,2026-02-02,4,Tier-3,Flash sale,4-5
948,2026-02-23,7,Tier-3,Organic,2-3
949,2026-04-20,15,Metro,Referral,4-5
950,2026-04-13,14,Metro,Organic,2-3
951,2026-03-23,11,Metro,Organic,4-5
952,2026-03-16,10,Metro,Organic,4-5
953,2026-02-23,7,Metro,Flash sale,4-5
954,2026-03-30,12,Tier-3,Paid social,6+
955,2026-01-05,0,Tier-3,Organic,4-5
956,2026-01-12,1,Tier-2,Organic,4-5
957,2026-04-20,15,Metro,Flash sale,6+
958,2026-01-26,3,Metro,Paid social,4-5
959,2026-04-13,14,Metro,Referral,2-3
960,2026-01-05,0,Metro,Organic,4-5
961,2026-02-09,5,Metro,Flash sale,6+
962,2026-05-11,18,Metro,Referral,6+
963,2026-02-09,5,Metro,Referral,2-3
964,2026-05-18,19,Tier-3,Flash sale,2-3
965,2026-02-09,5,Metro,Referral,2-3
966,2026-03-30,12,Tier-3,Flash sale,0-1
967,2026-04-06,13,Metro,Organic,2-3
968,2026-03-30,12,Tier-2,Organic,0-1
969,2026-02-09,5,Metro,Organic,2-3
970,2026-04-20,15,Metro,Organic,0-1
971,2026-02-16,6,Metro,Organic,2-3
972,2026-04-27,16,Metro,Referral,4-5
973,2026-02-23,7,Tier-3,Referral,6+
974,2026-04-27,16,Metro,Organic,6+
975,2026-05-18,19,Tier-2,Organic,4-5
976,2026-04-20,15,Metro,Flash sale,4-5
977,2026-03-09,9,Metro,Flash sale,6+
978,2026-03-02,8,Metro,Organic,4-5
979,2026-02-23,7,Metro,Referral,0-1
980,2026-02-23,7,Tier-3,Organic,6+
981,2026-03-09,9,Tier-2,Organic,4-5
982,2026-03-09,9,Tier-2,Referral,4-5
983,2026-04-13,14,Metro,Flash sale,0-1
984,2026-05-04,17,Metro,Organic,2-3
985,2026-05-04,17,Tier-3,Flash sale,2-3
986,2026-03-30,12,Metro,Paid social,6+
987,2026-05-18,19,Metro,Organic,2-3
988,2026-05-04,17,Metro,Flash sale,2-3
989,2026-03-09,9,Tier-2,Organic,4-5
990,2026-03-02,8,Tier-2,Flash sale,0-1
991,2026-03-09,9,Tier-2,Flash sale,4-5
992,2026-01-05,0,Tier-2,Organic,0-1
993,2026-02-16,6,Metro,Organic,0-1
994,2026-02-23,7,Tier-3,Referral,2-3
995,2026-04-20,15,Metro,Organic,0-1
996,2026-02-09,5,Tier-2,Paid social,0-1
997,2026-04-06,13,Metro,Organic,2-3
998,2026-02-16,6,Tier-3,Referral,4-5
999,2026-02-23,7,Metro,Flash sale,0-1
1000,2026-01-12,1,Metro,Organic,2-3
1001,2026-03-16,10,Metro,Referral,4-5
1002,2026-01-12,1,Metro,Referral,6+
1003,2026-02-02,4,Metro,Flash sale,4-5
1004,2026-03-16,10,Tier-2,Flash sale,4-5
1005,2026-04-06,13,Metro,Flash sale,6+
1006,2026-03-02,8,Tier-3,Flash sale,0-1
1007,2026-02-09,5,Metro,Flash sale,6+
1008,2026-05-04,17,Tier-2,Referral,2-3
1009,2026-02-16,6,Metro,Organic,2-3
1010,2026-02-16,6,Tier-2,Flash sale,4-5
1011,2026-01-12,1,Tier-2,Flash sale,6+
1012,2026-02-23,7,Metro,Paid social,6+
1013,2026-02-02,4,Tier-3,Organic,6+
1014,2026-02-23,7,Metro,Organic,2-3
1015,2026-01-26,3,Metro,Organic,0-1
1016,2026-01-26,3,Tier-2,Flash sale,0-1
1017,2026-04-13,14,Tier-2,Flash sale,6+
1018,2026-03-09,9,Metro,Organic,0-1
1019,2026-04-06,13,Metro,Organic,2-3
1020,2026-03-23,11,Tier-3,Paid social,2-3
1021,2026-03-16,10,Tier-2,Flash sale,4-5
1022,2026-03-09,9,Tier-3,Flash sale,2-3
1023,2026-02-23,7,Metro,Organic,4-5
1024,2026-02-09,5,Tier-2,Organic,4-5
1025,2026-05-04,17,Metro,Organic,6+
1026,2026-03-02,8,Tier-3,Organic,0-1
1027,2026-05-04,17,Metro,Flash sale,6+
1028,2026-04-20,15,Tier-2,Organic,4-5
1029,2026-03-30,12,Metro,Organic,6+
1030,2026-04-27,16,Tier-2,Organic,2-3
1031,2026-04-06,13,Tier-2,Organic,2-3
1032,2026-04-27,16,Metro,Organic,4-5
1033,2026-04-20,15,Tier-3,Organic,6+
1034,2026-03-30,12,Metro,Organic,0-1
1035,2026-04-13,14,Tier-2,Flash sale,4-5
1036,2026-04-27,16,Metro,Paid social,0-1
1037,2026-02-02,4,Metro,Flash sale,6+
1038,2026-05-04,17,Metro,Organic,2-3
1039,2026-03-16,10,Metro,Paid social,6+
1040,2026-01-19,2,Metro,Paid social,0-1
1041,2026-01-26,3,Tier-2,Flash sale,0-1
1042,2026-04-20,15,Tier-2,Organic,6+
1043,2026-04-27,16,Tier-2,Referral,2-3
1044,2026-04-06,13,Metro,Paid social,0-1
1045,2026-04-06,13,Metro,Referral,6+
1046,2026-05-04,17,Metro,Flash sale,2-3
1047,2026-05-18,19,Tier-2,Flash sale,6+
1048,2026-04-27,16,Tier-3,Paid social,2-3
1049,2026-01-19,2,Metro,Organic,6+
1050,2026-04-27,16,Tier-2,Organic,4-5
1051,2026-03-16,10,Metro,Referral,2-3
1052,2026-04-20,15,Metro,Organic,2-3
1053,2026-04-13,14,Metro,Organic,2-3
1054,2026-04-06,13,Metro,Organic,4-5
1055,2026-05-04,17,Tier-2,Organic,4-5
1056,2026-01-26,3,Tier-3,Organic,0-1
1057,2026-05-04,17,Metro,Flash sale,2-3
1058,2026-02-16,6,Metro,Flash sale,2-3
1059,2026-02-02,4,Tier-2,Flash sale,6+
1060,2026-04-13,14,Tier-3,Organic,2-3
1061,2026-05-18,19,Tier-2,Paid social,4-5
1062,2026-01-12,1,Metro,Flash sale,0-1
1063,2026-05-18,19,Tier-2,Paid social,2-3
1064,2026-02-16,6,Metro,Organic,2-3
1065,2026-05-18,19,Tier-3,Organic,2-3
1066,2026-01-05,0,Metro,Referral,6+
1067,2026-03-30,12,Tier-2,Referral,6+
1068,2026-03-16,10,Metro,Organic,2-3
1069,2026-04-27,16,Metro,Flash sale,4-5
1070,2026-03-09,9,Tier-3,Flash sale,6+
1071,2026-01-12,1,Tier-2,Organic,0-1
1072,2026-01-26,3,Metro,Flash sale,2-3
1073,2026-02-09,5,Tier-3,Organic,4-5
1074,2026-05-04,17,Tier-3,Organic,0-1
1075,2026-01-12,1,Metro,Paid social,2-3
1076,2026-04-27,16,Metro,Flash sale,0-1
1077,2026-03-16,10,Metro,Referral,2-3
1078,2026-03-23,11,Tier-2,Referral,0-1
1079,2026-05-18,19,Metro,Paid social,4-5
1080,2026-04-20,15,Metro,Flash sale,6+
1081,2026-03-30,12,Tier-3,Flash sale,2-3
1082,2026-04-27,16,Tier-3,Organic,0-1
1083,2026-03-09,9,Tier-2,Flash sale,2-3
1084,2026-05-11,18,Tier-3,Flash sale,0-1
1085,2026-04-20,15,Tier-2,Referral,2-3
1086,2026-05-18,19,Tier-2,Organic,4-5
1087,2026-03-23,11,Tier-2,Organic,2-3
1088,2026-03-30,12,Metro,Paid social,4-5
1089,2026-03-09,9,Metro,Referral,4-5
1090,2026-05-11,18,Metro,Organic,0-1
1091,2026-03-30,12,Tier-2,Flash sale,4-5
1092,2026-01-26,3,Metro,Flash sale,4-5
1093,2026-03-16,10,Metro,Referral,0-1
1094,2026-01-19,2,Tier-2,Organic,2-3
1095,2026-03-30,12,Metro,Flash sale,2-3
1096,2026-04-06,13,Metro,Organic,2-3
1097,2026-04-27,16,Tier-2,Organic,6+
1098,2026-01-26,3,Tier-3,Referral,4-5
1099,2026-03-09,9,Metro,Organic,6+
1100,2026-02-23,7,Metro,Organic,4-5
1101,2026-03-02,8,Metro,Organic,0-1
1102,2026-05-11,18,Tier-2,Flash sale,4-5
1103,2026-03-23,11,Tier-2,Referral,0-1
1104,2026-03-02,8,Metro,Organic,2-3
1105,2026-05-11,18,Tier-2,Referral,6+
1106,2026-03-16,10,Metro,Paid social,6+
1107,2026-03-02,8,Metro,Organic,0-1
1108,2026-03-16,10,Tier-3,Referral,6+
1109,2026-04-27,16,Metro,Organic,6+
1110,2026-03-09,9,Metro,Flash sale,6+
1111,2026-03-30,12,Metro,Organic,6+
1112,2026-01-26,3,Tier-2,Organic,0-1
1113,2026-01-05,0,Tier-3,Organic,0-1
1114,2026-01-12,1,Tier-3,Organic,4-5
1115,2026-03-09,9,Metro,Referral,0-1
1116,2026-04-13,14,Metro,Flash sale,2-3
1117,2026-02-02,4,Tier-2,Paid social,6+
1118,2026-05-11,18,Metro,Flash sale,6+
1119,2026-01-26,3,Tier-3,Flash sale,2-3
1120,2026-04-06,13,Tier-2,Organic,4-5
1121,2026-02-02,4,Metro,Flash sale,4-5
1122,2026-01-12,1,Tier-2,Organic,2-3
1123,2026-04-13,14,Metro,Paid social,0-1
1124,2026-03-16,10,Metro,Paid social,2-3
1125,2026-03-30,12,Tier-2,Organic,4-5
1126,2026-05-11,18,Metro,Flash sale,6+
1127,2026-03-16,10,Tier-2,Flash sale,6+
1128,2026-04-27,16,Tier-2,Flash sale,0-1
1129,2026-03-09,9,Tier-3,Organic,4-5
1130,2026-02-16,6,Tier-3,Flash sale,4-5
1131,2026-02-23,7,Metro,Referral,0-1
1132,2026-02-16,6,Metro,Organic,6+
1133,2026-05-04,17,Tier-2,Flash sale,4-5
1134,2026-03-16,10,Tier-3,Organic,4-5
1135,2026-05-11,18,Metro,Paid social,4-5
1136,2026-02-09,5,Metro,Organic,2-3
1137,2026-04-20,15,Metro,Organic,0-1
1138,2026-01-19,2,Metro,Organic,2-3
1139,2026-02-09,5,Tier-2,Referral,6+
1140,2026-01-05,0,Metro,Referral,4-5
1141,2026-05-11,18,Tier-2,Organic,4-5
1142,2026-02-09,5,Tier-2,Organic,0-1
1143,2026-04-27,16,Tier-2,Referral,0-1
1144,2026-03-02,8,Metro,Flash sale,4-5
1145,2026-01-19,2,Metro,Organic,6+
1146,2026-02-16,6,Tier-2,Paid social,2-3
1147,2026-02-16,6,Tier-2,Organic,2-3
1148,2026-03-16,10,Metro,Flash sale,6+
1149,2026-02-16,6,Tier-3,Organic,0-1
1150,2026-04-06,13,Metro,Referral,4-5
1151,2026-04-13,14,Tier-3,Referral,0-1
1152,2026-01-26,3,Metro,Organic,2-3
1153,2026-03-16,10,Metro,Flash sale,2-3
1154,2026-03-23,11,Metro,Paid social,4-5
1155,2026-02-09,5,Metro,Referral,2-3
1156,2026-04-20,15,Metro,Flash sale,2-3
1157,2026-02-02,4,Metro,Flash sale,2-3
1158,2026-05-04,17,Metro,Paid social,0-1
1159,2026-03-09,9,Tier-2,Organic,6+
1160,2026-02-23,7,Metro,Organic,4-5
1161,2026-04-06,13,Tier-2,Organic,4-5
1162,2026-03-30,12,Tier-2,Referral,4-5
1163,2026-03-16,10,Metro,Organic,0-1
1164,2026-04-06,13,Metro,Organic,4-5
1165,2026-02-09,5,Tier-3,Flash sale,4-5
1166,2026-04-27,16,Tier-2,Organic,2-3
1167,2026-03-30,12,Metro,Organic,4-5
1168,2026-02-02,4,Tier-2,Flash sale,2-3
1169,2026-05-18,19,Metro,Organic,4-5
1170,2026-05-04,17,Metro,Paid social,2-3
1171,2026-01-26,3,Tier-2,Organic,6+
1172,2026-04-20,15,Metro,Referral,0-1
1173,2026-03-16,10,Tier-2,Flash sale,2-3
1174,2026-04-20,15,Metro,Organic,4-5
1175,2026-02-23,7,Tier-2,Organic,0-1
1176,2026-02-02,4,Metro,Flash sale,4-5
1177,2026-02-02,4,Metro,Organic,0-1
1178,2026-01-12,1,Metro,Organic,4-5
1179,2026-05-04,17,Metro,Paid social,2-3
1180,2026-02-16,6,Tier-2,Flash sale,0-1
1181,2026-05-18,19,Metro,Paid social,2-3
1182,2026-02-02,4,Metro,Organic,2-3
1183,2026-02-23,7,Metro,Organic,0-1
1184,2026-05-04,17,Metro,Flash sale,4-5
1185,2026-02-16,6,Tier-2,Organic,4-5
1186,2026-04-20,15,Metro,Organic,4-5
1187,2026-01-12,1,Tier-3,Organic,6+
1188,2026-05-18,19,Metro,Organic,4-5
1189,2026-03-30,12,Tier-2,Referral,6+
1190,2026-04-20,15,Metro,Organic,4-5
1191,2026-01-05,0,Metro,Paid social,4-5
1192,2026-05-18,19,Tier-3,Organic,6+
1193,2026-03-09,9,Tier-3,Organic,4-5
1194,2026-02-02,4,Tier-3,Organic,4-5
1195,2026-01-26,3,Metro,Flash sale,4-5
1196,2026-01-12,1,Metro,Paid social,6+
1197,2026-04-06,13,Tier-2,Referral,2-3
1198,2026-02-02,4,Metro,Organic,0-1
1199,2026-05-11,18,Tier-2,Flash sale,2-3
1200,2026-02-02,4,Tier-2,Referral,0-1
1201,2026-01-12,1,Tier-2,Organic,2-3
1202,2026-05-04,17,Tier-2,Flash sale,6+
1203,2026-04-20,15,Tier-2,Organic,0-1
1204,2026-03-16,10,Metro,Flash sale,6+
1205,2026-04-27,16,Metro,Flash sale,4-5
1206,2026-04-13,14,Tier-2,Organic,2-3
1207,2026-01-26,3,Metro,Paid social,2-3
1208,2026-03-02,8,Metro,Flash sale,6+
1209,2026-05-11,18,Metro,Paid social,0-1
1210,2026-04-06,13,Tier-2,Referral,4-5
1211,2026-03-30,12,Tier-2,Organic,2-3
1212,2026-01-26,3,Tier-2,Flash sale,4-5
1213,2026-03-16,10,Metro,Organic,6+
1214,2026-01-26,3,Metro,Referral,6+
1215,2026-04-06,13,Metro,Organic,2-3
1216,2026-02-02,4,Metro,Paid social,4-5
1217,2026-02-09,5,Tier-2,Flash sale,2-3
1218,2026-03-23,11,Tier-2,Flash sale,4-5
1219,2026-01-05,0,Metro,Flash sale,0-1
1220,2026-04-06,13,Metro,Flash sale,6+
1221,2026-03-02,8,Metro,Flash sale,0-1
1222,2026-03-16,10,Tier-3,Flash sale,0-1
1223,2026-04-13,14,Tier-2,Organic,6+
1224,2026-04-20,15,Metro,Flash sale,2-3
1225,2026-05-11,18,Tier-3,Organic,0-1
1226,2026-01-26,3,Metro,Flash sale,4-5
1227,2026-03-02,8,Metro,Flash sale,2-3
1228,2026-01-12,1,Tier-3,Organic,6+
1229,2026-02-09,5,Metro,Referral,6+
1230,2026-03-23,11,Metro,Flash sale,4-5
1231,2026-01-19,2,Tier-2,Flash sale,2-3
1232,2026-03-02,8,Metro,Flash sale,2-3
1233,2026-05-11,18,Tier-2,Flash sale,4-5
1234,2026-01-12,1,Metro,Referral,6+
1235,2026-02-02,4,Metro,Organic,4-5
1236,2026-02-09,5,Metro,Organic,0-1
1237,2026-05-11,18,Metro,Flash sale,0-1
1238,2026-04-13,14,Metro,Organic,4-5
1239,2026-01-26,3,Metro,Organic,2-3
1240,2026-04-13,14,Tier-3,Organic,2-3
1241,2026-01-05,0,Metro,Organic,2-3
1242,2026-04-20,15,Metro,Paid social,4-5
1243,2026-02-02,4,Metro,Organic,0-1
1244,2026-04-13,14,Metro,Organic,0-1
1245,2026-03-09,9,Metro,Paid social,0-1
1246,2026-04-13,14,Tier-2,Paid social,4-5
1247,2026-02-16,6,Metro,Organic,4-5
1248,2026-03-16,10,Tier-3,Paid social,6+
1249,2026-05-11,18,Tier-3,Organic,0-1
1250,2026-04-27,16,Metro,Referral,0-1
1251,2026-03-16,10,Metro,Organic,0-1
1252,2026-05-11,18,Metro,Flash sale,4-5
1253,2026-01-19,2,Tier-2,Organic,4-5
1254,2026-04-13,14,Metro,Referral,0-1
1255,2026-03-30,12,Tier-3,Organic,2-3
1256,2026-02-09,5,Tier-2,Flash sale,0-1
1257,2026-02-23,7,Tier-2,Flash sale,4-5
1258,2026-03-02,8,Metro,Organic,4-5
1259,2026-04-06,13,Tier-3,Paid social,0-1
1260,2026-03-30,12,Metro,Organic,0-1
1261,2026-04-20,15,Metro,Organic,4-5
1262,2026-04-06,13,Metro,Organic,6+
1263,2026-05-18,19,Tier-3,Organic,6+
1264,2026-04-27,16,Tier-2,Organic,4-5
1265,2026-03-23,11,Tier-2,Flash sale,4-5
1266,2026-01-05,0,Metro,Flash sale,6+
1267,2026-02-23,7,Tier-3,Flash sale,6+
1268,2026-01-19,2,Metro,Flash sale,6+
1269,2026-03-02,8,Metro,Referral,2-3
1270,2026-05-18,19,Tier-3,Organic,2-3
1271,2026-03-02,8,Metro,Flash sale,0-1
1272,2026-04-27,16,Metro,Paid social,0-1
1273,2026-03-09,9,Tier-2,Organic,2-3
1274,2026-03-23,11,Metro,Flash sale,6+
1275,2026-01-05,0,Metro,Paid social,2-3
1276,2026-04-06,13,Metro,Flash sale,4-5
1277,2026-02-02,4,Metro,Paid social,6+
1278,2026-03-09,9,Tier-3,Organic,2-3
1279,2026-05-18,19,Tier-2,Flash sale,2-3
1280,2026-02-02,4,Metro,Organic,4-5
1281,2026-05-11,18,Metro,Organic,2-3
1282,2026-04-27,16,Metro,Paid social,2-3
1283,2026-01-05,0,Tier-2,Organic,6+
1284,2026-02-23,7,Tier-3,Paid social,2-3
1285,2026-05-18,19,Tier-3,Flash sale,2-3
1286,2026-03-09,9,Metro,Paid social,6+
1287,2026-04-20,15,Metro,Paid social,4-5
1288,2026-05-11,18,Metro,Flash sale,6+
1289,2026-01-05,0,Tier-2,Paid social,2-3
1290,2026-04-13,14,Metro,Referral,6+
1291,2026-05-11,18,Tier-2,Flash sale,6+
1292,2026-03-23,11,Tier-2,Flash sale,0-1
1293,2026-05-18,19,Metro,Organic,0-1
1294,2026-04-06,13,Metro,Organic,4-5
1295,2026-03-30,12,Metro,Organic,4-5
1296,2026-01-19,2,Metro,Flash sale,0-1
1297,2026-04-20,15,Metro,Organic,4-5
1298,2026-05-04,17,Tier-2,Flash sale,0-1
1299,2026-02-16,6,Metro,Flash sale,6+
1300,2026-01-26,3,Metro,Flash sale,4-5
1301,2026-03-23,11,Tier-2,Paid social,6+
1302,2026-05-11,18,Tier-2,Paid social,0-1
1303,2026-04-13,14,Metro,Paid social,6+
1304,2026-04-27,16,Tier-2,Flash sale,2-3
1305,2026-03-23,11,Tier-3,Organic,0-1
1306,2026-03-02,8,Tier-2,Paid social,2-3
1307,2026-02-16,6,Tier-2,Organic,2-3
1308,2026-04-27,16,Metro,Organic,4-5
1309,2026-03-30,12,Tier-3,Organic,6+
1310,2026-04-13,14,Metro,Flash sale,2-3
1311,2026-04-27,16,Tier-3,Flash sale,4-5
1312,2026-05-18,19,Tier-2,Organic,0-1
1313,2026-04-27,16,Metro,Referral,6+
1314,2026-03-02,8,Metro,Organic,2-3
1315,2026-01-19,2,Tier-2,Organic,6+
1316,2026-03-23,11,Tier-2,Organic,2-3
1317,2026-03-02,8,Metro,Organic,2-3
1318,2026-05-11,18,Tier-2,Referral,6+
1319,2026-01-05,0,Tier-3,Organic,0-1
1320,2026-05-04,17,Metro,Organic,4-5
1321,2026-03-30,12,Metro,Organic,2-3
1322,2026-01-12,1,Metro,Referral,2-3
1323,2026-02-02,4,Tier-2,Paid social,4-5
1324,2026-01-12,1,Metro,Flash sale,6+
1325,2026-05-11,18,Tier-3,Flash sale,2-3
1326,2026-03-30,12,Metro,Paid social,4-5
1327,2026-03-30,12,Tier-2,Organic,0-1
1328,2026-03-16,10,Metro,Organic,0-1
1329,2026-03-02,8,Metro,Flash sale,4-5
1330,2026-01-26,3,Tier-2,Organic,4-5
1331,2026-04-13,14,Metro,Flash sale,0-1
1332,2026-01-19,2,Metro,Flash sale,6+
1333,2026-02-02,4,Tier-3,Organic,2-3
1334,2026-05-18,19,Tier-3,Flash sale,2-3
1335,2026-01-12,1,Tier-3,Organic,2-3
1336,2026-05-18,19,Metro,Organic,2-3
1337,2026-01-12,1,Tier-2,Paid social,4-5
1338,2026-03-09,9,Tier-3,Referral,0-1
1339,2026-03-23,11,Metro,Organic,0-1
1340,2026-01-19,2,Metro,Organic,6+
1341,2026-05-04,17,Tier-2,Organic,4-5
1342,2026-05-18,19,Metro,Organic,2-3
1343,2026-02-02,4,Tier-2,Organic,6+
1344,2026-02-02,4,Tier-3,Organic,6+
1345,2026-04-20,15,Tier-2,Referral,4-5
1346,2026-02-23,7,Metro,Referral,4-5
1347,2026-01-05,0,Metro,Referral,6+
1348,2026-04-20,15,Metro,Flash sale,6+
1349,2026-02-23,7,Metro,Referral,2-3
1350,2026-03-02,8,Tier-2,Referral,4-5
1351,2026-04-06,13,Tier-2,Paid social,0-1
1352,2026-03-23,11,Metro,Referral,4-5
1353,2026-04-27,16,Metro,Referral,0-1
1354,2026-04-20,15,Tier-3,Referral,0-1
1355,2026-05-11,18,Metro,Flash sale,4-5
1356,2026-05-11,18,Metro,Organic,2-3
1357,2026-03-30,12,Metro,Organic,0-1
1358,2026-03-23,11,Tier-2,Flash sale,6+
1359,2026-03-09,9,Metro,Organic,6+
1360,2026-04-06,13,Tier-2,Organic,0-1
1361,2026-01-12,1,Metro,Organic,4-5
1362,2026-03-02,8,Tier-2,Organic,2-3
1363,2026-02-09,5,Metro,Paid social,6+
1364,2026-03-23,11,Metro,Organic,4-5
1365,2026-05-11,18,Metro,Organic,2-3
1366,2026-03-09,9,Metro,Flash sale,6+
1367,2026-03-23,11,Metro,Organic,4-5
1368,2026-03-02,8,Metro,Flash sale,0-1
1369,2026-02-16,6,Metro,Flash sale,2-3
1370,2026-04-06,13,Metro,Organic,6+
1371,2026-02-02,4,Tier-3,Flash sale,4-5
1372,2026-05-04,17,Metro,Organic,0-1
1373,2026-01-19,2,Tier-2,Flash sale,6+
1374,2026-02-02,4,Tier-3,Paid social,2-3
1375,2026-04-20,15,Metro,Paid social,0-1
1376,2026-01-12,1,Tier-2,Organic,6+
1377,2026-03-02,8,Tier-3,Referral,6+
1378,2026-02-23,7,Tier-2,Referral,4-5
1379,2026-05-11,18,Metro,Paid social,4-5
1380,2026-01-26,3,Metro,Organic,0-1
1381,2026-03-09,9,Metro,Flash sale,4-5
1382,2026-03-09,9,Metro,Organic,6+
1383,2026-04-27,16,Tier-3,Organic,0-1
1384,2026-03-16,10,Tier-3,Flash sale,6+
1385,2026-01-19,2,Metro,Flash sale,0-1
1386,2026-05-04,17,Tier-2,Organic,2-3
1387,2026-01-26,3,Metro,Referral,0-1
1388,2026-04-06,13,Tier-3,Flash sale,2-3
1389,2026-02-09,5,Metro,Paid social,4-5
1390,2026-01-19,2,Tier-3,Referral,6+
1391,2026-01-26,3,Tier-2,Paid social,0-1
1392,2026-05-11,18,Metro,Referral,6+
1393,2026-05-18,19,Metro,Organic,6+
1394,2026-03-30,12,Tier-2,Organic,0-1
1395,2026-04-27,16,Metro,Paid social,6+
1396,2026-05-11,18,Metro,Organic,6+
1397,2026-02-16,6,Tier-3,Organic,0-1
1398,2026-04-20,15,Tier-2,Flash sale,0-1
1399,2026-03-16,10,Metro,Organic,4-5
1400,2026-01-26,3,Metro,Organic,2-3
1401,2026-03-16,10,Metro,Flash sale,2-3
1402,2026-01-05,0,Tier-3,Organic,2-3
1403,2026-03-30,12,Metro,Flash sale,2-3
1404,2026-02-09,5,Metro,Organic,6+
1405,2026-01-19,2,Metro,Flash sale,0-1
1406,2026-04-13,14,Tier-3,Organic,0-1
1407,2026-02-16,6,Metro,Flash sale,6+
1408,2026-03-02,8,Tier-3,Organic,6+
1409,2026-01-12,1,Tier-2,Organic,6+
1410,2026-01-12,1,Tier-2,Referral,6+
1411,2026-05-11,18,Tier-3,Organic,0-1
1412,2026-03-23,11,Tier-2,Referral,6+
1413,2026-03-02,8,Tier-3,Organic,2-3
1414,2026-04-06,13,Metro,Organic,2-3
1415,2026-04-13,14,Tier-2,Organic,2-3
1416,2026-01-19,2,Metro,Paid social,6+
1417,2026-05-11,18,Metro,Organic,4-5
1418,2026-04-06,13,Tier-3,Organic,0-1
1419,2026-02-16,6,Tier-3,Flash sale,0-1
1420,2026-02-09,5,Tier-2,Organic,4-5
1421,2026-01-12,1,Metro,Referral,6+
1422,2026-02-09,5,Metro,Paid social,4-5
1423,2026-02-16,6,Metro,Flash sale,6+
1424,2026-02-02,4,Metro,Flash sale,0-1
1425,2026-04-06,13,Metro,Organic,2-3
1426,2026-02-09,5,Metro,Paid social,4-5
1427,2026-03-09,9,Metro,Flash sale,6+
1428,2026-03-23,11,Tier-2,Organic,2-3
1429,2026-01-12,1,Metro,Paid social,4-5
1430,2026-01-26,3,Tier-3,Paid social,0-1
1431,2026-01-12,1,Tier-2,Flash sale,4-5
1432,2026-04-06,13,Metro,Organic,6+
1433,2026-04-06,13,Metro,Flash sale,6+
1434,2026-01-19,2,Metro,Referral,2-3
1435,2026-04-13,14,Tier-3,Flash sale,2-3
1436,2026-04-27,16,Metro,Organic,6+
1437,2026-01-19,2,Metro,Organic,4-5
1438,2026-01-19,2,Tier-3,Organic,2-3
1439,2026-04-20,15,Tier-3,Organic,2-3
1440,2026-02-16,6,Metro,Referral,4-5
1441,2026-02-16,6,Metro,Organic,4-5
1442,2026-03-23,11,Metro,Organic,4-5
1443,2026-01-12,1,Metro,Referral,0-1
1444,2026-03-02,8,Metro,Flash sale,0-1
1445,2026-02-16,6,Tier-2,Organic,0-1
1446,2026-04-27,16,Tier-3,Paid social,0-1
1447,2026-04-13,14,Metro,Organic,2-3
1448,2026-02-09,5,Tier-2,Paid social,2-3
1449,2026-04-06,13,Metro,Organic,2-3
1450,2026-03-02,8,Tier-2,Flash sale,6+
1451,2026-03-09,9,Tier-2,Flash sale,0-1
1452,2026-04-13,14,Tier-3,Organic,6+
1453,2026-02-09,5,Tier-3,Flash sale,0-1
1454,2026-03-23,11,Metro,Organic,4-5
1455,2026-03-02,8,Metro,Flash sale,6+
1456,2026-04-06,13,Metro,Organic,6+
1457,2026-02-23,7,Metro,Referral,4-5
1458,2026-05-11,18,Tier-3,Flash sale,0-1
1459,2026-02-23,7,Metro,Flash sale,2-3
1460,2026-01-19,2,Tier-2,Organic,2-3
1461,2026-03-09,9,Metro,Flash sale,6+
1462,2026-02-02,4,Metro,Flash sale,2-3
1463,2026-03-09,9,Metro,Organic,6+
1464,2026-05-11,18,Tier-2,Flash sale,6+
1465,2026-01-19,2,Tier-2,Organic,0-1
1466,2026-01-05,0,Metro,Organic,6+
1467,2026-02-09,5,Metro,Referral,4-5
1468,2026-03-02,8,Tier-2,Organic,4-5
1469,2026-01-19,2,Metro,Organic,2-3
1470,2026-04-06,13,Tier-3,Flash sale,2-3
1471,2026-03-30,12,Metro,Referral,4-5
1472,2026-04-13,14,Metro,Organic,0-1
1473,2026-03-02,8,Metro,Organic,4-5
1474,2026-05-11,18,Metro,Flash sale,4-5
1475,2026-04-06,13,Metro,Flash sale,0-1
1476,2026-05-11,18,Metro,Flash sale,0-1
1477,2026-01-12,1,Tier-3,Flash sale,4-5
1478,2026-04-06,13,Metro,Referral,4-5
1479,2026-02-16,6,Metro,Paid social,2-3
1480,2026-01-26,3,Metro,Organic,6+
1481,2026-01-26,3,Metro,Organic,4-5
1482,2026-01-26,3,Tier-2,Organic,4-5
1483,2026-01-12,1,Metro,Organic,0-1
1484,2026-03-09,9,Tier-2,Organic,4-5
1485,2026-04-20,15,Metro,Paid social,6+
1486,2026-03-09,9,Tier-3,Organic,0-1
1487,2026-01-19,2,Metro,Organic,4-5
1488,2026-04-13,14,Tier-3,Flash sale,0-1
1489,2026-01-26,3,Metro,Paid social,0-1
1490,2026-05-04,17,Metro,Organic,0-1
1491,2026-02-23,7,Tier-2,Referral,6+
1492,2026-01-05,0,Tier-2,Referral,6+
1493,2026-02-09,5,Tier-2,Flash sale,0-1
1494,2026-04-27,16,Metro,Flash sale,4-5
1495,2026-05-11,18,Tier-2,Flash sale,4-5
1496,2026-03-02,8,Tier-3,Organic,4-5
1497,2026-05-18,19,Tier-2,Flash sale,4-5
1498,2026-02-02,4,Metro,Organic,6+
1499,2026-03-02,8,Tier-2,Referral,0-1
1500,2026-03-09,9,Tier-2,Referral,0-1
1501,2026-02-02,4,Tier-3,Organic,0-1
1502,2026-02-23,7,Metro,Flash sale,6+
1503,2026-03-09,9,Metro,Organic,0-1
1504,2026-04-06,13,Tier-2,Organic,0-1
1505,2026-03-09,9,Metro,Flash sale,4-5
1506,2026-01-19,2,Tier-2,Organic,2-3
1507,2026-03-09,9,Metro,Referral,4-5
1508,2026-04-27,16,Metro,Organic,2-3
1509,2026-01-05,0,Tier-2,Referral,0-1
1510,2026-05-18,19,Metro,Organic,4-5
1511,2026-01-19,2,Metro,Organic,0-1
1512,2026-01-05,0,Tier-2,Referral,2-3
1513,2026-01-19,2,Tier-2,Flash sale,6+
1514,2026-02-09,5,Tier-3,Organic,0-1
1515,2026-02-23,7,Metro,Paid social,0-1
1516,2026-04-27,16,Metro,Organic,6+
1517,2026-03-23,11,Tier-3,Organic,2-3
1518,2026-03-30,12,Metro,Flash sale,2-3
1519,2026-05-04,17,Metro,Flash sale,4-5
1520,2026-01-19,2,Metro,Flash sale,0-1
1521,2026-02-02,4,Metro,Referral,0-1
1522,2026-05-18,19,Tier-3,Flash sale,6+
1523,2026-04-20,15,Tier-2,Organic,6+
1524,2026-01-12,1,Tier-2,Organic,6+
1525,2026-02-02,4,Metro,Organic,0-1
1526,2026-02-23,7,Metro,Referral,4-5
1527,2026-01-05,0,Metro,Organic,6+
1528,2026-03-23,11,Metro,Flash sale,6+
1529,2026-03-30,12,Metro,Flash sale,2-3
1530,2026-02-16,6,Metro,Referral,2-3
1531,2026-02-02,4,Metro,Organic,0-1
1532,2026-03-02,8,Tier-2,Organic,0-1
1533,2026-05-11,18,Tier-2,Paid social,2-3
1534,2026-04-13,14,Metro,Flash sale,0-1
1535,2026-05-11,18,Metro,Flash sale,6+
1536,2026-03-23,11,Tier-2,Referral,0-1
1537,2026-01-19,2,Tier-2,Paid social,4-5
1538,2026-01-12,1,Tier-2,Organic,4-5
1539,2026-01-26,3,Metro,Paid social,0-1
1540,2026-03-16,10,Tier-2,Organic,2-3
1541,2026-02-02,4,Metro,Paid social,6+
1542,2026-02-16,6,Metro,Organic,0-1
1543,2026-05-11,18,Metro,Organic,0-1
1544,2026-01-05,0,Metro,Organic,0-1
1545,2026-01-12,1,Metro,Referral,0-1
1546,2026-02-23,7,Metro,Paid social,6+
1547,2026-04-20,15,Tier-2,Organic,0-1
1548,2026-04-27,16,Metro,Organic,2-3
1549,2026-02-09,5,Metro,Organic,6+
1550,2026-02-09,5,Metro,Organic,6+
1551,2026-03-23,11,Metro,Referral,0-1
1552,2026-05-04,17,Metro,Organic,2-3
1553,2026-01-26,3,Metro,Paid social,0-1
1554,2026-05-04,17,Metro,Paid social,0-1
1555,2026-04-27,16,Tier-2,Organic,6+
1556,2026-02-09,5,Tier-3,Flash sale,2-3
1557,2026-04-06,13,Metro,Paid social,4-5
1558,2026-03-30,12,Tier-2,Paid social,0-1
1559,2026-01-05,0,Tier-3,Referral,2-3
1560,2026-03-02,8,Tier-3,Organic,2-3
1561,2026-02-02,4,Tier-2,Organic,4-5
1562,2026-01-12,1,Tier-3,Referral,6+
1563,2026-03-09,9,Tier-3,Organic,0-1
1564,2026-04-13,14,Tier-2,Flash sale,4-5
1565,2026-03-16,10,Metro,Referral,2-3
1566,2026-01-12,1,Metro,Flash sale,6+
1567,2026-04-27,16,Metro,Organic,2-3
1568,2026-01-12,1,Metro,Organic,2-3
1569,2026-02-23,7,Metro,Paid social,4-5
1570,2026-03-23,11,Metro,Organic,2-3
1571,2026-05-11,18,Tier-2,Organic,6+
1572,2026-04-20,15,Tier-2,Paid social,0-1
1573,2026-01-26,3,Tier-2,Flash sale,2-3
1574,2026-03-02,8,Metro,Flash sale,0-1
1575,2026-05-04,17,Metro,Referral,0-1
1576,2026-02-02,4,Tier-2,Flash sale,0-1
1577,2026-05-11,18,Tier-2,Paid social,2-3
1578,2026-03-16,10,Tier-3,Paid social,0-1
1579,2026-03-30,12,Tier-3,Organic,6+
1580,2026-04-06,13,Tier-3,Organic,4-5
1581,2026-05-18,19,Metro,Organic,6+
1582,2026-04-06,13,Metro,Flash sale,6+
1583,2026-03-02,8,Metro,Flash sale,6+
1584,2026-03-23,11,Tier-2,Flash sale,2-3
1585,2026-04-06,13,Tier-3,Paid social,6+
1586,2026-03-23,11,Metro,Flash sale,2-3
1587,2026-01-05,0,Tier-2,Referral,6+
1588,2026-05-11,18,Metro,Flash sale,0-1
1589,2026-02-09,5,Metro,Flash sale,6+
1590,2026-04-06,13,Metro,Organic,2-3
1591,2026-03-23,11,Metro,Flash sale,4-5
1592,2026-01-19,2,Tier-3,Flash sale,2-3
1593,2026-05-04,17,Metro,Organic,0-1
1594,2026-01-12,1,Tier-2,Referral,2-3
1595,2026-05-18,19,Tier-2,Flash sale,4-5
1596,2026-05-11,18,Metro,Organic,0-1
1597,2026-03-23,11,Metro,Referral,0-1
1598,2026-05-18,19,Tier-2,Organic,6+
1599,2026-05-04,17,Metro,Flash sale,0-1
1600,2026-05-04,17,Tier-3,Flash sale,4-5
1601,2026-04-20,15,Metro,Organic,2-3
1602,2026-05-11,18,Tier-2,Flash sale,2-3
1603,2026-04-20,15,Tier-2,Organic,2-3
1604,2026-05-04,17,Metro,Organic,2-3
1605,2026-01-19,2,Metro,Flash sale,4-5
1606,2026-03-02,8,Tier-3,Organic,6+
1607,2026-03-09,9,Metro,Paid social,2-3
1608,2026-05-11,18,Metro,Organic,0-1
1609,2026-03-09,9,Metro,Organic,0-1
1610,2026-03-02,8,Metro,Paid social,4-5
1611,2026-04-20,15,Tier-2,Flash sale,6+
1612,2026-04-06,13,Tier-2,Flash sale,0-1
1613,2026-03-23,11,Metro,Flash sale,4-5
1614,2026-05-11,18,Tier-2,Paid social,0-1
1615,2026-04-27,16,Metro,Organic,0-1
1616,2026-04-13,14,Metro,Organic,6+
1617,2026-05-18,19,Tier-2,Paid social,2-3
1618,2026-01-05,0,Tier-3,Organic,2-3
1619,2026-03-23,11,Metro,Referral,0-1
1620,2026-01-05,0,Metro,Flash sale,6+
1621,2026-04-20,15,Metro,Flash sale,6+
1622,2026-01-19,2,Tier-2,Referral,6+
1623,2026-03-23,11,Metro,Paid social,0-1
1624,2026-04-20,15,Metro,Organic,0-1
1625,2026-03-30,12,Tier-2,Flash sale,6+
1626,2026-01-12,1,Metro,Referral,4-5
1627,2026-03-09,9,Metro,Organic,2-3
1628,2026-04-20,15,Metro,Paid social,0-1
1629,2026-05-18,19,Metro,Flash sale,6+
1630,2026-05-04,17,Metro,Organic,6+
1631,2026-04-27,16,Tier-3,Paid social,0-1
1632,2026-02-16,6,Tier-2,Paid social,2-3
1633,2026-04-20,15,Tier-2,Organic,2-3
1634,2026-01-26,3,Tier-3,Referral,2-3
1635,2026-02-16,6,Metro,Organic,2-3
1636,2026-02-09,5,Metro,Organic,2-3
1637,2026-03-09,9,Tier-3,Organic,2-3
1638,2026-05-04,17,Metro,Paid social,6+
1639,2026-05-04,17,Tier-2,Organic,6+
1640,2026-05-04,17,Tier-2,Organic,0-1
1641,2026-05-11,18,Metro,Referral,4-5
1642,2026-01-05,0,Metro,Flash sale,4-5
1643,2026-05-18,19,Metro,Organic,2-3
1644,2026-05-04,17,Metro,Organic,0-1
1645,2026-04-13,14,Metro,Referral,6+
1646,2026-01-12,1,Metro,Flash sale,2-3
1647,2026-04-13,14,Tier-2,Referral,0-1
1648,2026-04-06,13,Tier-3,Organic,6+
1649,2026-01-12,1,Tier-2,Flash sale,6+
1650,2026-02-02,4,Metro,Referral,2-3
1651,2026-04-20,15,Metro,Organic,2-3
1652,2026-01-26,3,Metro,Organic,2-3
1653,2026-02-16,6,Metro,Organic,0-1
1654,2026-03-30,12,Tier-3,Organic,0-1
1655,2026-05-04,17,Metro,Organic,2-3
1656,2026-02-09,5,Metro,Paid social,2-3
1657,2026-01-05,0,Tier-2,Flash sale,0-1
1658,2026-05-04,17,Metro,Flash sale,0-1
1659,2026-05-11,18,Metro,Organic,6+
1660,2026-05-04,17,Metro,Flash sale,6+
1661,2026-03-09,9,Tier-2,Flash sale,2-3
1662,2026-04-13,14,Tier-2,Paid social,4-5
1663,2026-01-19,2,Metro,Flash sale,0-1
1664,2026-03-30,12,Tier-3,Referral,6+
1665,2026-03-30,12,Tier-3,Organic,6+
1666,2026-03-30,12,Tier-2,Flash sale,0-1
1667,2026-04-06,13,Metro,Paid social,0-1
1668,2026-05-04,17,Metro,Flash sale,2-3
1669,2026-04-20,15,Tier-3,Referral,0-1
1670,2026-01-05,0,Metro,Paid social,2-3
1671,2026-04-13,14,Tier-2,Paid social,4-5
1672,2026-04-13,14,Tier-2,Organic,4-5
1673,2026-03-23,11,Metro,Organic,0-1
1674,2026-03-30,12,Tier-2,Flash sale,2-3
1675,2026-01-12,1,Tier-3,Paid social,6+
1676,2026-02-09,5,Tier-2,Flash sale,6+
1677,2026-05-04,17,Metro,Organic,4-5
1678,2026-01-05,0,Tier-3,Flash sale,4-5
1679,2026-05-18,19,Metro,Organic,0-1
1680,2026-02-02,4,Tier-2,Organic,6+
1681,2026-04-20,15,Tier-2,Organic,2-3
1682,2026-02-02,4,Tier-2,Organic,4-5
1683,2026-01-05,0,Metro,Referral,2-3
1684,2026-03-30,12,Metro,Organic,0-1
1685,2026-04-20,15,Metro,Organic,4-5
1686,2026-01-12,1,Metro,Flash sale,4-5
1687,2026-02-09,5,Metro,Organic,4-5
1688,2026-02-16,6,Tier-2,Organic,6+
1689,2026-05-18,19,Metro,Organic,6+
1690,2026-02-16,6,Tier-2,Organic,2-3
1691,2026-01-12,1,Tier-3,Flash sale,2-3
1692,2026-05-18,19,Metro,Organic,0-1
1693,2026-01-12,1,Tier-2,Organic,6+
1694,2026-03-09,9,Tier-2,Organic,0-1
1695,2026-01-26,3,Metro,Organic,0-1
1696,2026-02-09,5,Metro,Organic,4-5
1697,2026-04-20,15,Tier-2,Organic,6+
1698,2026-01-19,2,Tier-3,Organic,2-3
1699,2026-04-06,13,Tier-2,Organic,0-1
1700,2026-03-23,11,Tier-3,Paid social,0-1
1701,2026-04-13,14,Tier-3,Organic,6+
1702,2026-01-26,3,Metro,Organic,4-5
1703,2026-02-23,7,Tier-2,Flash sale,2-3
1704,2026-01-05,0,Metro,Organic,6+
1705,2026-05-04,17,Tier-3,Referral,0-1
1706,2026-05-18,19,Metro,Organic,4-5
1707,2026-03-02,8,Metro,Flash sale,2-3
1708,2026-03-16,10,Tier-3,Paid social,0-1
1709,2026-01-19,2,Metro,Organic,6+
1710,2026-05-04,17,Tier-2,Organic,6+
1711,2026-04-20,15,Metro,Flash sale,6+
1712,2026-01-19,2,Tier-3,Paid social,0-1
1713,2026-03-16,10,Tier-3,Organic,4-5
1714,2026-01-26,3,Metro,Flash sale,2-3
1715,2026-03-23,11,Tier-2,Organic,2-3
1716,2026-04-06,13,Metro,Flash sale,0-1
1717,2026-02-23,7,Tier-2,Organic,4-5
1718,2026-03-02,8,Tier-2,Flash sale,6+
1719,2026-04-13,14,Tier-2,Organic,0-1
1720,2026-01-26,3,Metro,Flash sale,4-5
1721,2026-01-05,0,Metro,Organic,4-5
1722,2026-03-02,8,Tier-2,Flash sale,4-5
1723,2026-03-09,9,Tier-2,Referral,2-3
1724,2026-02-09,5,Metro,Referral,0-1
1725,2026-03-02,8,Metro,Paid social,6+
1726,2026-01-19,2,Metro,Flash sale,4-5
1727,2026-04-13,14,Tier-3,Flash sale,4-5
1728,2026-04-20,15,Metro,Organic,4-5
1729,2026-02-09,5,Metro,Paid social,2-3
1730,2026-04-06,13,Tier-3,Flash sale,2-3
1731,2026-02-02,4,Metro,Flash sale,4-5
1732,2026-02-23,7,Tier-2,Flash sale,6+
1733,2026-02-16,6,Metro,Referral,2-3
1734,2026-05-18,19,Tier-3,Referral,0-1
1735,2026-03-09,9,Tier-2,Referral,0-1
1736,2026-03-30,12,Tier-3,Flash sale,4-5
1737,2026-02-02,4,Metro,Organic,0-1
1738,2026-05-11,18,Metro,Paid social,6+
1739,2026-04-06,13,Tier-2,Flash sale,2-3
1740,2026-01-19,2,Metro,Flash sale,2-3
1741,2026-02-16,6,Metro,Flash sale,0-1
1742,2026-03-16,10,Metro,Flash sale,2-3
1743,2026-03-02,8,Tier-3,Referral,4-5
1744,2026-04-27,16,Tier-2,Flash sale,6+
1745,2026-03-23,11,Tier-2,Paid social,4-5
1746,2026-03-23,11,Tier-2,Paid social,4-5
1747,2026-02-23,7,Metro,Flash sale,2-3
1748,2026-04-27,16,Metro,Organic,2-3
1749,2026-04-13,14,Metro,Flash sale,6+
1750,2026-04-13,14,Tier-2,Flash sale,4-5
1751,2026-04-06,13,Metro,Flash sale,6+
1752,2026-04-06,13,Tier-3,Paid social,4-5
1753,2026-04-20,15,Tier-2,Organic,0-1
1754,2026-02-02,4,Metro,Organic,2-3
1755,2026-03-16,10,Tier-2,Paid social,2-3
1756,2026-01-19,2,Metro,Paid social,2-3
1757,2026-02-23,7,Tier-3,Flash sale,6+
1758,2026-02-09,5,Tier-3,Organic,2-3
1759,2026-02-02,4,Tier-3,Flash sale,0-1
1760,2026-03-16,10,Metro,Flash sale,4-5
1761,2026-03-02,8,Metro,Flash sale,2-3
1762,2026-03-09,9,Metro,Organic,0-1
1763,2026-05-04,17,Metro,Organic,6+
1764,2026-02-23,7,Metro,Flash sale,6+
1765,2026-01-19,2,Metro,Flash sale,6+
1766,2026-04-20,15,Tier-3,Flash sale,2-3
1767,2026-02-02,4,Metro,Organic,6+
1768,2026-05-18,19,Metro,Organic,2-3
1769,2026-04-06,13,Tier-2,Organic,6+
1770,2026-02-09,5,Tier-2,Paid social,6+
1771,2026-03-23,11,Tier-2,Organic,0-1
1772,2026-05-11,18,Tier-2,Flash sale,2-3
1773,2026-05-11,18,Tier-3,Flash sale,4-5
1774,2026-02-23,7,Tier-2,Paid social,0-1
1775,2026-01-05,0,Metro,Organic,6+
1776,2026-01-12,1,Tier-2,Flash sale,4-5
1777,2026-05-04,17,Metro,Referral,0-1
1778,2026-04-06,13,Metro,Organic,6+
1779,2026-04-13,14,Metro,Flash sale,0-1
1780,2026-04-13,14,Metro,Organic,2-3
1781,2026-04-20,15,Tier-2,Paid social,0-1
1782,2026-03-16,10,Metro,Referral,0-1
1783,2026-02-23,7,Metro,Organic,4-5
1784,2026-02-02,4,Metro,Referral,0-1
1785,2026-02-16,6,Tier-2,Referral,4-5
1786,2026-04-20,15,Metro,Flash sale,0-1
1787,2026-01-05,0,Tier-2,Organic,6+
1788,2026-01-19,2,Tier-3,Organic,6+
1789,2026-04-20,15,Metro,Flash sale,2-3
1790,2026-03-30,12,Tier-2,Flash sale,2-3
1791,2026-01-26,3,Metro,Paid social,4-5
1792,2026-01-05,0,Metro,Organic,4-5
1793,2026-02-02,4,Tier-2,Flash sale,0-1
1794,2026-01-19,2,Tier-3,Organic,6+
1795,2026-02-09,5,Metro,Flash sale,6+
1796,2026-04-27,16,Tier-2,Organic,2-3
1797,2026-05-04,17,Metro,Organic,4-5
1798,2026-02-09,5,Tier-2,Organic,0-1
1799,2026-02-09,5,Tier-2,Flash sale,4-5
1800,2026-04-27,16,Tier-2,Organic,4-5
1801,2026-03-02,8,Tier-2,Referral,2-3
1802,2026-02-02,4,Metro,Organic,2-3
1803,2026-04-13,14,Tier-2,Flash sale,0-1
1804,2026-03-09,9,Tier-2,Flash sale,6+
1805,2026-05-04,17,Tier-2,Organic,0-1
1806,2026-05-04,17,Metro,Organic,4-5
1807,2026-04-20,15,Metro,Organic,6+
1808,2026-05-18,19,Metro,Flash sale,0-1
1809,2026-03-16,10,Metro,Paid social,0-1
1810,2026-03-16,10,Metro,Organic,6+
1811,2026-01-05,0,Metro,Referral,6+
1812,2026-01-26,3,Tier-2,Flash sale,0-1
1813,2026-01-26,3,Metro,Flash sale,2-3
1814,2026-05-11,18,Tier-2,Flash sale,4-5
1815,2026-02-09,5,Metro,Paid social,4-5
1816,2026-03-30,12,Tier-2,Flash sale,4-5
1817,2026-03-02,8,Metro,Referral,2-3
1818,2026-04-20,15,Metro,Organic,4-5
1819,2026-02-23,7,Tier-2,Referral,0-1
1820,2026-05-11,18,Tier-3,Paid social,6+
1821,2026-03-16,10,Metro,Paid social,4-5
1822,2026-02-02,4,Metro,Organic,2-3
1823,2026-03-02,8,Tier-2,Referral,2-3
1824,2026-02-23,7,Tier-2,Organic,2-3
1825,2026-04-13,14,Metro,Flash sale,2-3
1826,2026-02-16,6,Metro,Organic,0-1
1827,2026-01-12,1,Metro,Flash sale,4-5
1828,2026-04-20,15,Tier-3,Flash sale,0-1
1829,2026-05-18,19,Metro,Organic,2-3
1830,2026-02-09,5,Metro,Organic,6+
1831,2026-04-27,16,Tier-3,Organic,4-5
1832,2026-01-05,0,Metro,Flash sale,6+
1833,2026-02-16,6,Metro,Referral,4-5
1834,2026-01-05,0,Metro,Referral,6+
1835,2026-02-23,7,Metro,Referral,0-1
1836,2026-03-30,12,Metro,Referral,4-5
1837,2026-05-18,19,Metro,Organic,2-3
1838,2026-04-27,16,Tier-2,Flash sale,0-1
1839,2026-05-11,18,Tier-2,Flash sale,0-1
1840,2026-04-06,13,Metro,Organic,0-1
1841,2026-02-23,7,Tier-2,Flash sale,0-1
1842,2026-05-11,18,Metro,Referral,2-3
1843,2026-01-12,1,Tier-3,Flash sale,0-1
1844,2026-04-27,16,Metro,Referral,6+
1845,2026-05-18,19,Tier-2,Organic,4-5
1846,2026-01-05,0,Metro,Referral,6+
1847,2026-04-06,13,Tier-2,Organic,0-1
1848,2026-05-04,17,Metro,Paid social,0-1
1849,2026-04-06,13,Tier-2,Organic,6+
1850,2026-05-18,19,Metro,Flash sale,2-3
1851,2026-02-09,5,Tier-3,Flash sale,6+
1852,2026-03-30,12,Metro,Organic,0-1
1853,2026-04-27,16,Tier-2,Organic,0-1
1854,2026-01-12,1,Tier-2,Organic,2-3
1855,2026-03-23,11,Tier-3,Flash sale,4-5
1856,2026-05-18,19,Metro,Paid social,0-1
1857,2026-03-09,9,Metro,Organic,0-1
1858,2026-04-27,16,Metro,Flash sale,0-1
1859,2026-04-13,14,Metro,Paid social,0-1
1860,2026-02-09,5,Tier-2,Flash sale,6+
1861,2026-02-23,7,Tier-3,Referral,6+
1862,2026-03-09,9,Tier-3,Flash sale,0-1
1863,2026-03-02,8,Metro,Flash sale,2-3
1864,2026-03-23,11,Tier-2,Organic,2-3
1865,2026-04-06,13,Tier-3,Organic,0-1
1866,2026-03-02,8,Tier-3,Flash sale,4-5
1867,2026-03-30,12,Metro,Referral,6+
1868,2026-04-06,13,Metro,Organic,4-5
1869,2026-05-18,19,Tier-2,Paid social,6+
1870,2026-04-27,16,Metro,Organic,4-5
1871,2026-03-23,11,Metro,Flash sale,4-5
1872,2026-01-26,3,Tier-3,Paid social,6+
1873,2026-02-16,6,Tier-3,Paid social,4-5
1874,2026-02-16,6,Tier-3,Flash sale,6+
1875,2026-02-09,5,Tier-2,Organic,6+
1876,2026-05-11,18,Metro,Organic,0-1
1877,2026-03-16,10,Metro,Organic,4-5
1878,2026-05-18,19,Metro,Referral,4-5
1879,2026-01-19,2,Tier-2,Organic,2-3
1880,2026-04-13,14,Metro,Flash sale,4-5
1881,2026-03-23,11,Tier-2,Organic,6+
1882,2026-04-20,15,Metro,Flash sale,0-1
1883,2026-02-23,7,Tier-2,Organic,4-5
1884,2026-03-16,10,Metro,Flash sale,6+
1885,2026-02-23,7,Metro,Flash sale,2-3
1886,2026-04-06,13,Metro,Paid social,2-3
1887,2026-01-26,3,Metro,Paid social,0-1
1888,2026-04-06,13,Tier-3,Flash sale,2-3
1889,2026-03-09,9,Metro,Organic,2-3
1890,2026-04-20,15,Metro,Paid social,6+
1891,2026-01-05,0,Tier-2,Paid social,0-1
1892,2026-01-26,3,Tier-2,Paid social,4-5
1893,2026-03-30,12,Metro,Flash sale,0-1
1894,2026-02-23,7,Metro,Organic,6+
1895,2026-02-09,5,Metro,Referral,2-3
1896,2026-05-11,18,Tier-2,Organic,2-3
1897,2026-05-11,18,Metro,Organic,6+
1898,2026-01-12,1,Metro,Organic,4-5
1899,2026-03-16,10,Metro,Flash sale,0-1
1900,2026-04-06,13,Tier-2,Organic,2-3
1901,2026-04-20,15,Metro,Flash sale,2-3
1902,2026-02-02,4,Tier-2,Flash sale,4-5
1903,2026-05-04,17,Metro,Flash sale,6+
1904,2026-04-06,13,Tier-2,Organic,4-5
1905,2026-05-04,17,Metro,Paid social,2-3
1906,2026-04-06,13,Metro,Flash sale,4-5
1907,2026-05-04,17,Metro,Flash sale,6+
1908,2026-01-05,0,Tier-2,Flash sale,0-1
1909,2026-02-02,4,Tier-3,Organic,4-5
1910,2026-03-16,10,Metro,Flash sale,4-5
1911,2026-02-16,6,Metro,Organic,4-5
1912,2026-01-26,3,Tier-3,Paid social,0-1
1913,2026-04-13,14,Metro,Organic,0-1
1914,2026-05-18,19,Metro,Paid social,2-3
1915,2026-03-16,10,Metro,Flash sale,2-3
1916,2026-03-30,12,Tier-2,Organic,6+
1917,2026-03-30,12,Tier-2,Flash sale,4-5
1918,2026-03-02,8,Tier-2,Organic,6+
1919,2026-04-06,13,Tier-3,Paid social,0-1
1920,2026-04-27,16,Metro,Referral,6+
1921,2026-01-19,2,Metro,Flash sale,0-1
1922,2026-02-09,5,Metro,Flash sale,4-5
1923,2026-01-26,3,Metro,Paid social,2-3
1924,2026-04-20,15,Metro,Flash sale,6+
1925,2026-03-30,12,Metro,Flash sale,4-5
1926,2026-04-06,13,Metro,Organic,2-3
1927,2026-03-30,12,Tier-2,Organic,4-5
1928,2026-03-16,10,Metro,Referral,4-5
1929,2026-04-27,16,Metro,Flash sale,4-5
1930,2026-01-26,3,Tier-2,Referral,4-5
1931,2026-04-06,13,Tier-2,Flash sale,4-5
1932,2026-04-27,16,Tier-2,Flash sale,6+
1933,2026-02-02,4,Tier-2,Flash sale,0-1
1934,2026-04-13,14,Tier-2,Referral,2-3
1935,2026-01-12,1,Metro,Flash sale,6+
1936,2026-01-26,3,Metro,Paid social,2-3
1937,2026-02-23,7,Tier-2,Organic,6+
1938,2026-05-18,19,Metro,Flash sale,4-5
1939,2026-02-23,7,Metro,Paid social,2-3
1940,2026-03-02,8,Metro,Referral,2-3
1941,2026-04-20,15,Metro,Organic,2-3
1942,2026-04-20,15,Metro,Referral,0-1
1943,2026-04-06,13,Metro,Organic,2-3
1944,2026-01-05,0,Tier-2,Organic,4-5
1945,2026-05-04,17,Tier-3,Referral,6+
1946,2026-02-09,5,Metro,Referral,6+
1947,2026-03-16,10,Tier-3,Organic,2-3
1948,2026-04-13,14,Metro,Paid social,6+
1949,2026-02-09,5,Tier-3,Flash sale,2-3
1950,2026-04-06,13,Tier-3,Paid social,6+
1951,2026-03-16,10,Metro,Referral,6+
1952,2026-01-26,3,Tier-2,Paid social,2-3
1953,2026-02-02,4,Tier-3,Referral,4-5
1954,2026-04-20,15,Tier-3,Paid social,6+
1955,2026-01-12,1,Tier-3,Flash sale,0-1
1956,2026-02-23,7,Tier-2,Organic,0-1
1957,2026-03-09,9,Metro,Organic,4-5
1958,2026-02-23,7,Tier-2,Referral,0-1
1959,2026-03-02,8,Tier-2,Organic,6+
1960,2026-05-18,19,Tier-2,Paid social,2-3
1961,2026-01-05,0,Metro,Organic,2-3
1962,2026-05-18,19,Tier-2,Paid social,6+
1963,2026-04-13,14,Metro,Flash sale,4-5
1964,2026-05-11,18,Tier-2,Referral,6+
1965,2026-03-30,12,Metro,Paid social,4-5
1966,2026-05-11,18,Tier-2,Flash sale,4-5
1967,2026-01-12,1,Tier-2,Flash sale,4-5
1968,2026-04-13,14,Metro,Organic,6+
1969,2026-04-13,14,Metro,Referral,6+
1970,2026-05-11,18,Metro,Referral,0-1
1971,2026-01-12,1,Tier-3,Organic,4-5
1972,2026-03-16,10,Tier-2,Organic,6+
1973,2026-03-16,10,Metro,Flash sale,4-5
1974,2026-01-12,1,Metro,Organic,2-3
1975,2026-03-30,12,Metro,Referral,6+
1976,2026-03-09,9,Metro,Organic,2-3
1977,2026-03-09,9,Tier-3,Paid social,0-1
1978,2026-04-06,13,Tier-2,Paid social,2-3
1979,2026-04-13,14,Metro,Paid social,0-1
1980,2026-04-06,13,Tier-3,Flash sale,4-5
1981,2026-02-23,7,Metro,Organic,6+
1982,2026-05-18,19,Tier-3,Referral,2-3
1983,2026-02-02,4,Metro,Referral,4-5
1984,2026-02-16,6,Tier-2,Paid social,6+
1985,2026-03-09,9,Tier-3,Organic,2-3
1986,2026-02-16,6,Metro,Organic,6+
1987,2026-02-16,6,Tier-2,Paid social,0-1
1988,2026-05-11,18,Tier-3,Referral,4-5
1989,2026-01-26,3,Metro,Organic,0-1
1990,2026-03-16,10,Metro,Referral,6+
1991,2026-03-09,9,Tier-2,Organic,0-1
1992,2026-01-12,1,Metro,Flash sale,6+
1993,2026-02-02,4,Metro,Organic,2-3
1994,2026-02-09,5,Metro,Organic,0-1
1995,2026-03-09,9,Tier-2,Organic,4-5
1996,2026-03-02,8,Metro,Organic,6+
1997,2026-03-23,11,Metro,Flash sale,0-1
1998,2026-02-23,7,Tier-2,Organic,2-3
1999,2026-04-20,15,Metro,Flash sale,4-5
2000,2026-02-23,7,Tier-2,Flash sale,0-1
2001,2026-05-04,17,Metro,Referral,6+
2002,2026-05-18,19,Tier-3,Flash sale,4-5
2003,2026-04-06,13,Tier-2,Organic,6+
2004,2026-01-19,2,Metro,Organic,2-3
2005,2026-05-04,17,Tier-3,Referral,6+
2006,2026-04-27,16,Metro,Paid social,2-3
2007,2026-03-23,11,Metro,Paid social,2-3
2008,2026-02-16,6,Metro,Paid social,2-3
2009,2026-04-13,14,Tier-2,Flash sale,4-5
2010,2026-03-30,12,Metro,Paid social,0-1
2011,2026-04-20,15,Metro,Flash sale,4-5
2012,2026-03-30,12,Metro,Referral,6+
2013,2026-04-27,16,Metro,Paid social,0-1
2014,2026-05-18,19,Metro,Referral,6+
2015,2026-04-20,15,Metro,Flash sale,6+
2016,2026-02-16,6,Metro,Organic,0-1
2017,2026-05-11,18,Metro,Organic,4-5
2018,2026-04-27,16,Tier-2,Organic,2-3
2019,2026-03-09,9,Metro,Referral,4-5
2020,2026-01-12,1,Tier-2,Referral,2-3
2021,2026-05-18,19,Metro,Organic,0-1
2022,2026-03-16,10,Metro,Referral,2-3
2023,2026-03-02,8,Metro,Organic,0-1
2024,2026-03-30,12,Metro,Flash sale,2-3
2025,2026-01-12,1,Metro,Organic,6+
2026,2026-04-27,16,Tier-2,Flash sale,6+
2027,2026-01-26,3,Metro,Referral,0-1
2028,2026-02-09,5,Metro,Referral,4-5
2029,2026-03-23,11,Tier-2,Referral,0-1
2030,2026-04-06,13,Metro,Organic,0-1
2031,2026-01-05,0,Metro,Flash sale,4-5
2032,2026-03-23,11,Metro,Organic,2-3
2033,2026-01-26,3,Metro,Flash sale,4-5
2034,2026-05-18,19,Metro,Flash sale,0-1
2035,2026-02-23,7,Tier-2,Flash sale,0-1
2036,2026-03-09,9,Tier-3,Paid social,4-5
2037,2026-03-30,12,Metro,Organic,0-1
2038,2026-01-26,3,Tier-2,Referral,0-1
2039,2026-01-26,3,Tier-2,Organic,6+
2040,2026-05-18,19,Metro,Flash sale,4-5
2041,2026-03-23,11,Tier-2,Referral,6+
2042,2026-02-02,4,Tier-2,Referral,4-5
2043,2026-04-06,13,Tier-3,Paid social,2-3
2044,2026-05-04,17,Tier-3,Referral,4-5
2045,2026-04-20,15,Metro,Organic,6+
2046,2026-03-02,8,Metro,Paid social,4-5
2047,2026-04-06,13,Metro,Paid social,2-3
2048,2026-05-04,17,Metro,Flash sale,6+
2049,2026-02-09,5,Metro,Organic,4-5
2050,2026-04-20,15,Tier-3,Organic,6+
2051,2026-05-18,19,Metro,Referral,4-5
2052,2026-02-16,6,Metro,Paid social,2-3
2053,2026-05-04,17,Tier-2,Referral,6+
2054,2026-01-05,0,Metro,Organic,4-5
2055,2026-02-23,7,Metro,Organic,6+
2056,2026-02-09,5,Tier-3,Flash sale,6+
2057,2026-01-05,0,Metro,Organic,2-3
2058,2026-03-30,12,Metro,Organic,0-1
2059,2026-03-16,10,Metro,Organic,0-1
2060,2026-02-23,7,Tier-3,Organic,4-5
2061,2026-05-04,17,Metro,Organic,6+
2062,2026-02-02,4,Metro,Referral,6+
2063,2026-04-27,16,Metro,Organic,0-1
2064,2026-03-30,12,Metro,Flash sale,0-1
2065,2026-05-04,17,Tier-3,Flash sale,4-5
2066,2026-01-05,0,Metro,Paid social,2-3
2067,2026-05-18,19,Tier-3,Referral,2-3
2068,2026-01-05,0,Metro,Flash sale,0-1
2069,2026-04-13,14,Metro,Referral,0-1
2070,2026-04-20,15,Tier-3,Referral,4-5
2071,2026-01-26,3,Metro,Flash sale,4-5
2072,2026-01-05,0,Metro,Flash sale,6+
2073,2026-01-05,0,Tier-3,Flash sale,2-3
2074,2026-01-19,2,Metro,Flash sale,4-5
2075,2026-01-26,3,Metro,Organic,6+
2076,2026-05-18,19,Tier-3,Organic,2-3
2077,2026-02-02,4,Metro,Organic,0-1
2078,2026-04-27,16,Metro,Flash sale,6+
2079,2026-01-12,1,Metro,Flash sale,0-1
2080,2026-04-06,13,Metro,Flash sale,2-3
2081,2026-03-09,9,Metro,Organic,0-1
2082,2026-03-16,10,Tier-2,Organic,4-5
2083,2026-04-20,15,Metro,Organic,2-3
2084,2026-02-02,4,Tier-2,Referral,2-3
2085,2026-01-05,0,Metro,Organic,4-5
2086,2026-02-02,4,Metro,Organic,2-3
2087,2026-04-27,16,Metro,Organic,2-3
2088,2026-03-23,11,Tier-2,Flash sale,2-3
2089,2026-05-11,18,Metro,Organic,0-1
2090,2026-04-27,16,Metro,Flash sale,6+
2091,2026-01-26,3,Tier-3,Flash sale,6+
2092,2026-01-12,1,Tier-2,Paid social,4-5
2093,2026-01-05,0,Metro,Flash sale,0-1
2094,2026-01-26,3,Tier-3,Organic,2-3
2095,2026-03-09,9,Metro,Organic,2-3
2096,2026-01-05,0,Metro,Referral,0-1
2097,2026-05-04,17,Metro,Organic,6+
2098,2026-03-09,9,Metro,Paid social,2-3
2099,2026-04-13,14,Metro,Flash sale,4-5
2100,2026-05-04,17,Tier-2,Organic,4-5
2101,2026-01-05,0,Metro,Organic,2-3
2102,2026-03-02,8,Tier-2,Paid social,2-3
2103,2026-04-06,13,Tier-3,Paid social,6+
2104,2026-05-18,19,Tier-2,Paid social,6+
2105,2026-04-27,16,Tier-2,Organic,4-5
2106,2026-02-02,4,Tier-2,Referral,4-5
2107,2026-02-09,5,Tier-3,Organic,0-1
2108,2026-04-20,15,Metro,Organic,0-1
2109,2026-04-06,13,Metro,Flash sale,0-1
2110,2026-02-02,4,Metro,Paid social,6+
2111,2026-03-09,9,Metro,Flash sale,6+
2112,2026-05-11,18,Metro,Flash sale,0-1
2113,2026-02-02,4,Tier-2,Organic,2-3
2114,2026-02-16,6,Metro,Flash sale,2-3
2115,2026-05-11,18,Tier-3,Organic,6+
2116,2026-04-06,13,Metro,Paid social,2-3
2117,2026-02-02,4,Metro,Organic,0-1
2118,2026-02-09,5,Metro,Flash sale,4-5
2119,2026-04-27,16,Metro,Organic,0-1
2120,2026-02-09,5,Metro,Flash sale,4-5
2121,2026-04-13,14,Metro,Organic,6+
2122,2026-03-09,9,Metro,Flash sale,0-1
2123,2026-02-02,4,Metro,Flash sale,6+
2124,2026-02-23,7,Metro,Flash sale,4-5
2125,2026-04-13,14,Metro,Paid social,0-1
2126,2026-04-27,16,Metro,Organic,0-1
2127,2026-01-05,0,Metro,Flash sale,0-1
2128,2026-05-11,18,Metro,Paid social,6+
2129,2026-02-02,4,Metro,Organic,4-5
2130,2026-03-30,12,Metro,Paid social,2-3
2131,2026-02-09,5,Tier-2,Paid social,4-5
2132,2026-02-09,5,Tier-3,Referral,2-3
2133,2026-05-04,17,Tier-3,Flash sale,2-3
2134,2026-04-13,14,Metro,Referral,4-5
2135,2026-05-11,18,Metro,Flash sale,0-1
2136,2026-01-05,0,Metro,Flash sale,6+
2137,2026-02-09,5,Tier-2,Paid social,6+
2138,2026-01-05,0,Tier-2,Organic,6+
2139,2026-03-09,9,Tier-2,Referral,0-1
2140,2026-03-09,9,Tier-3,Flash sale,2-3
2141,2026-05-18,19,Metro,Organic,2-3
2142,2026-02-02,4,Tier-2,Flash sale,4-5
2143,2026-04-06,13,Tier-2,Referral,2-3
2144,2026-05-18,19,Metro,Flash sale,2-3
2145,2026-01-12,1,Tier-3,Referral,0-1
2146,2026-03-02,8,Metro,Organic,4-5
2147,2026-02-23,7,Tier-3,Paid social,4-5
2148,2026-01-05,0,Tier-2,Flash sale,4-5
2149,2026-03-02,8,Metro,Referral,2-3
2150,2026-02-09,5,Tier-2,Organic,6+
2151,2026-02-16,6,Metro,Flash sale,4-5
2152,2026-02-02,4,Tier-2,Paid social,0-1
2153,2026-03-16,10,Tier-2,Organic,2-3
2154,2026-02-23,7,Tier-2,Flash sale,4-5
2155,2026-04-13,14,Tier-3,Referral,0-1
2156,2026-02-23,7,Metro,Referral,2-3
2157,2026-04-06,13,Metro,Paid social,6+
2158,2026-03-16,10,Metro,Referral,2-3
2159,2026-02-23,7,Metro,Paid social,4-5
2160,2026-04-27,16,Metro,Flash sale,4-5
2161,2026-04-13,14,Metro,Flash sale,2-3
2162,2026-03-16,10,Metro,Referral,6+
2163,2026-03-16,10,Metro,Referral,0-1
2164,2026-04-20,15,Tier-3,Organic,2-3
2165,2026-04-20,15,Metro,Organic,4-5
2166,2026-04-13,14,Tier-3,Flash sale,0-1
2167,2026-01-19,2,Metro,Referral,6+
2168,2026-02-02,4,Metro,Flash sale,0-1
2169,2026-03-02,8,Metro,Referral,4-5
2170,2026-03-23,11,Metro,Referral,4-5
2171,2026-02-23,7,Metro,Organic,6+
2172,2026-04-27,16,Metro,Flash sale,0-1
2173,2026-02-23,7,Metro,Flash sale,0-1
2174,2026-03-16,10,Metro,Organic,4-5
2175,2026-04-06,13,Tier-2,Flash sale,6+
2176,2026-02-23,7,Metro,Flash sale,6+
2177,2026-03-23,11,Tier-2,Referral,0-1
2178,2026-04-13,14,Metro,Flash sale,2-3
2179,2026-02-23,7,Tier-3,Organic,2-3
2180,2026-05-18,19,Tier-2,Flash sale,6+
2181,2026-03-16,10,Tier-3,Referral,4-5
2182,2026-04-20,15,Tier-2,Flash sale,2-3
2183,2026-04-13,14,Metro,Organic,0-1
2184,2026-04-27,16,Metro,Paid social,4-5
2185,2026-04-06,13,Metro,Organic,2-3
2186,2026-03-16,10,Tier-2,Organic,0-1
2187,2026-04-20,15,Tier-2,Flash sale,0-1
2188,2026-03-09,9,Metro,Referral,4-5
2189,2026-05-04,17,Tier-3,Referral,4-5
2190,2026-03-16,10,Metro,Organic,2-3
2191,2026-04-13,14,Tier-2,Referral,6+
2192,2026-02-02,4,Tier-2,Referral,4-5
2193,2026-01-26,3,Metro,Paid social,4-5
2194,2026-03-23,11,Tier-2,Paid social,0-1
2195,2026-04-27,16,Tier-2,Referral,2-3
2196,2026-04-13,14,Metro,Organic,6+
2197,2026-02-16,6,Metro,Organic,2-3
2198,2026-05-04,17,Metro,Paid social,4-5
2199,2026-04-06,13,Tier-2,Flash sale,6+
2200,2026-03-23,11,Metro,Flash sale,4-5
2201,2026-05-18,19,Tier-3,Paid social,4-5
2202,2026-04-20,15,Tier-3,Paid social,0-1
2203,2026-02-09,5,Metro,Referral,2-3
2204,2026-01-12,1,Metro,Paid social,0-1
2205,2026-02-09,5,Tier-2,Organic,0-1
2206,2026-01-26,3,Tier-2,Referral,4-5
2207,2026-01-26,3,Metro,Paid social,0-1
2208,2026-03-16,10,Metro,Organic,2-3
2209,2026-05-18,19,Metro,Organic,2-3
2210,2026-03-30,12,Tier-3,Referral,2-3
2211,2026-03-02,8,Metro,Flash sale,4-5
2212,2026-02-02,4,Tier-3,Organic,2-3
2213,2026-04-20,15,Metro,Organic,6+
2214,2026-03-16,10,Tier-3,Organic,2-3
2215,2026-01-05,0,Metro,Organic,6+
2216,2026-03-09,9,Metro,Paid social,6+
2217,2026-01-26,3,Tier-3,Flash sale,2-3
2218,2026-03-09,9,Tier-3,Referral,6+
2219,2026-01-12,1,Metro,Organic,2-3
2220,2026-02-02,4,Metro,Flash sale,6+
2221,2026-04-27,16,Metro,Organic,6+
2222,2026-01-26,3,Metro,Paid social,2-3
2223,2026-01-19,2,Metro,Paid social,2-3
2224,2026-02-02,4,Tier-3,Flash sale,6+
2225,2026-05-11,18,Metro,Paid social,4-5
2226,2026-05-11,18,Tier-2,Organic,4-5
2227,2026-04-06,13,Metro,Organic,4-5
2228,2026-04-20,15,Metro,Referral,0-1
2229,2026-05-11,18,Tier-2,Organic,0-1
2230,2026-02-09,5,Metro,Paid social,6+
2231,2026-03-02,8,Tier-2,Organic,2-3
2232,2026-01-05,0,Metro,Referral,6+
2233,2026-03-16,10,Tier-3,Organic,2-3
2234,2026-05-11,18,Tier-2,Organic,6+
2235,2026-01-05,0,Tier-3,Flash sale,4-5
2236,2026-04-13,14,Metro,Paid social,0-1
2237,2026-03-09,9,Metro,Flash sale,2-3
2238,2026-05-18,19,Metro,Flash sale,6+
2239,2026-03-23,11,Metro,Organic,0-1
2240,2026-03-02,8,Metro,Organic,0-1
2241,2026-01-19,2,Metro,Organic,0-1
2242,2026-03-23,11,Metro,Referral,4-5
2243,2026-05-18,19,Metro,Organic,6+
2244,2026-01-05,0,Metro,Organic,6+
2245,2026-01-05,0,Metro,Flash sale,6+
2246,2026-05-04,17,Metro,Flash sale,6+
2247,2026-02-09,5,Tier-2,Flash sale,6+
2248,2026-03-30,12,Metro,Organic,4-5
2249,2026-03-30,12,Metro,Flash sale,6+
2250,2026-03-09,9,Metro,Referral,4-5
2251,2026-03-09,9,Tier-2,Organic,0-1
2252,2026-04-06,13,Metro,Referral,0-1
2253,2026-02-02,4,Tier-2,Organic,0-1
2254,2026-01-26,3,Tier-3,Paid social,2-3
2255,2026-05-18,19,Metro,Paid social,2-3
2256,2026-01-05,0,Tier-3,Organic,4-5
2257,2026-01-26,3,Tier-2,Flash sale,4-5
2258,2026-04-13,14,Metro,Flash sale,2-3
2259,2026-03-23,11,Metro,Referral,4-5
2260,2026-02-16,6,Tier-2,Flash sale,6+
2261,2026-01-19,2,Tier-3,Flash sale,0-1
2262,2026-02-23,7,Metro,Organic,2-3
2263,2026-01-12,1,Metro,Organic,6+
2264,2026-03-23,11,Tier-2,Flash sale,6+
2265,2026-03-09,9,Metro,Flash sale,2-3
2266,2026-05-11,18,Tier-2,Referral,4-5
2267,2026-04-27,16,Metro,Referral,4-5
2268,2026-03-09,9,Tier-2,Flash sale,4-5
2269,2026-03-16,10,Tier-3,Flash sale,6+
2270,2026-04-06,13,Tier-2,Paid social,0-1
2271,2026-02-09,5,Tier-2,Referral,4-5
2272,2026-03-30,12,Tier-2,Paid social,0-1
2273,2026-01-05,0,Tier-2,Paid social,6+
2274,2026-05-11,18,Tier-3,Flash sale,4-5
2275,2026-05-11,18,Metro,Referral,4-5
2276,2026-05-04,17,Tier-2,Flash sale,6+
2277,2026-02-02,4,Metro,Organic,6+
2278,2026-04-20,15,Tier-3,Flash sale,6+
2279,2026-03-23,11,Tier-2,Flash sale,6+
2280,2026-05-18,19,Metro,Flash sale,4-5
2281,2026-01-05,0,Metro,Organic,2-3
2282,2026-02-23,7,Metro,Referral,2-3
2283,2026-01-12,1,Tier-2,Flash sale,2-3
2284,2026-05-11,18,Metro,Flash sale,4-5
2285,2026-01-26,3,Metro,Organic,6+
2286,2026-01-05,0,Tier-3,Flash sale,2-3
2287,2026-01-19,2,Tier-2,Organic,4-5
2288,2026-05-18,19,Metro,Organic,2-3
2289,2026-03-16,10,Metro,Organic,4-5
2290,2026-01-19,2,Tier-3,Paid social,6+
2291,2026-02-23,7,Tier-2,Flash sale,2-3
2292,2026-03-02,8,Tier-2,Flash sale,2-3
2293,2026-04-27,16,Metro,Paid social,0-1
2294,2026-02-02,4,Metro,Flash sale,2-3
2295,2026-01-19,2,Metro,Paid social,2-3
2296,2026-04-13,14,Tier-2,Organic,0-1
2297,2026-03-02,8,Metro,Organic,6+
2298,2026-01-19,2,Metro,Organic,6+
2299,2026-03-02,8,Tier-2,Flash sale,2-3
2300,2026-03-02,8,Tier-3,Paid social,6+
2301,2026-02-02,4,Tier-2,Flash sale,2-3
2302,2026-02-02,4,Metro,Flash sale,2-3
2303,2026-01-12,1,Metro,Organic,0-1
2304,2026-04-27,16,Metro,Paid social,4-5
2305,2026-01-05,0,Metro,Flash sale,2-3
2306,2026-03-16,10,Metro,Organic,2-3
2307,2026-01-05,0,Metro,Paid social,2-3
2308,2026-04-27,16,Tier-2,Flash sale,6+
2309,2026-02-23,7,Tier-3,Organic,4-5
2310,2026-05-18,19,Tier-3,Organic,0-1
2311,2026-01-12,1,Metro,Organic,0-1
2312,2026-02-16,6,Metro,Referral,0-1
2313,2026-02-23,7,Metro,Flash sale,0-1
2314,2026-01-12,1,Metro,Paid social,4-5
2315,2026-03-02,8,Metro,Organic,0-1
2316,2026-03-09,9,Metro,Flash sale,0-1
2317,2026-03-02,8,Tier-2,Referral,0-1
2318,2026-03-16,10,Metro,Flash sale,4-5
2319,2026-01-26,3,Tier-3,Flash sale,6+
2320,2026-02-02,4,Metro,Flash sale,4-5
2321,2026-03-09,9,Metro,Flash sale,6+
2322,2026-03-30,12,Metro,Paid social,4-5
2323,2026-02-23,7,Metro,Organic,6+
2324,2026-03-09,9,Metro,Flash sale,2-3
2325,2026-05-18,19,Tier-3,Flash sale,6+
2326,2026-03-30,12,Metro,Organic,4-5
2327,2026-01-05,0,Metro,Organic,0-1
2328,2026-02-23,7,Tier-2,Paid social,0-1
2329,2026-01-12,1,Metro,Organic,6+
2330,2026-05-04,17,Tier-2,Organic,2-3
2331,2026-04-27,16,Metro,Flash sale,2-3
2332,2026-03-09,9,Tier-2,Organic,6+
2333,2026-02-09,5,Metro,Organic,6+
2334,2026-04-13,14,Metro,Organic,0-1
2335,2026-01-26,3,Tier-2,Organic,4-5
2336,2026-04-20,15,Tier-3,Flash sale,6+
2337,2026-05-04,17,Metro,Referral,2-3
2338,2026-01-26,3,Tier-2,Organic,4-5
2339,2026-03-16,10,Metro,Flash sale,2-3
2340,2026-01-26,3,Metro,Flash sale,4-5
2341,2026-03-30,12,Metro,Organic,0-1
2342,2026-04-06,13,Tier-2,Flash sale,4-5
2343,2026-01-05,0,Metro,Organic,2-3
2344,2026-05-11,18,Tier-2,Organic,4-5
2345,2026-02-09,5,Metro,Organic,2-3
2346,2026-03-09,9,Tier-3,Organic,6+
2347,2026-02-09,5,Tier-2,Paid social,6+
2348,2026-05-11,18,Metro,Paid social,2-3
2349,2026-04-20,15,Metro,Paid social,0-1
2350,2026-05-18,19,Metro,Organic,2-3
2351,2026-02-23,7,Tier-3,Referral,4-5
2352,2026-03-23,11,Metro,Flash sale,6+
2353,2026-03-23,11,Metro,Organic,4-5
2354,2026-02-02,4,Metro,Paid social,4-5
2355,2026-05-11,18,Tier-2,Referral,0-1
2356,2026-05-04,17,Metro,Organic,6+
2357,2026-05-18,19,Metro,Paid social,2-3
2358,2026-03-09,9,Tier-3,Organic,2-3
2359,2026-01-19,2,Metro,Flash sale,2-3
2360,2026-01-26,3,Tier-2,Organic,0-1
2361,2026-03-23,11,Metro,Organic,2-3
2362,2026-04-27,16,Metro,Paid social,2-3
2363,2026-04-06,13,Tier-3,Flash sale,0-1
2364,2026-04-13,14,Tier-2,Organic,0-1
2365,2026-04-20,15,Tier-2,Referral,0-1
2366,2026-04-27,16,Metro,Paid social,6+
2367,2026-05-11,18,Metro,Paid social,2-3
2368,2026-02-23,7,Metro,Paid social,6+
2369,2026-04-13,14,Metro,Paid social,6+
2370,2026-02-09,5,Metro,Flash sale,2-3
2371,2026-04-06,13,Metro,Organic,6+
2372,2026-01-12,1,Metro,Paid social,0-1
2373,2026-01-12,1,Metro,Organic,0-1
2374,2026-01-26,3,Metro,Organic,6+
2375,2026-03-16,10,Metro,Flash sale,4-5
2376,2026-05-11,18,Tier-3,Organic,4-5
2377,2026-03-23,11,Tier-2,Flash sale,6+
2378,2026-03-23,11,Metro,Paid social,0-1
2379,2026-04-06,13,Tier-2,Flash sale,0-1
2380,2026-05-04,17,Tier-2,Flash sale,6+
2381,2026-03-23,11,Metro,Flash sale,0-1
2382,2026-04-13,14,Metro,Referral,2-3
2383,2026-03-02,8,Metro,Organic,0-1
2384,2026-05-18,19,Metro,Organic,2-3
2385,2026-03-09,9,Tier-2,Flash sale,0-1
2386,2026-05-04,17,Tier-3,Flash sale,2-3
2387,2026-05-18,19,Metro,Flash sale,6+
2388,2026-05-04,17,Tier-2,Organic,2-3
2389,2026-02-16,6,Metro,Organic,6+
2390,2026-02-23,7,Tier-2,Flash sale,6+
2391,2026-04-20,15,Tier-2,Flash sale,4-5
2392,2026-05-11,18,Metro,Flash sale,4-5
2393,2026-03-30,12,Metro,Paid social,2-3
2394,2026-04-20,15,Tier-2,Referral,4-5
2395,2026-03-02,8,Tier-3,Organic,6+
2396,2026-05-04,17,Metro,Flash sale,6+
2397,2026-03-02,8,Metro,Organic,0-1
2398,2026-03-30,12,Metro,Organic,4-5
2399,2026-03-16,10,Tier-2,Referral,0-1
2400,2026-04-27,16,Tier-2,Organic,2-3
2401,2026-04-20,15,Tier-2,Organic,0-1
2402,2026-04-27,16,Tier-2,Paid social,4-5
2403,2026-01-19,2,Tier-3,Referral,6+
2404,2026-02-02,4,Tier-2,Paid social,6+
2405,2026-05-11,18,Metro,Paid social,4-5
2406,2026-01-19,2,Tier-2,Organic,4-5
2407,2026-04-20,15,Metro,Flash sale,4-5
2408,2026-03-30,12,Metro,Organic,0-1
2409,2026-02-16,6,Tier-3,Flash sale,4-5
2410,2026-01-05,0,Tier-2,Organic,4-5
2411,2026-01-05,0,Tier-3,Organic,0-1
2412,2026-05-04,17,Metro,Organic,4-5
2413,2026-01-19,2,Metro,Referral,2-3
2414,2026-04-13,14,Metro,Organic,4-5
2415,2026-01-19,2,Metro,Flash sale,6+
2416,2026-02-23,7,Metro,Paid social,2-3
2417,2026-01-19,2,Metro,Referral,6+
2418,2026-03-30,12,Metro,Flash sale,2-3
2419,2026-01-19,2,Tier-3,Organic,4-5
2420,2026-03-30,12,Metro,Paid social,0-1
2421,2026-05-18,19,Metro,Flash sale,0-1
2422,2026-04-13,14,Tier-2,Flash sale,2-3
2423,2026-04-06,13,Metro,Paid social,6+
2424,2026-05-11,18,Tier-3,Organic,2-3
2425,2026-04-27,16,Tier-2,Flash sale,2-3
2426,2026-04-13,14,Metro,Organic,6+
2427,2026-03-23,11,Tier-2,Organic,2-3
2428,2026-02-23,7,Tier-2,Organic,6+
2429,2026-03-30,12,Tier-2,Flash sale,0-1
2430,2026-01-19,2,Tier-2,Organic,0-1
2431,2026-05-04,17,Tier-2,Flash sale,0-1
2432,2026-05-04,17,Tier-2,Referral,0-1
2433,2026-02-09,5,Metro,Paid social,4-5
2434,2026-04-20,15,Tier-2,Organic,0-1
2435,2026-04-06,13,Tier-3,Referral,4-5
2436,2026-05-04,17,Tier-2,Organic,4-5
2437,2026-05-04,17,Tier-2,Flash sale,0-1
2438,2026-04-13,14,Metro,Organic,0-1
2439,2026-05-11,18,Tier-2,Referral,0-1
2440,2026-02-16,6,Tier-3,Organic,0-1
2441,2026-03-02,8,Metro,Flash sale,4-5
2442,2026-01-19,2,Metro,Organic,6+
2443,2026-05-04,17,Metro,Organic,2-3
2444,2026-02-09,5,Metro,Flash sale,4-5
2445,2026-03-16,10,Tier-2,Organic,2-3
2446,2026-01-26,3,Metro,Referral,0-1
2447,2026-02-09,5,Metro,Flash sale,0-1
2448,2026-04-06,13,Tier-2,Flash sale,2-3
2449,2026-02-09,5,Tier-2,Referral,6+
2450,2026-03-16,10,Tier-2,Referral,0-1
2451,2026-03-09,9,Tier-2,Paid social,6+
2452,2026-03-30,12,Tier-2,Organic,4-5
2453,2026-02-09,5,Tier-2,Flash sale,2-3
2454,2026-03-09,9,Tier-2,Referral,4-5
2455,2026-01-05,0,Metro,Organic,4-5
2456,2026-03-16,10,Tier-2,Organic,4-5
2457,2026-01-19,2,Metro,Organic,6+
2458,2026-04-13,14,Metro,Flash sale,4-5
2459,2026-04-27,16,Metro,Organic,0-1
2460,2026-03-02,8,Tier-3,Flash sale,2-3
2461,2026-05-04,17,Tier-2,Flash sale,6+
2462,2026-02-23,7,Metro,Flash sale,0-1
2463,2026-05-04,17,Tier-2,Organic,2-3
2464,2026-03-16,10,Metro,Referral,4-5
2465,2026-03-23,11,Tier-2,Flash sale,4-5
2466,2026-03-02,8,Tier-2,Organic,6+
2467,2026-05-11,18,Tier-2,Organic,4-5
2468,2026-04-13,14,Tier-2,Organic,0-1
2469,2026-03-09,9,Metro,Paid social,0-1
2470,2026-04-20,15,Metro,Organic,4-5
2471,2026-03-09,9,Tier-3,Organic,6+
2472,2026-05-04,17,Tier-2,Organic,4-5
2473,2026-03-09,9,Metro,Organic,4-5
2474,2026-04-27,16,Metro,Flash sale,0-1
2475,2026-02-09,5,Metro,Referral,0-1
2476,2026-03-23,11,Metro,Flash sale,6+
2477,2026-03-30,12,Metro,Referral,4-5
2478,2026-03-16,10,Metro,Organic,4-5
2479,2026-03-02,8,Tier-3,Flash sale,6+
2480,2026-01-05,0,Metro,Referral,0-1
2481,2026-05-18,19,Metro,Flash sale,6+
2482,2026-02-02,4,Metro,Paid social,2-3
2483,2026-01-26,3,Metro,Organic,4-5
2484,2026-04-27,16,Tier-2,Flash sale,2-3
2485,2026-01-12,1,Metro,Flash sale,0-1
2486,2026-04-20,15,Tier-2,Organic,6+
2487,2026-02-23,7,Tier-2,Referral,2-3
2488,2026-04-13,14,Metro,Organic,0-1
2489,2026-02-02,4,Tier-2,Organic,0-1
2490,2026-04-13,14,Tier-3,Referral,6+
2491,2026-05-18,19,Metro,Referral,6+
2492,2026-03-16,10,Metro,Paid social,4-5
2493,2026-03-23,11,Tier-3,Paid social,6+
2494,2026-03-30,12,Tier-3,Organic,4-5
2495,2026-02-23,7,Metro,Flash sale,6+
2496,2026-03-23,11,Tier-2,Paid social,0-1
2497,2026-03-30,12,Metro,Organic,0-1
2498,2026-01-05,0,Tier-2,Flash sale,4-5
2499,2026-03-09,9,Metro,Paid social,6+
2500,2026-03-16,10,Metro,Organic,4-5
2501,2026-02-02,4,Tier-2,Paid social,6+
2502,2026-03-09,9,Tier-3,Flash sale,2-3
2503,2026-02-23,7,Tier-2,Paid social,4-5
2504,2026-03-23,11,Metro,Flash sale,4-5
2505,2026-02-09,5,Metro,Flash sale,6+
2506,2026-05-04,17,Tier-3,Referral,4-5
2507,2026-03-30,12,Tier-3,Organic,2-3
2508,2026-03-30,12,Metro,Flash sale,0-1
2509,2026-04-27,16,Tier-2,Paid social,2-3
2510,2026-01-05,0,Metro,Paid social,0-1
2511,2026-02-09,5,Metro,Paid social,0-1
2512,2026-01-26,3,Metro,Flash sale,4-5
2513,2026-03-30,12,Metro,Flash sale,0-1
2514,2026-02-16,6,Metro,Flash sale,2-3
2515,2026-04-13,14,Tier-2,Flash sale,0-1
2516,2026-05-11,18,Metro,Flash sale,0-1
2517,2026-02-23,7,Metro,Organic,4-5
2518,2026-02-16,6,Metro,Organic,0-1
2519,2026-03-09,9,Metro,Flash sale,2-3
2520,2026-03-09,9,Metro,Organic,0-1
2521,2026-02-23,7,Tier-2,Organic,0-1
2522,2026-02-16,6,Metro,Organic,0-1
2523,2026-02-23,7,Tier-2,Referral,0-1
2524,2026-03-09,9,Tier-3,Paid social,0-1
2525,2026-03-02,8,Metro,Flash sale,4-5
2526,2026-03-09,9,Tier-3,Paid social,0-1
2527,2026-02-09,5,Tier-3,Paid social,6+
2528,2026-03-30,12,Tier-2,Organic,2-3
2529,2026-03-09,9,Tier-2,Organic,2-3
2530,2026-02-02,4,Tier-2,Organic,6+
2531,2026-04-20,15,Tier-2,Organic,6+
2532,2026-05-04,17,Tier-2,Flash sale,2-3
2533,2026-02-23,7,Metro,Organic,6+
2534,2026-03-16,10,Tier-3,Paid social,4-5
2535,2026-05-11,18,Tier-2,Flash sale,4-5
2536,2026-02-16,6,Tier-2,Organic,6+
2537,2026-02-02,4,Metro,Paid social,4-5
2538,2026-02-16,6,Metro,Paid social,4-5
2539,2026-03-02,8,Metro,Referral,4-5
2540,2026-03-02,8,Metro,Referral,4-5
2541,2026-03-30,12,Metro,Paid social,6+
2542,2026-02-09,5,Metro,Flash sale,4-5
2543,2026-03-16,10,Metro,Paid social,2-3
2544,2026-01-19,2,Metro,Organic,0-1
2545,2026-05-11,18,Metro,Flash sale,6+
2546,2026-02-09,5,Tier-3,Flash sale,2-3
2547,2026-02-16,6,Metro,Organic,2-3
2548,2026-01-26,3,Metro,Organic,6+
2549,2026-02-23,7,Metro,Organic,0-1
2550,2026-05-18,19,Metro,Organic,0-1
2551,2026-03-23,11,Metro,Organic,4-5
2552,2026-04-06,13,Tier-2,Flash sale,6+
2553,2026-03-23,11,Tier-3,Referral,6+
2554,2026-02-16,6,Metro,Flash sale,6+
2555,2026-04-20,15,Tier-2,Flash sale,6+
2556,2026-02-16,6,Metro,Organic,4-5
2557,2026-04-20,15,Metro,Referral,6+
2558,2026-05-18,19,Metro,Organic,2-3
2559,2026-01-05,0,Metro,Organic,4-5
2560,2026-01-26,3,Tier-2,Flash sale,0-1
2561,2026-04-20,15,Tier-2,Paid social,4-5
2562,2026-01-19,2,Tier-2,Paid social,2-3
2563,2026-04-13,14,Metro,Referral,6+
2564,2026-02-02,4,Tier-2,Referral,2-3
2565,2026-03-23,11,Metro,Flash sale,0-1
2566,2026-04-06,13,Metro,Flash sale,4-5
2567,2026-02-16,6,Metro,Organic,0-1
2568,2026-05-04,17,Tier-2,Organic,0-1
2569,2026-05-11,18,Tier-3,Paid social,2-3
2570,2026-02-02,4,Metro,Paid social,4-5
2571,2026-04-13,14,Tier-2,Organic,4-5
2572,2026-04-06,13,Tier-2,Organic,0-1
2573,2026-02-09,5,Tier-2,Organic,4-5
2574,2026-04-27,16,Metro,Flash sale,0-1
2575,2026-02-16,6,Tier-2,Organic,6+
2576,2026-02-09,5,Tier-2,Flash sale,0-1
2577,2026-04-13,14,Tier-3,Organic,0-1
2578,2026-01-19,2,Metro,Organic,4-5
2579,2026-05-11,18,Tier-3,Organic,6+
2580,2026-02-23,7,Metro,Referral,6+
2581,2026-03-09,9,Tier-2,Organic,4-5
2582,2026-04-06,13,Metro,Flash sale,0-1
2583,2026-05-04,17,Metro,Flash sale,6+
2584,2026-04-20,15,Metro,Referral,0-1
2585,2026-02-23,7,Metro,Organic,2-3
2586,2026-04-13,14,Metro,Referral,6+
2587,2026-02-23,7,Metro,Organic,4-5
2588,2026-03-16,10,Metro,Flash sale,6+
2589,2026-04-06,13,Metro,Flash sale,6+
2590,2026-03-23,11,Tier-2,Paid social,6+
2591,2026-01-12,1,Tier-3,Paid social,4-5
2592,2026-01-05,0,Tier-2,Referral,6+
2593,2026-01-19,2,Metro,Paid social,0-1
2594,2026-01-12,1,Metro,Organic,0-1
2595,2026-04-13,14,Tier-3,Flash sale,0-1
2596,2026-01-26,3,Metro,Organic,0-1
2597,2026-02-02,4,Metro,Organic,0-1
2598,2026-02-16,6,Tier-3,Flash sale,6+
2599,2026-01-26,3,Tier-3,Referral,2-3
2600,2026-05-04,17,Metro,Referral,2-3
2601,2026-01-12,1,Tier-2,Paid social,4-5
2602,2026-01-26,3,Metro,Flash sale,2-3
2603,2026-02-02,4,Tier-2,Paid social,4-5
2604,2026-01-12,1,Metro,Paid social,0-1
2605,2026-02-09,5,Metro,Referral,4-5
2606,2026-01-26,3,Tier-2,Organic,6+
2607,2026-02-16,6,Metro,Flash sale,0-1
2608,2026-01-26,3,Tier-2,Referral,0-1
2609,2026-05-11,18,Metro,Paid social,0-1
2610,2026-04-20,15,Tier-3,Organic,4-5
2611,2026-03-30,12,Tier-2,Organic,6+
2612,2026-03-23,11,Metro,Organic,6+
2613,2026-04-06,13,Tier-2,Organic,6+
2614,2026-05-11,18,Metro,Referral,4-5
2615,2026-01-19,2,Metro,Organic,4-5
2616,2026-03-16,10,Metro,Organic,2-3
2617,2026-01-26,3,Tier-3,Referral,4-5
2618,2026-03-09,9,Tier-2,Flash sale,0-1
2619,2026-05-04,17,Tier-3,Organic,6+
2620,2026-03-30,12,Tier-3,Flash sale,0-1
2621,2026-03-30,12,Tier-3,Flash sale,6+
2622,2026-01-12,1,Metro,Paid social,2-3
2623,2026-04-27,16,Tier-3,Referral,4-5
2624,2026-04-13,14,Tier-2,Paid social,0-1
2625,2026-02-23,7,Metro,Organic,2-3
2626,2026-02-16,6,Tier-2,Referral,6+
2627,2026-03-23,11,Metro,Flash sale,0-1
2628,2026-04-20,15,Metro,Referral,0-1
2629,2026-03-16,10,Metro,Flash sale,4-5
2630,2026-05-04,17,Metro,Organic,6+
2631,2026-02-02,4,Metro,Organic,2-3
2632,2026-04-06,13,Tier-3,Referral,0-1
2633,2026-04-27,16,Tier-2,Referral,0-1
2634,2026-04-13,14,Metro,Organic,6+
2635,2026-02-16,6,Metro,Flash sale,0-1
2636,2026-03-09,9,Metro,Referral,4-5
2637,2026-03-09,9,Metro,Flash sale,6+
2638,2026-02-16,6,Tier-2,Organic,2-3
2639,2026-01-19,2,Metro,Paid social,0-1
2640,2026-01-26,3,Tier-2,Flash sale,6+
2641,2026-03-30,12,Tier-2,Referral,6+
2642,2026-02-02,4,Tier-2,Flash sale,4-5
2643,2026-04-20,15,Tier-3,Referral,6+
2644,2026-04-20,15,Metro,Organic,6+
2645,2026-03-02,8,Tier-3,Paid social,4-5
2646,2026-02-23,7,Tier-2,Organic,2-3
2647,2026-05-18,19,Tier-2,Referral,0-1
2648,2026-01-05,0,Tier-2,Paid social,4-5
2649,2026-02-09,5,Tier-2,Flash sale,6+
2650,2026-04-06,13,Tier-3,Flash sale,4-5
2651,2026-05-04,17,Metro,Organic,4-5
2652,2026-03-09,9,Tier-2,Flash sale,4-5
2653,2026-04-13,14,Tier-2,Flash sale,2-3
2654,2026-02-02,4,Metro,Organic,0-1
2655,2026-05-11,18,Tier-3,Organic,4-5
2656,2026-03-23,11,Metro,Paid social,6+
2657,2026-04-13,14,Tier-2,Organic,0-1
2658,2026-01-26,3,Metro,Organic,0-1
2659,2026-03-09,9,Metro,Organic,4-5
2660,2026-04-13,14,Tier-2,Flash sale,2-3
2661,2026-03-02,8,Metro,Flash sale,6+
2662,2026-05-18,19,Metro,Referral,2-3
2663,2026-04-27,16,Metro,Flash sale,4-5
2664,2026-01-19,2,Metro,Organic,0-1
2665,2026-04-27,16,Tier-2,Flash sale,6+
2666,2026-02-23,7,Tier-3,Organic,2-3
2667,2026-03-23,11,Metro,Referral,2-3
2668,2026-03-02,8,Tier-2,Organic,4-5
2669,2026-04-13,14,Metro,Organic,6+
2670,2026-03-02,8,Tier-2,Flash sale,6+
2671,2026-03-09,9,Metro,Organic,6+
2672,2026-03-23,11,Metro,Flash sale,0-1
2673,2026-02-02,4,Metro,Flash sale,0-1
2674,2026-03-02,8,Tier-2,Paid social,6+
2675,2026-01-05,0,Metro,Organic,6+
2676,2026-01-12,1,Metro,Flash sale,4-5
2677,2026-04-06,13,Tier-2,Referral,6+
2678,2026-02-09,5,Tier-2,Organic,2-3
2679,2026-04-06,13,Metro,Flash sale,2-3
2680,2026-04-20,15,Tier-2,Paid social,0-1
2681,2026-04-06,13,Tier-3,Referral,6+
2682,2026-03-02,8,Metro,Paid social,4-5
2683,2026-03-23,11,Tier-2,Referral,0-1
2684,2026-04-20,15,Metro,Organic,6+
2685,2026-02-16,6,Tier-2,Paid social,0-1
2686,2026-03-02,8,Metro,Organic,6+
2687,2026-02-02,4,Tier-2,Flash sale,0-1
2688,2026-02-02,4,Metro,Referral,6+
2689,2026-01-12,1,Metro,Paid social,2-3
2690,2026-01-12,1,Tier-3,Paid social,0-1
2691,2026-01-19,2,Metro,Organic,0-1
2692,2026-04-20,15,Tier-3,Referral,4-5
2693,2026-03-30,12,Tier-3,Organic,0-1
2694,2026-01-12,1,Tier-3,Referral,2-3
2695,2026-04-20,15,Metro,Referral,6+
2696,2026-04-20,15,Tier-2,Organic,6+
2697,2026-05-11,18,Metro,Referral,2-3
2698,2026-05-18,19,Metro,Flash sale,4-5
2699,2026-01-12,1,Tier-3,Flash sale,6+
2700,2026-03-16,10,Tier-2,Paid social,4-5
2701,2026-04-27,16,Metro,Flash sale,0-1
2702,2026-02-02,4,Metro,Flash sale,6+
2703,2026-03-23,11,Tier-2,Organic,0-1
2704,2026-01-12,1,Tier-2,Organic,4-5
2705,2026-02-16,6,Metro,Organic,6+
2706,2026-05-18,19,Tier-3,Organic,4-5
2707,2026-04-13,14,Metro,Organic,2-3
2708,2026-02-09,5,Metro,Flash sale,2-3
2709,2026-05-18,19,Tier-2,Flash sale,2-3
2710,2026-02-02,4,Tier-3,Organic,4-5
2711,2026-02-23,7,Metro,Flash sale,6+
2712,2026-03-02,8,Metro,Paid social,6+
2713,2026-03-30,12,Metro,Organic,2-3
2714,2026-02-09,5,Tier-3,Flash sale,0-1
2715,2026-02-09,5,Metro,Organic,2-3
2716,2026-04-06,13,Metro,Flash sale,6+
2717,2026-02-02,4,Tier-3,Referral,4-5
2718,2026-01-19,2,Metro,Organic,2-3
2719,2026-01-19,2,Tier-2,Organic,0-1
2720,2026-02-16,6,Metro,Paid social,2-3
2721,2026-01-05,0,Tier-2,Organic,4-5
2722,2026-01-05,0,Metro,Referral,4-5
2723,2026-04-13,14,Metro,Flash sale,2-3
2724,2026-03-16,10,Metro,Organic,2-3
2725,2026-01-19,2,Tier-2,Referral,0-1
2726,2026-02-09,5,Tier-2,Flash sale,6+
2727,2026-04-06,13,Metro,Organic,2-3
2728,2026-04-27,16,Metro,Paid social,6+
2729,2026-05-04,17,Tier-3,Flash sale,2-3
2730,2026-02-02,4,Metro,Referral,4-5
2731,2026-04-27,16,Metro,Organic,4-5
2732,2026-03-02,8,Tier-2,Organic,2-3
2733,2026-02-09,5,Metro,Referral,6+
2734,2026-03-23,11,Metro,Flash sale,2-3
2735,2026-01-19,2,Metro,Organic,6+
2736,2026-03-09,9,Metro,Referral,6+
2737,2026-03-02,8,Metro,Flash sale,2-3
2738,2026-03-23,11,Tier-2,Organic,0-1
2739,2026-01-26,3,Tier-2,Referral,6+
2740,2026-01-12,1,Metro,Flash sale,6+
2741,2026-02-23,7,Tier-2,Flash sale,6+
2742,2026-05-18,19,Metro,Referral,6+
2743,2026-03-23,11,Tier-2,Flash sale,0-1
2744,2026-03-16,10,Metro,Paid social,6+
2745,2026-03-30,12,Tier-2,Referral,0-1
2746,2026-03-16,10,Metro,Organic,0-1
2747,2026-02-02,4,Metro,Flash sale,0-1
2748,2026-05-18,19,Metro,Paid social,0-1
2749,2026-02-02,4,Metro,Paid social,0-1
2750,2026-03-30,12,Metro,Organic,0-1
2751,2026-05-04,17,Tier-2,Organic,2-3
2752,2026-04-06,13,Tier-2,Organic,2-3
2753,2026-05-11,18,Metro,Paid social,2-3
2754,2026-01-26,3,Tier-3,Paid social,0-1
2755,2026-03-30,12,Tier-2,Referral,6+
2756,2026-01-12,1,Tier-3,Organic,2-3
2757,2026-03-23,11,Tier-2,Paid social,2-3
2758,2026-01-26,3,Tier-2,Organic,0-1
2759,2026-04-06,13,Metro,Flash sale,0-1
2760,2026-02-16,6,Tier-2,Organic,0-1
2761,2026-01-19,2,Tier-3,Flash sale,6+
2762,2026-05-04,17,Metro,Flash sale,0-1
2763,2026-05-04,17,Metro,Organic,4-5
2764,2026-01-26,3,Metro,Organic,4-5
2765,2026-02-02,4,Tier-3,Referral,0-1
2766,2026-01-05,0,Metro,Organic,2-3
2767,2026-04-06,13,Tier-2,Flash sale,0-1
2768,2026-05-04,17,Tier-2,Organic,0-1
2769,2026-02-02,4,Tier-3,Organic,4-5
2770,2026-03-09,9,Metro,Organic,4-5
2771,2026-04-13,14,Tier-2,Referral,2-3
2772,2026-03-02,8,Tier-3,Flash sale,0-1
2773,2026-04-20,15,Metro,Organic,4-5
2774,2026-04-20,15,Tier-2,Referral,6+
2775,2026-04-13,14,Metro,Organic,6+
2776,2026-04-13,14,Tier-2,Referral,0-1
2777,2026-03-02,8,Metro,Organic,4-5
2778,2026-02-23,7,Metro,Paid social,0-1
2779,2026-03-30,12,Metro,Organic,6+
2780,2026-01-19,2,Metro,Flash sale,2-3
2781,2026-03-23,11,Metro,Flash sale,4-5
2782,2026-01-05,0,Tier-2,Flash sale,4-5
2783,2026-04-13,14,Metro,Referral,4-5
2784,2026-03-30,12,Metro,Organic,6+
2785,2026-03-09,9,Tier-2,Flash sale,0-1
2786,2026-02-16,6,Tier-2,Paid social,6+
2787,2026-03-16,10,Metro,Paid social,2-3
2788,2026-03-30,12,Tier-3,Flash sale,0-1
2789,2026-04-06,13,Metro,Flash sale,2-3
2790,2026-05-11,18,Tier-2,Referral,0-1
2791,2026-01-26,3,Metro,Referral,4-5
2792,2026-01-05,0,Tier-2,Paid social,2-3
2793,2026-04-06,13,Tier-3,Referral,2-3
2794,2026-01-26,3,Tier-2,Flash sale,2-3
2795,2026-01-19,2,Tier-2,Flash sale,4-5
2796,2026-02-09,5,Tier-2,Flash sale,6+
2797,2026-04-13,14,Metro,Organic,2-3
2798,2026-01-12,1,Tier-2,Referral,0-1
2799,2026-02-23,7,Tier-2,Flash sale,4-5
2800,2026-01-19,2,Tier-3,Organic,6+
2801,2026-04-27,16,Metro,Flash sale,2-3
2802,2026-04-20,15,Metro,Organic,0-1
2803,2026-01-12,1,Tier-2,Organic,6+
2804,2026-02-09,5,Metro,Flash sale,2-3
2805,2026-03-09,9,Metro,Referral,2-3
2806,2026-03-09,9,Metro,Flash sale,2-3
2807,2026-01-26,3,Tier-2,Organic,4-5
2808,2026-03-09,9,Metro,Flash sale,0-1
2809,2026-05-04,17,Metro,Organic,4-5
2810,2026-02-02,4,Metro,Paid social,2-3
2811,2026-01-19,2,Tier-3,Organic,2-3
2812,2026-02-23,7,Tier-2,Paid social,0-1
2813,2026-03-09,9,Metro,Organic,6+
2814,2026-02-09,5,Metro,Organic,2-3
2815,2026-01-19,2,Tier-2,Flash sale,6+
2816,2026-01-12,1,Metro,Referral,6+
2817,2026-04-20,15,Tier-2,Paid social,6+
2818,2026-01-19,2,Metro,Flash sale,2-3
2819,2026-02-09,5,Tier-3,Organic,6+
2820,2026-04-20,15,Metro,Organic,4-5
2821,2026-03-23,11,Tier-2,Flash sale,2-3
2822,2026-01-05,0,Metro,Organic,2-3
2823,2026-01-26,3,Tier-3,Paid social,6+
2824,2026-03-09,9,Tier-3,Flash sale,2-3
2825,2026-02-23,7,Tier-2,Referral,6+
2826,2026-05-18,19,Metro,Referral,0-1
2827,2026-01-19,2,Metro,Organic,6+
2828,2026-01-05,0,Tier-2,Flash sale,2-3
2829,2026-03-23,11,Tier-2,Paid social,6+
2830,2026-05-18,19,Metro,Flash sale,6+
2831,2026-01-05,0,Metro,Flash sale,4-5
2832,2026-04-27,16,Metro,Paid social,6+
2833,2026-05-18,19,Tier-2,Organic,4-5
2834,2026-03-02,8,Tier-2,Paid social,6+
2835,2026-03-02,8,Tier-2,Organic,4-5
2836,2026-05-18,19,Tier-2,Flash sale,0-1
2837,2026-03-30,12,Metro,Organic,2-3
2838,2026-03-16,10,Metro,Flash sale,0-1
2839,2026-02-09,5,Metro,Organic,4-5
2840,2026-05-11,18,Tier-2,Organic,0-1
2841,2026-02-09,5,Metro,Flash sale,2-3
2842,2026-02-23,7,Metro,Organic,6+
2843,2026-04-27,16,Metro,Flash sale,4-5
2844,2026-03-16,10,Metro,Organic,2-3
2845,2026-04-20,15,Tier-2,Organic,4-5
2846,2026-05-18,19,Metro,Organic,4-5
2847,2026-03-30,12,Metro,Flash sale,2-3
2848,2026-01-26,3,Tier-2,Organic,4-5
2849,2026-04-20,15,Metro,Organic,0-1
2850,2026-03-23,11,Metro,Flash sale,2-3
2851,2026-01-26,3,Metro,Referral,2-3
2852,2026-01-19,2,Tier-2,Flash sale,4-5
2853,2026-05-11,18,Metro,Organic,4-5
2854,2026-01-19,2,Tier-2,Paid social,6+
2855,2026-03-09,9,Tier-3,Flash sale,2-3
2856,2026-05-18,19,Tier-2,Flash sale,0-1
2857,2026-05-04,17,Metro,Organic,0-1
2858,2026-04-27,16,Tier-2,Organic,6+
2859,2026-04-13,14,Metro,Flash sale,2-3
2860,2026-03-09,9,Metro,Organic,6+
2861,2026-02-09,5,Metro,Flash sale,2-3
2862,2026-05-04,17,Metro,Organic,2-3
2863,2026-03-23,11,Metro,Organic,0-1
2864,2026-02-23,7,Metro,Organic,6+
2865,2026-05-18,19,Metro,Organic,2-3
2866,2026-02-23,7,Metro,Flash sale,2-3
2867,2026-01-05,0,Tier-2,Organic,4-5
2868,2026-03-30,12,Tier-3,Flash sale,4-5
2869,2026-03-02,8,Metro,Organic,4-5
2870,2026-03-30,12,Tier-2,Flash sale,0-1
2871,2026-03-30,12,Metro,Paid social,6+
2872,2026-03-30,12,Metro,Paid social,0-1
2873,2026-02-16,6,Metro,Flash sale,0-1
2874,2026-02-09,5,Metro,Flash sale,0-1
2875,2026-02-16,6,Metro,Flash sale,2-3
2876,2026-05-18,19,Metro,Paid social,2-3
2877,2026-04-13,14,Metro,Flash sale,0-1
2878,2026-02-23,7,Metro,Organic,4-5
2879,2026-05-11,18,Metro,Referral,4-5
2880,2026-04-20,15,Metro,Organic,6+
2881,2026-03-16,10,Metro,Referral,0-1
2882,2026-04-27,16,Metro,Organic,0-1
2883,2026-05-11,18,Metro,Organic,0-1
2884,2026-03-23,11,Metro,Referral,2-3
2885,2026-01-19,2,Metro,Flash sale,4-5
2886,2026-03-02,8,Metro,Flash sale,0-1
2887,2026-02-02,4,Tier-3,Referral,2-3
2888,2026-04-06,13,Metro,Paid social,4-5
2889,2026-01-12,1,Metro,Flash sale,4-5
2890,2026-03-09,9,Metro,Paid social,4-5
2891,2026-03-02,8,Tier-3,Organic,4-5
2892,2026-02-23,7,Tier-2,Organic,6+
2893,2026-03-30,12,Tier-2,Referral,6+
2894,2026-03-16,10,Tier-3,Flash sale,6+
2895,2026-02-02,4,Metro,Paid social,2-3
2896,2026-04-27,16,Tier-3,Organic,2-3
2897,2026-03-02,8,Metro,Organic,2-3
2898,2026-01-26,3,Tier-2,Organic,2-3
2899,2026-04-06,13,Metro,Flash sale,4-5
2900,2026-02-23,7,Metro,Referral,4-5
2901,2026-03-30,12,Tier-3,Flash sale,0-1
2902,2026-04-20,15,Metro,Organic,6+
2903,2026-03-30,12,Tier-3,Organic,0-1
2904,2026-05-11,18,Metro,Organic,2-3
2905,2026-03-30,12,Tier-2,Flash sale,2-3
2906,2026-02-23,7,Tier-3,Flash sale,2-3
2907,2026-05-18,19,Metro,Organic,0-1
2908,2026-03-16,10,Tier-3,Flash sale,4-5
2909,2026-04-13,14,Tier-2,Flash sale,0-1
2910,2026-02-16,6,Tier-2,Organic,4-5
2911,2026-05-11,18,Metro,Flash sale,4-5
2912,2026-05-11,18,Metro,Flash sale,6+
2913,2026-05-18,19,Tier-2,Flash sale,6+
2914,2026-02-23,7,Metro,Organic,6+
2915,2026-05-04,17,Metro,Organic,0-1
2916,2026-04-06,13,Metro,Referral,6+
2917,2026-01-12,1,Tier-3,Organic,4-5
2918,2026-05-11,18,Metro,Referral,0-1
2919,2026-03-16,10,Tier-2,Flash sale,6+
2920,2026-03-16,10,Tier-3,Flash sale,6+
2921,2026-02-23,7,Metro,Referral,2-3
2922,2026-05-04,17,Metro,Organic,6+
2923,2026-01-12,1,Tier-2,Organic,4-5
2924,2026-02-23,7,Metro,Organic,2-3
2925,2026-03-23,11,Tier-2,Flash sale,0-1
2926,2026-01-26,3,Tier-2,Flash sale,4-5
2927,2026-02-02,4,Tier-2,Referral,6+
2928,2026-03-30,12,Metro,Flash sale,0-1
2929,2026-03-23,11,Tier-2,Flash sale,0-1
2930,2026-04-27,16,Tier-2,Organic,0-1
2931,2026-04-27,16,Metro,Organic,2-3
2932,2026-01-05,0,Tier-2,Referral,2-3
2933,2026-02-23,7,Tier-3,Organic,6+
2934,2026-04-27,16,Tier-2,Paid social,6+
2935,2026-05-11,18,Metro,Organic,4-5
2936,2026-01-12,1,Metro,Flash sale,0-1
2937,2026-04-20,15,Metro,Organic,0-1
2938,2026-02-02,4,Metro,Referral,0-1
2939,2026-04-27,16,Metro,Organic,6+
2940,2026-03-02,8,Tier-3,Flash sale,0-1
2941,2026-01-19,2,Metro,Paid social,6+
2942,2026-02-02,4,Tier-2,Flash sale,4-5
2943,2026-05-11,18,Metro,Organic,2-3
2944,2026-04-20,15,Metro,Referral,6+
2945,2026-01-05,0,Metro,Flash sale,0-1
2946,2026-05-11,18,Metro,Organic,2-3
2947,2026-04-27,16,Tier-2,Flash sale,2-3
2948,2026-03-16,10,Tier-3,Referral,0-1
2949,2026-01-05,0,Tier-3,Flash sale,6+
2950,2026-03-02,8,Metro,Referral,4-5
2951,2026-01-26,3,Tier-2,Referral,0-1
2952,2026-02-23,7,Metro,Flash sale,0-1
2953,2026-02-16,6,Tier-3,Organic,2-3
2954,2026-04-13,14,Metro,Referral,6+
2955,2026-04-13,14,Metro,Organic,0-1
2956,2026-01-26,3,Metro,Organic,4-5
2957,2026-05-04,17,Metro,Organic,0-1
2958,2026-04-06,13,Metro,Paid social,2-3
2959,2026-04-06,13,Tier-3,Organic,4-5
2960,2026-04-20,15,Tier-2,Organic,0-1
2961,2026-04-13,14,Tier-3,Organic,2-3
2962,2026-04-20,15,Metro,Organic,2-3
2963,2026-02-09,5,Tier-2,Paid social,0-1
2964,2026-04-06,13,Metro,Flash sale,0-1
2965,2026-05-18,19,Metro,Referral,0-1
2966,2026-04-20,15,Metro,Referral,4-5
2967,2026-03-02,8,Metro,Organic,0-1
2968,2026-03-30,12,Tier-2,Referral,4-5
2969,2026-05-11,18,Metro,Paid social,0-1
2970,2026-04-06,13,Metro,Referral,0-1
2971,2026-04-20,15,Tier-2,Referral,0-1
2972,2026-05-04,17,Metro,Flash sale,2-3
2973,2026-02-23,7,Tier-3,Referral,4-5
2974,2026-02-16,6,Metro,Organic,2-3
2975,2026-02-16,6,Tier-2,Referral,0-1
2976,2026-02-23,7,Tier-2,Organic,0-1
2977,2026-04-06,13,Tier-2,Flash sale,2-3
2978,2026-03-09,9,Tier-2,Paid social,2-3
2979,2026-05-11,18,Tier-3,Flash sale,4-5
2980,2026-04-06,13,Tier-2,Organic,2-3
2981,2026-04-06,13,Metro,Referral,4-5
2982,2026-05-18,19,Metro,Paid social,2-3
2983,2026-05-04,17,Tier-2,Flash sale,4-5
2984,2026-01-05,0,Metro,Paid social,0-1
2985,2026-05-18,19,Metro,Referral,6+
2986,2026-05-04,17,Metro,Paid social,6+
2987,2026-02-16,6,Metro,Organic,2-3
2988,2026-02-02,4,Metro,Flash sale,0-1
2989,2026-03-16,10,Tier-2,Referral,0-1
2990,2026-05-18,19,Tier-2,Paid social,6+
2991,2026-03-30,12,Tier-2,Organic,0-1
2992,2026-03-23,11,Metro,Organic,0-1
2993,2026-02-02,4,Metro,Organic,0-1
2994,2026-05-04,17,Tier-2,Referral,2-3
2995,2026-04-20,15,Metro,Paid social,6+
2996,2026-01-12,1,Tier-2,Flash sale,0-1
2997,2026-02-09,5,Metro,Organic,4-5
2998,2026-05-04,17,Tier-3,Organic,4-5
2999,2026-04-13,14,Metro,Paid social,6+
3000,2026-03-02,8,Tier-2,Organic,4-5
3001,2026-03-16,10,Tier-2,Organic,6+
3002,2026-01-19,2,Metro,Organic,4-5
3003,2026-04-27,16,Tier-2,Referral,6+
3004,2026-03-30,12,Metro,Flash sale,2-3
3005,2026-03-16,10,Tier-2,Organic,2-3
3006,2026-03-30,12,Tier-2,Organic,4-5
3007,2026-03-23,11,Metro,Paid social,6+
3008,2026-03-02,8,Metro,Flash sale,0-1
3009,2026-01-26,3,Tier-2,Flash sale,2-3
3010,2026-03-09,9,Metro,Organic,6+
3011,2026-04-27,16,Tier-3,Organic,0-1
3012,2026-01-12,1,Tier-2,Referral,2-3
3013,2026-03-02,8,Tier-2,Referral,4-5
3014,2026-04-27,16,Metro,Flash sale,0-1
3015,2026-03-23,11,Tier-2,Paid social,6+
3016,2026-01-05,0,Tier-3,Organic,2-3
3017,2026-04-27,16,Metro,Paid social,6+
3018,2026-01-12,1,Metro,Organic,2-3
3019,2026-03-09,9,Metro,Organic,2-3
3020,2026-01-19,2,Metro,Paid social,6+
3021,2026-02-09,5,Tier-2,Paid social,6+
3022,2026-02-23,7,Metro,Referral,4-5
3023,2026-02-09,5,Tier-2,Flash sale,2-3
3024,2026-05-04,17,Metro,Referral,6+
3025,2026-03-23,11,Metro,Referral,4-5
3026,2026-02-23,7,Metro,Organic,6+
3027,2026-02-09,5,Tier-3,Flash sale,2-3
3028,2026-03-09,9,Tier-2,Flash sale,0-1
3029,2026-02-16,6,Metro,Flash sale,0-1
3030,2026-04-27,16,Tier-2,Paid social,4-5
3031,2026-02-02,4,Metro,Flash sale,2-3
3032,2026-04-06,13,Metro,Organic,6+
3033,2026-03-02,8,Metro,Organic,6+
3034,2026-02-09,5,Tier-3,Referral,0-1
3035,2026-03-09,9,Tier-2,Organic,6+
3036,2026-01-19,2,Tier-2,Paid social,4-5
3037,2026-03-16,10,Metro,Organic,2-3
3038,2026-04-13,14,Metro,Organic,0-1
3039,2026-03-23,11,Tier-2,Referral,0-1
3040,2026-01-05,0,Metro,Flash sale,2-3
3041,2026-03-23,11,Tier-3,Referral,0-1
3042,2026-01-05,0,Tier-2,Organic,0-1
3043,2026-02-23,7,Metro,Flash sale,6+
3044,2026-03-30,12,Tier-2,Flash sale,2-3
3045,2026-05-11,18,Tier-3,Paid social,4-5
3046,2026-05-18,19,Metro,Organic,2-3
3047,2026-03-16,10,Tier-2,Organic,4-5
3048,2026-02-02,4,Tier-3,Flash sale,2-3
3049,2026-04-27,16,Metro,Paid social,0-1
3050,2026-02-23,7,Tier-3,Referral,4-5
3051,2026-03-23,11,Metro,Referral,0-1
3052,2026-01-26,3,Tier-2,Flash sale,4-5
3053,2026-02-23,7,Tier-2,Flash sale,6+
3054,2026-03-09,9,Tier-2,Paid social,4-5
3055,2026-04-13,14,Metro,Paid social,4-5
3056,2026-05-04,17,Tier-2,Referral,6+
3057,2026-01-26,3,Metro,Referral,0-1
3058,2026-03-23,11,Metro,Paid social,6+
3059,2026-05-18,19,Metro,Organic,0-1
3060,2026-01-05,0,Tier-2,Organic,0-1
3061,2026-03-23,11,Metro,Paid social,0-1
3062,2026-04-20,15,Metro,Flash sale,4-5
3063,2026-01-19,2,Tier-3,Organic,0-1
3064,2026-04-06,13,Metro,Flash sale,2-3
3065,2026-03-02,8,Metro,Flash sale,0-1
3066,2026-03-30,12,Metro,Referral,0-1
3067,2026-04-13,14,Metro,Referral,4-5
3068,2026-01-19,2,Tier-2,Organic,0-1
3069,2026-01-12,1,Metro,Flash sale,2-3
3070,2026-02-16,6,Metro,Organic,0-1
3071,2026-02-09,5,Tier-3,Paid social,2-3
3072,2026-02-09,5,Tier-2,Organic,6+
3073,2026-05-11,18,Tier-2,Flash sale,4-5
3074,2026-04-06,13,Tier-3,Flash sale,0-1
3075,2026-02-23,7,Tier-3,Flash sale,2-3
3076,2026-03-30,12,Metro,Flash sale,4-5
3077,2026-01-26,3,Tier-2,Referral,2-3
3078,2026-01-26,3,Tier-2,Flash sale,2-3
3079,2026-01-12,1,Metro,Organic,6+
3080,2026-03-02,8,Metro,Organic,6+
3081,2026-03-30,12,Metro,Flash sale,0-1
3082,2026-03-16,10,Tier-2,Organic,4-5
3083,2026-03-23,11,Tier-2,Referral,6+
3084,2026-01-26,3,Tier-2,Organic,6+
3085,2026-03-30,12,Metro,Referral,2-3
3086,2026-03-23,11,Metro,Organic,4-5
3087,2026-05-18,19,Metro,Referral,0-1
3088,2026-02-02,4,Metro,Organic,2-3
3089,2026-01-12,1,Tier-3,Flash sale,0-1
3090,2026-03-09,9,Tier-3,Organic,4-5
3091,2026-01-26,3,Tier-3,Flash sale,4-5
3092,2026-01-26,3,Tier-3,Organic,2-3
3093,2026-02-02,4,Tier-3,Referral,2-3
3094,2026-04-06,13,Metro,Flash sale,0-1
3095,2026-03-02,8,Metro,Paid social,6+
3096,2026-05-04,17,Metro,Referral,6+
3097,2026-01-19,2,Metro,Flash sale,0-1
3098,2026-05-11,18,Metro,Referral,2-3
3099,2026-03-02,8,Metro,Organic,4-5
3100,2026-03-16,10,Tier-3,Flash sale,2-3
3101,2026-04-27,16,Metro,Organic,0-1
3102,2026-03-09,9,Tier-3,Referral,0-1
3103,2026-01-26,3,Tier-2,Organic,0-1
3104,2026-02-02,4,Tier-2,Flash sale,6+
3105,2026-05-11,18,Tier-2,Flash sale,4-5
3106,2026-01-12,1,Metro,Flash sale,2-3
3107,2026-05-11,18,Tier-2,Organic,0-1
3108,2026-04-06,13,Metro,Flash sale,6+
3109,2026-03-16,10,Tier-3,Referral,2-3
3110,2026-02-16,6,Metro,Organic,2-3
3111,2026-05-04,17,Metro,Organic,4-5
3112,2026-01-05,0,Tier-2,Paid social,0-1
3113,2026-04-13,14,Tier-2,Paid social,4-5
3114,2026-02-02,4,Metro,Organic,2-3
3115,2026-02-23,7,Tier-2,Flash sale,4-5
3116,2026-01-12,1,Metro,Organic,4-5
3117,2026-03-23,11,Tier-2,Paid social,0-1
3118,2026-01-19,2,Metro,Flash sale,4-5
3119,2026-01-19,2,Metro,Flash sale,0-1
3120,2026-02-16,6,Metro,Organic,4-5
3121,2026-03-09,9,Metro,Flash sale,2-3
3122,2026-05-11,18,Metro,Organic,4-5
3123,2026-04-27,16,Metro,Referral,0-1
3124,2026-03-02,8,Metro,Flash sale,2-3
3125,2026-03-23,11,Metro,Flash sale,2-3
3126,2026-04-20,15,Metro,Referral,2-3
3127,2026-02-23,7,Metro,Organic,2-3
3128,2026-04-20,15,Tier-2,Organic,0-1
3129,2026-04-06,13,Tier-3,Flash sale,2-3
3130,2026-04-13,14,Metro,Referral,0-1
3131,2026-05-18,19,Tier-3,Organic,4-5
3132,2026-02-23,7,Metro,Referral,0-1
3133,2026-01-12,1,Metro,Flash sale,0-1
3134,2026-03-16,10,Tier-2,Flash sale,2-3
3135,2026-02-16,6,Tier-2,Flash sale,2-3
3136,2026-01-12,1,Tier-2,Organic,6+
3137,2026-01-26,3,Metro,Organic,2-3
3138,2026-03-16,10,Tier-2,Referral,2-3
3139,2026-05-18,19,Metro,Flash sale,0-1
3140,2026-02-16,6,Metro,Flash sale,6+
3141,2026-03-16,10,Metro,Paid social,6+
3142,2026-01-26,3,Tier-3,Organic,0-1
3143,2026-01-19,2,Metro,Flash sale,2-3
3144,2026-04-20,15,Tier-2,Organic,0-1
3145,2026-03-30,12,Tier-2,Organic,0-1
3146,2026-01-26,3,Tier-2,Paid social,0-1
3147,2026-03-16,10,Tier-2,Paid social,6+
3148,2026-03-23,11,Tier-3,Organic,2-3
3149,2026-01-12,1,Metro,Paid social,2-3
3150,2026-02-16,6,Metro,Organic,0-1
3151,2026-05-04,17,Tier-2,Paid social,0-1
3152,2026-02-23,7,Metro,Referral,4-5
3153,2026-04-13,14,Metro,Organic,6+
3154,2026-03-30,12,Metro,Flash sale,4-5
3155,2026-01-05,0,Metro,Referral,4-5
3156,2026-05-11,18,Metro,Organic,2-3
3157,2026-05-18,19,Metro,Organic,6+
3158,2026-04-06,13,Tier-3,Flash sale,6+
3159,2026-01-26,3,Metro,Organic,6+
3160,2026-04-27,16,Tier-3,Organic,4-5
3161,2026-01-05,0,Tier-3,Organic,4-5
3162,2026-03-16,10,Metro,Referral,0-1
3163,2026-03-02,8,Tier-2,Organic,0-1
3164,2026-04-06,13,Tier-2,Flash sale,0-1
3165,2026-01-19,2,Tier-2,Organic,2-3
3166,2026-05-04,17,Metro,Organic,4-5
3167,2026-03-23,11,Metro,Flash sale,0-1
3168,2026-02-09,5,Metro,Organic,6+
3169,2026-02-16,6,Tier-2,Flash sale,4-5
3170,2026-04-06,13,Tier-3,Flash sale,4-5
3171,2026-01-26,3,Tier-2,Flash sale,6+
3172,2026-02-09,5,Tier-2,Organic,4-5
3173,2026-05-18,19,Tier-3,Referral,0-1
3174,2026-05-04,17,Tier-2,Organic,6+
3175,2026-02-16,6,Metro,Paid social,6+
3176,2026-03-23,11,Tier-3,Organic,0-1
3177,2026-03-02,8,Metro,Organic,4-5
3178,2026-02-02,4,Metro,Flash sale,2-3
3179,2026-02-09,5,Metro,Organic,0-1
3180,2026-01-19,2,Tier-3,Flash sale,2-3
3181,2026-04-27,16,Metro,Referral,6+
3182,2026-02-02,4,Metro,Referral,2-3
3183,2026-01-26,3,Metro,Flash sale,4-5
3184,2026-03-30,12,Metro,Paid social,6+
3185,2026-01-19,2,Metro,Flash sale,2-3
3186,2026-05-18,19,Tier-2,Organic,6+
3187,2026-05-04,17,Tier-3,Referral,2-3
3188,2026-03-02,8,Metro,Organic,6+
3189,2026-01-26,3,Metro,Organic,0-1
3190,2026-01-19,2,Metro,Organic,6+
3191,2026-05-04,17,Metro,Organic,0-1
3192,2026-03-02,8,Tier-2,Organic,6+
3193,2026-03-23,11,Tier-2,Organic,4-5
3194,2026-01-19,2,Tier-2,Flash sale,4-5
3195,2026-04-27,16,Metro,Referral,6+
3196,2026-03-16,10,Tier-2,Paid social,4-5
3197,2026-01-12,1,Metro,Organic,4-5
3198,2026-01-12,1,Metro,Organic,6+
3199,2026-05-18,19,Tier-3,Flash sale,6+
3200,2026-01-12,1,Tier-2,Organic,0-1
3201,2026-02-09,5,Tier-3,Organic,6+
3202,2026-01-05,0,Tier-3,Flash sale,4-5
3203,2026-01-12,1,Tier-2,Referral,0-1
3204,2026-04-27,16,Tier-3,Organic,6+
3205,2026-04-20,15,Metro,Flash sale,6+
3206,2026-02-16,6,Metro,Flash sale,6+
3207,2026-01-26,3,Metro,Paid social,6+
3208,2026-02-02,4,Metro,Organic,2-3
3209,2026-02-23,7,Metro,Referral,2-3
3210,2026-04-20,15,Metro,Referral,2-3
3211,2026-03-23,11,Tier-2,Organic,2-3
3212,2026-03-02,8,Tier-2,Flash sale,0-1
3213,2026-01-12,1,Tier-2,Flash sale,4-5
3214,2026-01-19,2,Metro,Organic,6+
3215,2026-02-02,4,Tier-2,Flash sale,6+
3216,2026-02-02,4,Metro,Flash sale,4-5
3217,2026-03-09,9,Metro,Referral,6+
3218,2026-05-04,17,Metro,Organic,0-1
3219,2026-03-02,8,Metro,Flash sale,2-3
3220,2026-02-16,6,Metro,Organic,6+
3221,2026-03-23,11,Tier-2,Flash sale,6+
3222,2026-01-12,1,Tier-2,Flash sale,6+
3223,2026-04-13,14,Tier-2,Flash sale,2-3
3224,2026-01-12,1,Metro,Flash sale,0-1
3225,2026-02-23,7,Tier-2,Organic,6+
3226,2026-05-18,19,Tier-2,Organic,2-3
3227,2026-03-02,8,Metro,Referral,4-5
3228,2026-04-13,14,Tier-2,Organic,0-1
3229,2026-02-09,5,Metro,Referral,6+
3230,2026-05-04,17,Metro,Flash sale,2-3
3231,2026-02-16,6,Metro,Paid social,6+
3232,2026-02-02,4,Metro,Organic,4-5
3233,2026-01-12,1,Metro,Flash sale,2-3
3234,2026-02-16,6,Metro,Organic,2-3
3235,2026-03-23,11,Metro,Paid social,6+
3236,2026-01-12,1,Tier-3,Flash sale,4-5
3237,2026-01-26,3,Metro,Flash sale,4-5
3238,2026-02-16,6,Metro,Referral,4-5
3239,2026-04-13,14,Metro,Organic,0-1
3240,2026-03-23,11,Tier-3,Flash sale,0-1
3241,2026-01-05,0,Tier-2,Referral,0-1
3242,2026-01-05,0,Tier-3,Organic,2-3
3243,2026-01-12,1,Metro,Paid social,4-5
3244,2026-02-16,6,Metro,Paid social,2-3
3245,2026-02-09,5,Tier-2,Paid social,0-1
3246,2026-01-19,2,Metro,Referral,2-3
3247,2026-03-02,8,Tier-2,Organic,0-1
3248,2026-03-23,11,Tier-3,Flash sale,2-3
3249,2026-04-06,13,Metro,Organic,4-5
3250,2026-05-18,19,Tier-3,Referral,2-3
3251,2026-04-06,13,Tier-2,Organic,0-1
3252,2026-05-18,19,Metro,Paid social,0-1
3253,2026-05-18,19,Metro,Organic,2-3
3254,2026-04-27,16,Metro,Organic,0-1
3255,2026-02-23,7,Tier-2,Organic,6+
3256,2026-01-05,0,Metro,Referral,0-1
3257,2026-01-12,1,Metro,Organic,0-1
3258,2026-05-04,17,Tier-2,Organic,4-5
3259,2026-05-04,17,Metro,Organic,4-5
3260,2026-02-16,6,Metro,Organic,4-5
3261,2026-04-13,14,Tier-2,Paid social,0-1
3262,2026-03-09,9,Metro,Flash sale,4-5
3263,2026-01-12,1,Metro,Organic,6+
3264,2026-04-06,13,Metro,Organic,4-5
3265,2026-01-12,1,Metro,Organic,2-3
3266,2026-01-19,2,Metro,Organic,2-3
3267,2026-03-09,9,Tier-2,Organic,6+
3268,2026-01-12,1,Tier-3,Organic,0-1
3269,2026-02-16,6,Metro,Organic,4-5
3270,2026-04-20,15,Tier-3,Organic,2-3
3271,2026-03-23,11,Tier-2,Referral,6+
3272,2026-01-12,1,Tier-2,Organic,0-1
3273,2026-02-02,4,Tier-2,Flash sale,4-5
3274,2026-05-18,19,Tier-2,Flash sale,2-3
3275,2026-05-18,19,Tier-2,Paid social,2-3
3276,2026-05-11,18,Metro,Organic,2-3
3277,2026-03-16,10,Metro,Referral,0-1
3278,2026-03-02,8,Metro,Paid social,6+
3279,2026-04-20,15,Metro,Paid social,4-5
3280,2026-05-18,19,Tier-2,Referral,4-5
3281,2026-01-19,2,Metro,Organic,4-5
3282,2026-05-04,17,Metro,Paid social,4-5
3283,2026-03-30,12,Metro,Referral,4-5
3284,2026-01-19,2,Metro,Organic,2-3
3285,2026-05-04,17,Tier-2,Organic,0-1
3286,2026-01-05,0,Tier-2,Paid social,0-1
3287,2026-01-05,0,Metro,Organic,4-5
3288,2026-02-23,7,Metro,Referral,0-1
3289,2026-03-16,10,Metro,Flash sale,2-3
3290,2026-03-02,8,Metro,Referral,4-5
3291,2026-02-02,4,Tier-2,Organic,4-5
3292,2026-04-06,13,Tier-2,Referral,0-1
3293,2026-03-09,9,Metro,Flash sale,4-5
3294,2026-01-19,2,Metro,Paid social,6+
3295,2026-04-27,16,Tier-3,Organic,2-3
3296,2026-02-16,6,Tier-2,Organic,0-1
3297,2026-04-06,13,Metro,Organic,4-5
3298,2026-02-23,7,Metro,Organic,4-5
3299,2026-04-20,15,Metro,Paid social,2-3
3300,2026-02-09,5,Tier-3,Organic,4-5
3301,2026-02-02,4,Metro,Organic,6+
3302,2026-01-12,1,Metro,Referral,4-5
3303,2026-04-27,16,Tier-3,Organic,6+
3304,2026-04-13,14,Tier-2,Organic,0-1
3305,2026-03-30,12,Metro,Flash sale,2-3
3306,2026-03-30,12,Metro,Organic,4-5
3307,2026-01-12,1,Metro,Referral,2-3
3308,2026-03-02,8,Tier-2,Flash sale,6+
3309,2026-05-04,17,Metro,Organic,4-5
3310,2026-02-09,5,Tier-3,Flash sale,2-3
3311,2026-01-12,1,Tier-3,Paid social,6+
3312,2026-04-27,16,Metro,Organic,6+
3313,2026-01-05,0,Tier-2,Referral,0-1
3314,2026-04-06,13,Metro,Flash sale,4-5
3315,2026-04-27,16,Metro,Flash sale,2-3
3316,2026-04-13,14,Tier-2,Referral,6+
3317,2026-01-05,0,Metro,Organic,2-3
3318,2026-05-04,17,Metro,Flash sale,2-3
3319,2026-01-12,1,Metro,Organic,6+
3320,2026-05-04,17,Metro,Referral,6+
3321,2026-01-05,0,Metro,Flash sale,0-1
3322,2026-03-09,9,Tier-2,Organic,4-5
3323,2026-05-04,17,Tier-2,Organic,6+
3324,2026-02-09,5,Tier-2,Paid social,0-1
3325,2026-01-05,0,Tier-2,Organic,4-5
3326,2026-01-12,1,Metro,Organic,6+
3327,2026-02-23,7,Tier-2,Organic,6+
3328,2026-02-23,7,Metro,Flash sale,0-1
3329,2026-02-02,4,Metro,Organic,6+
3330,2026-03-09,9,Tier-3,Referral,2-3
3331,2026-02-16,6,Metro,Flash sale,2-3
3332,2026-03-23,11,Metro,Organic,2-3
3333,2026-02-09,5,Metro,Flash sale,4-5
3334,2026-02-16,6,Metro,Organic,0-1
3335,2026-05-04,17,Metro,Organic,4-5
3336,2026-04-20,15,Metro,Flash sale,0-1
3337,2026-04-20,15,Tier-3,Organic,6+
3338,2026-02-23,7,Metro,Paid social,2-3
3339,2026-05-04,17,Metro,Flash sale,4-5
3340,2026-02-16,6,Metro,Organic,0-1
3341,2026-04-13,14,Tier-2,Paid social,0-1
3342,2026-04-20,15,Metro,Flash sale,0-1
3343,2026-02-16,6,Metro,Organic,6+
3344,2026-03-30,12,Metro,Flash sale,0-1
3345,2026-01-26,3,Tier-2,Paid social,0-1
3346,2026-02-23,7,Tier-2,Flash sale,4-5
3347,2026-03-16,10,Tier-2,Flash sale,6+
3348,2026-04-06,13,Tier-2,Flash sale,0-1
3349,2026-02-23,7,Metro,Organic,2-3
3350,2026-04-13,14,Metro,Organic,4-5
3351,2026-03-30,12,Metro,Flash sale,2-3
3352,2026-05-04,17,Metro,Paid social,0-1
3353,2026-01-05,0,Metro,Referral,6+
3354,2026-03-16,10,Metro,Organic,2-3
3355,2026-04-13,14,Metro,Flash sale,4-5
3356,2026-03-02,8,Tier-2,Organic,2-3
3357,2026-02-09,5,Metro,Organic,4-5
3358,2026-03-23,11,Tier-2,Flash sale,6+
3359,2026-03-09,9,Tier-2,Organic,2-3
3360,2026-03-02,8,Metro,Referral,6+
3361,2026-05-18,19,Metro,Flash sale,2-3
3362,2026-03-02,8,Tier-2,Flash sale,2-3
3363,2026-02-02,4,Tier-2,Paid social,0-1
3364,2026-01-05,0,Metro,Flash sale,2-3
3365,2026-01-19,2,Metro,Paid social,4-5
3366,2026-03-16,10,Tier-2,Referral,4-5
3367,2026-02-02,4,Tier-2,Flash sale,2-3
3368,2026-01-19,2,Metro,Organic,2-3
3369,2026-02-23,7,Metro,Organic,0-1
3370,2026-02-02,4,Tier-3,Paid social,6+
3371,2026-03-16,10,Metro,Organic,2-3
3372,2026-01-12,1,Tier-3,Paid social,2-3
3373,2026-05-18,19,Metro,Organic,6+
3374,2026-05-11,18,Metro,Referral,4-5
3375,2026-05-04,17,Metro,Organic,6+
3376,2026-01-26,3,Metro,Paid social,2-3
3377,2026-04-13,14,Tier-3,Organic,2-3
3378,2026-01-05,0,Metro,Organic,4-5
3379,2026-04-13,14,Tier-3,Paid social,6+
3380,2026-04-20,15,Metro,Organic,6+
3381,2026-02-09,5,Tier-3,Organic,2-3
3382,2026-03-09,9,Tier-3,Paid social,4-5
3383,2026-05-11,18,Tier-2,Referral,2-3
3384,2026-01-26,3,Metro,Organic,2-3
3385,2026-03-16,10,Tier-2,Flash sale,2-3
3386,2026-02-16,6,Metro,Organic,0-1
3387,2026-01-26,3,Tier-3,Organic,6+
3388,2026-04-06,13,Metro,Flash sale,0-1
3389,2026-05-18,19,Metro,Organic,2-3
3390,2026-03-23,11,Metro,Flash sale,2-3
3391,2026-03-16,10,Tier-2,Organic,0-1
3392,2026-03-16,10,Tier-3,Paid social,2-3
3393,2026-01-26,3,Metro,Flash sale,6+
3394,2026-02-02,4,Tier-2,Organic,2-3
3395,2026-04-13,14,Tier-3,Paid social,4-5
3396,2026-03-23,11,Metro,Referral,4-5
3397,2026-02-02,4,Metro,Organic,6+
3398,2026-01-05,0,Tier-2,Paid social,4-5
3399,2026-01-26,3,Tier-2,Organic,4-5
3400,2026-03-16,10,Metro,Organic,6+
3401,2026-02-09,5,Tier-2,Organic,4-5
3402,2026-04-13,14,Metro,Organic,4-5
3403,2026-03-23,11,Tier-3,Flash sale,0-1
3404,2026-01-19,2,Tier-3,Flash sale,4-5
3405,2026-02-09,5,Tier-2,Paid social,6+
3406,2026-01-05,0,Metro,Organic,2-3
3407,2026-01-05,0,Metro,Organic,0-1
3408,2026-04-20,15,Metro,Organic,4-5
3409,2026-02-23,7,Metro,Organic,0-1
3410,2026-05-04,17,Tier-2,Paid social,4-5
3411,2026-02-02,4,Metro,Referral,6+
3412,2026-02-16,6,Metro,Referral,2-3
3413,2026-03-16,10,Metro,Referral,0-1
3414,2026-02-09,5,Metro,Organic,2-3
3415,2026-03-09,9,Metro,Organic,0-1
3416,2026-01-19,2,Tier-2,Flash sale,2-3
3417,2026-01-12,1,Tier-2,Referral,2-3
3418,2026-05-04,17,Metro,Organic,6+
3419,2026-02-02,4,Tier-3,Organic,6+
3420,2026-01-19,2,Tier-3,Flash sale,2-3
3421,2026-02-09,5,Metro,Organic,6+
3422,2026-03-02,8,Tier-2,Flash sale,2-3
3423,2026-03-09,9,Metro,Organic,0-1
3424,2026-04-20,15,Metro,Flash sale,6+
3425,2026-04-27,16,Metro,Organic,2-3
3426,2026-02-09,5,Metro,Paid social,6+
3427,2026-02-02,4,Tier-3,Referral,4-5
3428,2026-01-19,2,Tier-3,Organic,6+
3429,2026-01-26,3,Tier-2,Referral,4-5
3430,2026-01-05,0,Tier-2,Referral,4-5
3431,2026-01-05,0,Tier-2,Flash sale,0-1
3432,2026-03-02,8,Tier-3,Paid social,2-3
3433,2026-03-30,12,Metro,Referral,2-3
3434,2026-04-27,16,Metro,Organic,2-3
3435,2026-02-16,6,Tier-2,Organic,4-5
3436,2026-02-09,5,Metro,Organic,6+
3437,2026-04-06,13,Metro,Flash sale,0-1
3438,2026-03-30,12,Metro,Paid social,4-5
3439,2026-04-06,13,Tier-2,Flash sale,6+
3440,2026-01-26,3,Metro,Organic,2-3
3441,2026-01-05,0,Metro,Paid social,2-3
3442,2026-03-16,10,Metro,Referral,2-3
3443,2026-03-02,8,Metro,Organic,6+
3444,2026-02-09,5,Tier-3,Paid social,6+
3445,2026-05-18,19,Metro,Organic,4-5
3446,2026-01-26,3,Tier-2,Flash sale,2-3
3447,2026-02-09,5,Tier-2,Flash sale,4-5
3448,2026-04-13,14,Metro,Paid social,4-5
3449,2026-03-16,10,Tier-2,Organic,6+
3450,2026-02-02,4,Tier-2,Organic,0-1
3451,2026-03-16,10,Tier-2,Flash sale,0-1
3452,2026-03-02,8,Metro,Paid social,2-3
3453,2026-02-09,5,Metro,Organic,2-3
3454,2026-04-06,13,Tier-3,Organic,4-5
3455,2026-04-20,15,Tier-2,Paid social,4-5
3456,2026-01-12,1,Tier-3,Referral,6+
3457,2026-01-05,0,Tier-3,Organic,6+
3458,2026-05-11,18,Metro,Organic,0-1
3459,2026-02-02,4,Tier-2,Flash sale,6+
3460,2026-01-12,1,Metro,Flash sale,6+
3461,2026-03-23,11,Tier-2,Flash sale,2-3
3462,2026-02-16,6,Metro,Referral,0-1
3463,2026-05-11,18,Metro,Organic,6+
3464,2026-05-18,19,Tier-2,Referral,0-1
3465,2026-01-05,0,Tier-2,Organic,0-1
3466,2026-01-26,3,Tier-2,Paid social,2-3
3467,2026-03-30,12,Metro,Organic,0-1
3468,2026-02-16,6,Metro,Organic,2-3
3469,2026-01-05,0,Tier-3,Organic,0-1
3470,2026-03-09,9,Metro,Organic,0-1
3471,2026-03-30,12,Metro,Flash sale,6+
3472,2026-05-18,19,Tier-2,Flash sale,2-3
3473,2026-03-02,8,Metro,Paid social,4-5
3474,2026-04-20,15,Tier-2,Flash sale,6+
3475,2026-03-02,8,Metro,Flash sale,2-3
3476,2026-04-06,13,Tier-2,Organic,2-3
3477,2026-05-18,19,Tier-3,Referral,4-5
3478,2026-04-27,16,Tier-3,Organic,4-5
3479,2026-04-06,13,Tier-2,Organic,0-1
3480,2026-04-27,16,Metro,Organic,6+
3481,2026-01-26,3,Tier-2,Organic,0-1
3482,2026-04-20,15,Tier-2,Flash sale,4-5
3483,2026-05-18,19,Tier-2,Organic,0-1
3484,2026-05-18,19,Tier-2,Organic,0-1
3485,2026-02-09,5,Tier-2,Referral,0-1
3486,2026-03-02,8,Tier-2,Organic,4-5
3487,2026-04-06,13,Tier-2,Flash sale,2-3
3488,2026-01-12,1,Metro,Organic,4-5
3489,2026-04-06,13,Metro,Paid social,2-3
3490,2026-02-09,5,Tier-2,Referral,0-1
3491,2026-04-27,16,Metro,Organic,6+
3492,2026-03-30,12,Tier-3,Paid social,6+
3493,2026-02-23,7,Tier-2,Flash sale,6+
3494,2026-01-12,1,Metro,Organic,0-1
3495,2026-04-06,13,Tier-2,Flash sale,6+
3496,2026-03-16,10,Tier-2,Referral,4-5
3497,2026-03-30,12,Tier-2,Organic,0-1
3498,2026-01-05,0,Metro,Organic,0-1
3499,2026-03-02,8,Tier-3,Organic,4-5
3500,2026-04-20,15,Metro,Flash sale,4-5
3501,2026-05-11,18,Tier-2,Paid social,0-1
3502,2026-02-23,7,Metro,Flash sale,2-3
3503,2026-02-09,5,Tier-2,Paid social,0-1
3504,2026-04-13,14,Tier-2,Organic,6+
3505,2026-02-02,4,Tier-2,Referral,4-5
3506,2026-05-04,17,Metro,Paid social,2-3
3507,2026-03-30,12,Tier-2,Flash sale,2-3
3508,2026-05-11,18,Tier-2,Organic,6+
3509,2026-01-26,3,Metro,Organic,4-5
3510,2026-01-12,1,Tier-3,Organic,2-3
3511,2026-04-27,16,Tier-2,Flash sale,6+
3512,2026-02-09,5,Tier-3,Paid social,4-5
3513,2026-02-16,6,Tier-3,Organic,0-1
3514,2026-02-09,5,Tier-3,Organic,4-5
3515,2026-03-02,8,Tier-2,Organic,6+
3516,2026-05-04,17,Tier-2,Flash sale,6+
3517,2026-04-06,13,Metro,Flash sale,0-1
3518,2026-01-12,1,Metro,Organic,6+
3519,2026-05-04,17,Tier-2,Referral,6+
3520,2026-03-02,8,Metro,Organic,0-1
3521,2026-04-06,13,Tier-3,Flash sale,4-5
3522,2026-02-23,7,Metro,Flash sale,6+
3523,2026-01-12,1,Metro,Organic,0-1
3524,2026-03-02,8,Metro,Flash sale,6+
3525,2026-02-16,6,Metro,Flash sale,2-3
3526,2026-01-05,0,Metro,Flash sale,2-3
3527,2026-04-20,15,Metro,Referral,2-3
3528,2026-05-04,17,Tier-2,Flash sale,4-5
3529,2026-05-11,18,Metro,Organic,6+
3530,2026-02-02,4,Metro,Paid social,6+
3531,2026-03-30,12,Metro,Paid social,0-1
3532,2026-03-16,10,Metro,Organic,6+
3533,2026-03-23,11,Metro,Paid social,6+
3534,2026-04-20,15,Tier-2,Referral,0-1
3535,2026-02-23,7,Tier-2,Organic,2-3
3536,2026-02-09,5,Metro,Flash sale,0-1
3537,2026-03-09,9,Tier-2,Organic,6+
3538,2026-04-06,13,Metro,Flash sale,2-3
3539,2026-03-02,8,Metro,Paid social,2-3
3540,2026-02-16,6,Tier-3,Organic,6+
3541,2026-01-12,1,Metro,Flash sale,4-5
3542,2026-03-23,11,Tier-3,Organic,6+
3543,2026-01-05,0,Metro,Flash sale,6+
3544,2026-03-09,9,Metro,Referral,6+
3545,2026-03-30,12,Metro,Organic,0-1
3546,2026-03-09,9,Metro,Flash sale,0-1
3547,2026-03-16,10,Tier-3,Organic,0-1
3548,2026-02-09,5,Metro,Referral,2-3
3549,2026-02-02,4,Tier-3,Referral,4-5
3550,2026-04-27,16,Tier-3,Flash sale,4-5
3551,2026-05-04,17,Tier-2,Organic,4-5
3552,2026-01-26,3,Metro,Flash sale,4-5
3553,2026-02-02,4,Metro,Flash sale,6+
3554,2026-02-23,7,Metro,Flash sale,4-5
3555,2026-04-13,14,Tier-2,Flash sale,2-3
3556,2026-01-12,1,Metro,Paid social,2-3
3557,2026-04-20,15,Tier-3,Organic,6+
3558,2026-01-05,0,Tier-2,Organic,6+
3559,2026-04-27,16,Metro,Paid social,6+
3560,2026-01-05,0,Tier-2,Organic,4-5
3561,2026-04-27,16,Metro,Paid social,6+
3562,2026-05-11,18,Tier-3,Flash sale,2-3
3563,2026-04-20,15,Metro,Paid social,0-1
3564,2026-05-18,19,Tier-3,Flash sale,4-5
3565,2026-03-09,9,Tier-2,Referral,0-1
3566,2026-03-30,12,Tier-3,Referral,4-5
3567,2026-03-30,12,Metro,Flash sale,6+
3568,2026-01-05,0,Tier-2,Organic,0-1
3569,2026-05-04,17,Metro,Organic,4-5
3570,2026-04-13,14,Tier-2,Organic,6+
3571,2026-03-02,8,Metro,Paid social,4-5
3572,2026-02-02,4,Metro,Organic,4-5
3573,2026-04-06,13,Metro,Referral,6+
3574,2026-05-18,19,Metro,Flash sale,6+
3575,2026-01-26,3,Metro,Organic,0-1
3576,2026-05-11,18,Tier-2,Paid social,6+
3577,2026-03-23,11,Metro,Organic,6+
3578,2026-04-20,15,Tier-2,Flash sale,0-1
3579,2026-01-19,2,Metro,Flash sale,4-5
3580,2026-01-19,2,Tier-2,Organic,6+
3581,2026-04-06,13,Tier-2,Organic,6+
3582,2026-02-09,5,Metro,Flash sale,6+
3583,2026-02-23,7,Tier-2,Organic,6+
3584,2026-03-30,12,Tier-3,Referral,0-1
3585,2026-02-02,4,Tier-2,Flash sale,2-3
3586,2026-02-16,6,Metro,Organic,0-1
3587,2026-02-23,7,Metro,Organic,0-1
3588,2026-02-23,7,Tier-2,Organic,2-3
3589,2026-04-13,14,Metro,Referral,6+
3590,2026-01-26,3,Tier-2,Flash sale,4-5
3591,2026-05-11,18,Metro,Organic,6+
3592,2026-04-13,14,Tier-2,Flash sale,4-5
3593,2026-01-05,0,Metro,Flash sale,2-3
3594,2026-03-23,11,Metro,Flash sale,2-3
3595,2026-01-26,3,Tier-3,Organic,6+
3596,2026-01-26,3,Tier-3,Organic,2-3
3597,2026-04-13,14,Tier-3,Organic,2-3
3598,2026-02-02,4,Tier-3,Flash sale,6+
3599,2026-03-23,11,Metro,Flash sale,2-3
3600,2026-02-09,5,Metro,Organic,6+
3601,2026-02-16,6,Metro,Organic,6+
3602,2026-04-06,13,Metro,Flash sale,0-1
3603,2026-04-06,13,Metro,Organic,4-5
3604,2026-01-05,0,Tier-3,Flash sale,0-1
3605,2026-05-04,17,Metro,Flash sale,6+
3606,2026-03-23,11,Metro,Organic,0-1
3607,2026-02-09,5,Metro,Flash sale,6+
3608,2026-01-19,2,Metro,Organic,6+
3609,2026-03-09,9,Metro,Flash sale,4-5
3610,2026-04-06,13,Tier-2,Organic,0-1
3611,2026-01-05,0,Metro,Flash sale,2-3
3612,2026-02-09,5,Tier-2,Flash sale,2-3
3613,2026-05-11,18,Tier-3,Organic,6+
3614,2026-01-19,2,Tier-2,Flash sale,6+
3615,2026-04-27,16,Tier-2,Referral,4-5
3616,2026-02-02,4,Metro,Paid social,0-1
3617,2026-03-16,10,Metro,Organic,4-5
3618,2026-04-20,15,Metro,Organic,6+
3619,2026-05-18,19,Tier-3,Organic,4-5
3620,2026-03-30,12,Tier-2,Paid social,6+
3621,2026-02-02,4,Metro,Flash sale,0-1
3622,2026-01-12,1,Metro,Organic,4-5
3623,2026-04-13,14,Tier-2,Referral,0-1
3624,2026-03-23,11,Tier-2,Organic,4-5
3625,2026-04-20,15,Tier-2,Flash sale,4-5
3626,2026-05-18,19,Tier-3,Flash sale,2-3
3627,2026-04-27,16,Tier-2,Flash sale,6+
3628,2026-03-16,10,Tier-2,Referral,6+
3629,2026-04-06,13,Metro,Organic,2-3
3630,2026-03-30,12,Metro,Flash sale,2-3
3631,2026-01-26,3,Tier-3,Flash sale,0-1
3632,2026-02-16,6,Tier-2,Organic,0-1
3633,2026-01-12,1,Metro,Paid social,2-3
3634,2026-02-23,7,Tier-2,Referral,2-3
3635,2026-01-26,3,Metro,Paid social,6+
3636,2026-05-04,17,Tier-2,Referral,6+
3637,2026-05-04,17,Metro,Organic,0-1
3638,2026-04-13,14,Tier-2,Flash sale,0-1
3639,2026-03-02,8,Metro,Organic,4-5
3640,2026-01-05,0,Metro,Organic,2-3
3641,2026-03-16,10,Metro,Flash sale,4-5
3642,2026-01-05,0,Tier-2,Organic,2-3
3643,2026-01-05,0,Metro,Organic,2-3
3644,2026-01-26,3,Metro,Referral,2-3
3645,2026-03-09,9,Tier-2,Organic,4-5
3646,2026-04-13,14,Metro,Flash sale,0-1
3647,2026-03-02,8,Metro,Referral,6+
3648,2026-04-20,15,Metro,Flash sale,2-3
3649,2026-03-16,10,Tier-3,Organic,0-1
3650,2026-05-04,17,Metro,Flash sale,4-5
3651,2026-02-23,7,Metro,Referral,0-1
3652,2026-02-16,6,Metro,Paid social,4-5
3653,2026-01-12,1,Metro,Organic,0-1
3654,2026-02-02,4,Metro,Organic,2-3
3655,2026-01-05,0,Metro,Flash sale,4-5
3656,2026-01-26,3,Metro,Organic,2-3
3657,2026-05-11,18,Metro,Referral,6+
3658,2026-03-16,10,Tier-3,Flash sale,2-3
3659,2026-03-30,12,Metro,Referral,4-5
3660,2026-02-23,7,Metro,Paid social,0-1
3661,2026-03-30,12,Tier-3,Flash sale,6+
3662,2026-03-23,11,Tier-3,Paid social,4-5
3663,2026-05-11,18,Tier-2,Flash sale,4-5
3664,2026-04-20,15,Metro,Organic,2-3
3665,2026-03-23,11,Metro,Referral,2-3
3666,2026-04-20,15,Metro,Flash sale,2-3
3667,2026-03-30,12,Metro,Paid social,2-3
3668,2026-05-18,19,Metro,Organic,0-1
3669,2026-03-16,10,Tier-2,Organic,4-5
3670,2026-05-04,17,Metro,Referral,4-5
3671,2026-01-26,3,Tier-2,Organic,4-5
3672,2026-01-26,3,Metro,Flash sale,4-5
3673,2026-02-16,6,Metro,Flash sale,4-5
3674,2026-04-27,16,Tier-2,Organic,6+
3675,2026-05-04,17,Tier-3,Organic,4-5
3676,2026-03-02,8,Metro,Referral,4-5
3677,2026-03-02,8,Tier-2,Organic,2-3
3678,2026-03-09,9,Metro,Referral,0-1
3679,2026-02-02,4,Metro,Referral,2-3
3680,2026-03-16,10,Tier-2,Flash sale,4-5
3681,2026-04-27,16,Metro,Flash sale,4-5
3682,2026-04-20,15,Metro,Organic,4-5
3683,2026-01-12,1,Metro,Referral,4-5
3684,2026-02-23,7,Metro,Organic,0-1
3685,2026-03-30,12,Metro,Organic,6+
3686,2026-03-23,11,Metro,Paid social,4-5
3687,2026-04-13,14,Tier-3,Organic,2-3
3688,2026-04-13,14,Tier-2,Organic,4-5
3689,2026-02-16,6,Metro,Paid social,6+
3690,2026-03-09,9,Metro,Organic,0-1
3691,2026-01-26,3,Tier-2,Organic,2-3
3692,2026-04-13,14,Metro,Flash sale,0-1
3693,2026-03-02,8,Metro,Referral,2-3
3694,2026-02-16,6,Tier-2,Paid social,0-1
3695,2026-04-20,15,Metro,Referral,6+
3696,2026-05-11,18,Metro,Paid social,6+
3697,2026-05-04,17,Metro,Organic,6+
3698,2026-01-19,2,Metro,Flash sale,2-3
3699,2026-04-27,16,Metro,Organic,6+
3700,2026-03-23,11,Tier-3,Paid social,0-1
3701,2026-01-19,2,Metro,Paid social,0-1
3702,2026-02-23,7,Tier-2,Organic,2-3
3703,2026-02-02,4,Tier-2,Referral,2-3
3704,2026-02-09,5,Metro,Flash sale,6+
3705,2026-03-30,12,Metro,Organic,6+
3706,2026-03-02,8,Metro,Flash sale,6+
3707,2026-04-13,14,Tier-2,Paid social,6+
3708,2026-04-27,16,Metro,Organic,4-5
3709,2026-01-05,0,Tier-2,Organic,4-5
3710,2026-04-27,16,Tier-3,Paid social,0-1
3711,2026-01-19,2,Tier-2,Flash sale,0-1
3712,2026-01-05,0,Tier-3,Flash sale,6+
3713,2026-01-12,1,Tier-2,Referral,4-5
3714,2026-01-12,1,Tier-3,Flash sale,6+
3715,2026-02-16,6,Tier-2,Organic,0-1
3716,2026-04-27,16,Tier-2,Organic,4-5
3717,2026-04-06,13,Tier-2,Referral,2-3
3718,2026-03-02,8,Tier-3,Flash sale,2-3
3719,2026-05-11,18,Metro,Flash sale,4-5
3720,2026-03-09,9,Tier-2,Paid social,2-3
3721,2026-01-12,1,Metro,Organic,0-1
3722,2026-01-05,0,Tier-3,Paid social,6+
3723,2026-03-16,10,Metro,Referral,4-5
3724,2026-02-02,4,Tier-2,Paid social,2-3
3725,2026-02-23,7,Tier-2,Organic,4-5
3726,2026-02-16,6,Tier-3,Organic,0-1
3727,2026-02-23,7,Metro,Flash sale,2-3
3728,2026-05-18,19,Tier-2,Paid social,2-3
3729,2026-01-12,1,Tier-2,Paid social,2-3
3730,2026-01-19,2,Tier-3,Flash sale,2-3
3731,2026-02-09,5,Tier-3,Flash sale,6+
3732,2026-04-13,14,Tier-2,Organic,0-1
3733,2026-02-09,5,Tier-2,Flash sale,4-5
3734,2026-02-02,4,Metro,Referral,6+
3735,2026-04-13,14,Tier-3,Referral,6+
3736,2026-03-30,12,Metro,Organic,6+
3737,2026-03-30,12,Tier-2,Paid social,2-3
3738,2026-04-06,13,Tier-2,Organic,4-5
3739,2026-03-30,12,Metro,Flash sale,4-5
3740,2026-03-23,11,Metro,Flash sale,6+
3741,2026-03-16,10,Metro,Flash sale,6+
3742,2026-04-20,15,Tier-3,Referral,2-3
3743,2026-02-16,6,Metro,Flash sale,0-1
3744,2026-02-16,6,Metro,Organic,2-3
3745,2026-02-02,4,Tier-2,Organic,2-3
3746,2026-04-27,16,Metro,Flash sale,2-3
3747,2026-01-05,0,Tier-3,Flash sale,6+
3748,2026-02-02,4,Metro,Flash sale,0-1
3749,2026-01-19,2,Metro,Organic,2-3
3750,2026-02-23,7,Metro,Organic,2-3
3751,2026-02-02,4,Metro,Referral,2-3
3752,2026-03-16,10,Metro,Flash sale,0-1
3753,2026-05-18,19,Tier-2,Flash sale,6+
3754,2026-03-02,8,Metro,Flash sale,4-5
3755,2026-05-18,19,Metro,Organic,0-1
3756,2026-02-16,6,Metro,Organic,4-5
3757,2026-04-20,15,Metro,Organic,4-5
3758,2026-01-19,2,Tier-3,Referral,2-3
3759,2026-03-30,12,Metro,Organic,6+
3760,2026-04-20,15,Tier-3,Organic,6+
3761,2026-04-06,13,Metro,Paid social,6+
3762,2026-05-11,18,Metro,Organic,4-5
3763,2026-03-30,12,Metro,Flash sale,2-3
3764,2026-03-23,11,Metro,Organic,0-1
3765,2026-03-30,12,Tier-2,Organic,0-1
3766,2026-02-23,7,Metro,Organic,6+
3767,2026-02-02,4,Metro,Paid social,6+
3768,2026-05-11,18,Tier-2,Flash sale,0-1
3769,2026-05-18,19,Tier-2,Referral,6+
3770,2026-05-11,18,Tier-3,Paid social,0-1
3771,2026-04-20,15,Tier-3,Organic,0-1
3772,2026-02-02,4,Tier-2,Flash sale,0-1
3773,2026-02-02,4,Tier-2,Organic,2-3
3774,2026-02-16,6,Tier-2,Flash sale,2-3
3775,2026-03-16,10,Metro,Referral,4-5
3776,2026-02-02,4,Tier-2,Organic,2-3
3777,2026-04-20,15,Metro,Paid social,0-1
3778,2026-01-12,1,Tier-2,Flash sale,0-1
3779,2026-05-11,18,Tier-3,Organic,6+
3780,2026-03-09,9,Metro,Organic,4-5
3781,2026-02-23,7,Tier-2,Flash sale,6+
3782,2026-03-09,9,Tier-3,Flash sale,0-1
3783,2026-03-09,9,Metro,Organic,2-3
3784,2026-03-23,11,Metro,Flash sale,0-1
3785,2026-02-16,6,Tier-3,Organic,6+
3786,2026-02-16,6,Tier-3,Paid social,0-1
3787,2026-02-23,7,Metro,Organic,6+
3788,2026-01-26,3,Metro,Flash sale,0-1
3789,2026-02-02,4,Tier-2,Referral,4-5
3790,2026-03-02,8,Metro,Referral,2-3
3791,2026-01-05,0,Metro,Paid social,6+
3792,2026-03-02,8,Metro,Paid social,0-1
3793,2026-03-02,8,Metro,Organic,2-3
3794,2026-01-05,0,Tier-2,Organic,4-5
3795,2026-03-09,9,Tier-2,Flash sale,6+
3796,2026-04-06,13,Tier-2,Organic,4-5
3797,2026-04-20,15,Tier-2,Referral,0-1
3798,2026-02-23,7,Metro,Organic,4-5
3799,2026-03-16,10,Metro,Paid social,2-3
3800,2026-01-12,1,Metro,Referral,6+
3801,2026-02-16,6,Metro,Flash sale,4-5
3802,2026-04-06,13,Metro,Flash sale,6+
3803,2026-03-09,9,Metro,Paid social,0-1
3804,2026-05-18,19,Metro,Referral,4-5
3805,2026-04-20,15,Metro,Referral,4-5
3806,2026-05-11,18,Tier-2,Referral,2-3
3807,2026-03-09,9,Tier-2,Organic,2-3
3808,2026-01-12,1,Tier-3,Organic,4-5
3809,2026-03-23,11,Tier-2,Organic,2-3
3810,2026-05-11,18,Tier-2,Flash sale,2-3
3811,2026-01-26,3,Metro,Flash sale,4-5
3812,2026-05-18,19,Tier-2,Organic,6+
3813,2026-01-05,0,Metro,Paid social,0-1
3814,2026-03-30,12,Metro,Organic,6+
3815,2026-05-11,18,Metro,Referral,0-1
3816,2026-02-02,4,Metro,Flash sale,0-1
3817,2026-02-09,5,Metro,Flash sale,0-1
3818,2026-04-27,16,Tier-2,Organic,0-1
3819,2026-02-16,6,Tier-2,Referral,6+
3820,2026-04-06,13,Tier-2,Referral,2-3
3821,2026-01-19,2,Tier-2,Organic,6+
3822,2026-04-06,13,Metro,Flash sale,0-1
3823,2026-03-16,10,Metro,Flash sale,4-5
3824,2026-03-16,10,Tier-2,Organic,2-3
3825,2026-04-13,14,Metro,Flash sale,4-5
3826,2026-03-02,8,Metro,Flash sale,6+
3827,2026-04-06,13,Metro,Paid social,4-5
3828,2026-03-02,8,Tier-3,Referral,4-5
3829,2026-05-04,17,Tier-2,Organic,2-3
3830,2026-03-23,11,Metro,Referral,0-1
3831,2026-02-09,5,Tier-2,Organic,0-1
3832,2026-05-04,17,Metro,Paid social,2-3
3833,2026-02-16,6,Metro,Flash sale,4-5
3834,2026-05-11,18,Metro,Organic,0-1
3835,2026-05-18,19,Metro,Referral,2-3
3836,2026-03-23,11,Tier-2,Organic,4-5
3837,2026-03-09,9,Metro,Paid social,6+
3838,2026-02-09,5,Tier-2,Paid social,6+
3839,2026-04-27,16,Metro,Flash sale,0-1
3840,2026-02-09,5,Tier-2,Flash sale,0-1
3841,2026-03-30,12,Tier-2,Flash sale,4-5
3842,2026-04-27,16,Tier-2,Flash sale,6+
3843,2026-01-26,3,Tier-2,Organic,2-3
3844,2026-01-26,3,Tier-3,Paid social,6+
3845,2026-05-18,19,Metro,Organic,4-5
3846,2026-05-18,19,Tier-2,Organic,6+
3847,2026-02-16,6,Tier-2,Organic,6+
3848,2026-02-02,4,Metro,Paid social,0-1
3849,2026-03-30,12,Metro,Paid social,2-3
3850,2026-03-23,11,Metro,Organic,0-1
3851,2026-02-09,5,Metro,Organic,0-1
3852,2026-02-02,4,Metro,Referral,2-3
3853,2026-03-23,11,Metro,Flash sale,4-5
3854,2026-02-09,5,Tier-2,Paid social,6+
3855,2026-03-16,10,Metro,Paid social,0-1
3856,2026-04-06,13,Tier-2,Referral,0-1
3857,2026-02-09,5,Metro,Organic,0-1
3858,2026-03-23,11,Tier-2,Referral,6+
3859,2026-05-18,19,Metro,Paid social,4-5
3860,2026-03-16,10,Metro,Organic,2-3
3861,2026-01-19,2,Metro,Paid social,0-1
3862,2026-04-13,14,Tier-2,Flash sale,2-3
3863,2026-03-02,8,Metro,Paid social,0-1
3864,2026-04-13,14,Tier-3,Flash sale,0-1
3865,2026-01-05,0,Metro,Organic,2-3
3866,2026-04-13,14,Tier-2,Flash sale,4-5
3867,2026-04-06,13,Metro,Organic,2-3
3868,2026-01-05,0,Tier-2,Organic,6+
3869,2026-03-09,9,Metro,Paid social,6+
3870,2026-03-09,9,Metro,Organic,0-1
3871,2026-03-23,11,Metro,Paid social,2-3
3872,2026-03-30,12,Metro,Organic,4-5
3873,2026-04-06,13,Metro,Flash sale,2-3
3874,2026-05-11,18,Tier-3,Paid social,2-3
3875,2026-04-20,15,Metro,Flash sale,4-5
3876,2026-02-16,6,Metro,Paid social,0-1
3877,2026-05-18,19,Tier-3,Paid social,6+
3878,2026-03-09,9,Metro,Flash sale,2-3
3879,2026-05-04,17,Metro,Referral,2-3
3880,2026-03-09,9,Tier-2,Organic,0-1
3881,2026-02-16,6,Tier-3,Flash sale,4-5
3882,2026-04-13,14,Tier-2,Organic,4-5
3883,2026-04-13,14,Metro,Referral,4-5
3884,2026-01-19,2,Tier-3,Flash sale,2-3
3885,2026-01-12,1,Metro,Flash sale,2-3
3886,2026-04-20,15,Tier-3,Paid social,4-5
3887,2026-01-19,2,Tier-2,Organic,0-1
3888,2026-03-09,9,Tier-3,Paid social,2-3
3889,2026-03-09,9,Metro,Organic,4-5
3890,2026-03-02,8,Metro,Organic,4-5
3891,2026-03-09,9,Tier-2,Flash sale,2-3
3892,2026-05-18,19,Metro,Organic,2-3
3893,2026-03-16,10,Metro,Flash sale,2-3
3894,2026-05-04,17,Tier-3,Referral,6+
3895,2026-03-09,9,Tier-2,Referral,4-5
3896,2026-03-09,9,Metro,Organic,0-1
3897,2026-03-30,12,Metro,Organic,0-1
3898,2026-02-02,4,Metro,Organic,0-1
3899,2026-05-18,19,Metro,Flash sale,0-1
3900,2026-05-11,18,Metro,Organic,0-1
3901,2026-01-26,3,Tier-2,Organic,2-3
3902,2026-01-19,2,Tier-2,Referral,4-5
3903,2026-02-23,7,Metro,Paid social,6+
3904,2026-01-26,3,Metro,Referral,4-5
3905,2026-01-12,1,Tier-2,Organic,6+
3906,2026-04-27,16,Tier-2,Flash sale,4-5
3907,2026-01-26,3,Tier-3,Organic,2-3
3908,2026-02-23,7,Metro,Organic,4-5
3909,2026-05-18,19,Tier-2,Flash sale,2-3
3910,2026-02-23,7,Metro,Paid social,2-3
3911,2026-01-05,0,Metro,Flash sale,6+
3912,2026-02-02,4,Tier-3,Organic,6+
3913,2026-02-02,4,Metro,Flash sale,4-5
3914,2026-03-23,11,Metro,Paid social,4-5
3915,2026-03-02,8,Metro,Organic,4-5
3916,2026-01-12,1,Metro,Referral,6+
3917,2026-02-09,5,Metro,Organic,0-1
3918,2026-03-09,9,Tier-2,Organic,2-3
3919,2026-03-16,10,Metro,Paid social,0-1
3920,2026-03-02,8,Metro,Organic,4-5
3921,2026-05-18,19,Tier-3,Referral,2-3
3922,2026-03-09,9,Metro,Organic,2-3
3923,2026-04-13,14,Tier-3,Flash sale,6+
3924,2026-03-23,11,Metro,Flash sale,0-1
3925,2026-03-02,8,Tier-2,Paid social,6+
3926,2026-01-05,0,Metro,Referral,2-3
3927,2026-04-06,13,Tier-2,Flash sale,0-1
3928,2026-05-04,17,Metro,Organic,0-1
3929,2026-05-04,17,Tier-3,Organic,4-5
3930,2026-04-20,15,Metro,Flash sale,6+
3931,2026-02-02,4,Tier-2,Flash sale,6+
3932,2026-03-09,9,Metro,Organic,0-1
3933,2026-04-13,14,Metro,Paid social,6+
3934,2026-04-13,14,Metro,Organic,0-1
3935,2026-03-30,12,Metro,Organic,2-3
3936,2026-01-05,0,Metro,Paid social,0-1
3937,2026-04-13,14,Tier-2,Flash sale,2-3
3938,2026-03-23,11,Metro,Referral,2-3
3939,2026-01-12,1,Metro,Organic,6+
3940,2026-03-16,10,Metro,Flash sale,2-3
3941,2026-04-13,14,Metro,Flash sale,2-3
3942,2026-05-11,18,Metro,Organic,2-3
3943,2026-04-20,15,Tier-2,Referral,2-3
3944,2026-02-09,5,Metro,Organic,4-5
3945,2026-04-06,13,Tier-3,Organic,0-1
3946,2026-04-06,13,Metro,Organic,2-3
3947,2026-01-26,3,Metro,Organic,4-5
3948,2026-04-27,16,Tier-3,Organic,6+
3949,2026-01-26,3,Metro,Referral,0-1
3950,2026-04-20,15,Metro,Flash sale,2-3
3951,2026-04-13,14,Tier-3,Organic,4-5
3952,2026-05-18,19,Tier-3,Flash sale,6+
3953,2026-03-30,12,Tier-2,Organic,6+
3954,2026-01-12,1,Metro,Flash sale,6+
3955,2026-05-18,19,Tier-2,Paid social,4-5
3956,2026-02-23,7,Tier-3,Referral,0-1
3957,2026-03-09,9,Tier-3,Flash sale,6+
3958,2026-05-04,17,Metro,Organic,4-5
3959,2026-02-02,4,Metro,Organic,6+
3960,2026-04-06,13,Metro,Referral,6+
3961,2026-04-20,15,Metro,Flash sale,6+
3962,2026-03-16,10,Tier-2,Flash sale,2-3
3963,2026-04-13,14,Metro,Paid social,4-5
3964,2026-04-13,14,Metro,Organic,4-5
3965,2026-03-16,10,Metro,Referral,6+
3966,2026-01-12,1,Metro,Flash sale,0-1
3967,2026-04-13,14,Metro,Organic,4-5
3968,2026-04-20,15,Metro,Organic,4-5
3969,2026-02-16,6,Metro,Flash sale,0-1
3970,2026-04-27,16,Tier-3,Organic,2-3
3971,2026-02-02,4,Metro,Flash sale,6+
3972,2026-01-26,3,Metro,Referral,0-1
3973,2026-01-19,2,Metro,Flash sale,4-5
3974,2026-03-23,11,Metro,Flash sale,4-5
3975,2026-02-09,5,Metro,Flash sale,6+
3976,2026-04-06,13,Metro,Flash sale,2-3
3977,2026-04-06,13,Metro,Paid social,2-3
3978,2026-03-02,8,Metro,Organic,0-1
3979,2026-02-09,5,Tier-2,Paid social,2-3
3980,2026-05-11,18,Metro,Organic,6+
3981,2026-05-04,17,Metro,Organic,6+
3982,2026-02-16,6,Tier-2,Referral,2-3
3983,2026-02-02,4,Metro,Organic,4-5
3984,2026-04-27,16,Metro,Organic,6+
3985,2026-04-06,13,Metro,Organic,2-3
3986,2026-03-09,9,Metro,Referral,2-3
3987,2026-03-16,10,Metro,Flash sale,6+
3988,2026-04-13,14,Tier-3,Organic,6+
3989,2026-02-02,4,Tier-3,Flash sale,4-5
3990,2026-05-18,19,Tier-3,Organic,0-1
3991,2026-03-23,11,Metro,Paid social,0-1
3992,2026-01-19,2,Metro,Organic,0-1
3993,2026-05-18,19,Metro,Flash sale,4-5
3994,2026-05-18,19,Metro,Flash sale,0-1
3995,2026-05-11,18,Metro,Flash sale,0-1
3996,2026-04-06,13,Metro,Paid social,4-5
3997,2026-02-09,5,Metro,Organic,2-3
3998,2026-03-16,10,Metro,Referral,4-5
3999,2026-03-16,10,Metro,Flash sale,0-1
4000,2026-03-16,10,Tier-2,Flash sale,0-1
4001,2026-01-26,3,Metro,Organic,0-1
4002,2026-02-16,6,Tier-3,Organic,4-5
4003,2026-03-09,9,Metro,Organic,6+
4004,2026-03-16,10,Metro,Organic,6+
4005,2026-02-16,6,Metro,Paid social,0-1
4006,2026-04-13,14,Metro,Referral,4-5
4007,2026-05-11,18,Metro,Organic,6+
4008,2026-03-09,9,Metro,Flash sale,0-1
4009,2026-03-30,12,Tier-2,Referral,4-5
4010,2026-01-26,3,Metro,Organic,2-3
4011,2026-01-26,3,Metro,Flash sale,0-1
4012,2026-01-12,1,Tier-3,Referral,6+
4013,2026-05-18,19,Metro,Organic,6+
4014,2026-02-16,6,Tier-2,Flash sale,4-5
4015,2026-04-06,13,Metro,Organic,0-1
4016,2026-03-30,12,Metro,Organic,2-3
4017,2026-01-19,2,Metro,Flash sale,4-5
4018,2026-01-26,3,Metro,Referral,6+
4019,2026-04-20,15,Tier-2,Paid social,6+
4020,2026-04-20,15,Metro,Organic,4-5
4021,2026-03-23,11,Metro,Referral,6+
4022,2026-02-16,6,Metro,Paid social,4-5
4023,2026-03-02,8,Tier-3,Flash sale,2-3
4024,2026-04-20,15,Tier-2,Paid social,0-1
4025,2026-01-26,3,Tier-3,Paid social,6+
4026,2026-01-12,1,Tier-2,Referral,4-5
4027,2026-02-09,5,Tier-2,Paid social,6+
4028,2026-01-26,3,Metro,Flash sale,4-5
4029,2026-01-26,3,Tier-3,Flash sale,2-3
4030,2026-03-09,9,Metro,Paid social,4-5
4031,2026-04-27,16,Metro,Referral,4-5
4032,2026-04-06,13,Tier-2,Organic,6+
4033,2026-02-09,5,Metro,Organic,2-3
4034,2026-03-02,8,Metro,Organic,2-3
4035,2026-03-09,9,Metro,Paid social,2-3
4036,2026-02-23,7,Metro,Organic,0-1
4037,2026-05-18,19,Tier-2,Organic,2-3
4038,2026-05-11,18,Metro,Flash sale,2-3
4039,2026-05-18,19,Tier-2,Organic,0-1
4040,2026-03-02,8,Metro,Paid social,6+
4041,2026-04-20,15,Tier-2,Flash sale,4-5
4042,2026-04-13,14,Metro,Organic,0-1
4043,2026-04-20,15,Tier-3,Organic,0-1
4044,2026-01-26,3,Metro,Referral,4-5
4045,2026-05-11,18,Metro,Flash sale,0-1
4046,2026-05-11,18,Metro,Flash sale,0-1
4047,2026-04-20,15,Metro,Organic,2-3
4048,2026-03-23,11,Metro,Paid social,6+
4049,2026-03-09,9,Tier-2,Referral,0-1
4050,2026-02-02,4,Tier-3,Referral,4-5
4051,2026-01-12,1,Tier-2,Flash sale,4-5
4052,2026-05-18,19,Metro,Paid social,2-3
4053,2026-02-02,4,Metro,Referral,4-5
4054,2026-02-16,6,Tier-2,Flash sale,4-5
4055,2026-03-02,8,Tier-2,Paid social,0-1
4056,2026-04-06,13,Metro,Paid social,6+
4057,2026-02-09,5,Tier-3,Referral,0-1
4058,2026-02-02,4,Metro,Referral,2-3
4059,2026-02-16,6,Tier-2,Flash sale,0-1
4060,2026-02-16,6,Tier-3,Flash sale,4-5
4061,2026-01-12,1,Tier-2,Organic,4-5
4062,2026-02-23,7,Metro,Flash sale,0-1
4063,2026-03-23,11,Tier-2,Organic,2-3
4064,2026-03-02,8,Metro,Organic,6+
4065,2026-02-23,7,Tier-2,Paid social,4-5
4066,2026-05-11,18,Metro,Organic,2-3
4067,2026-02-09,5,Tier-2,Referral,4-5
4068,2026-04-27,16,Tier-3,Organic,4-5
4069,2026-03-30,12,Metro,Organic,2-3
4070,2026-04-06,13,Metro,Organic,0-1
4071,2026-02-09,5,Tier-2,Flash sale,0-1
4072,2026-05-18,19,Metro,Flash sale,6+
4073,2026-03-09,9,Metro,Organic,2-3
4074,2026-03-16,10,Metro,Flash sale,6+
4075,2026-02-02,4,Metro,Flash sale,2-3
4076,2026-03-09,9,Tier-2,Organic,4-5
4077,2026-04-06,13,Tier-2,Organic,2-3
4078,2026-05-11,18,Metro,Organic,4-5
4079,2026-05-04,17,Metro,Organic,6+
4080,2026-01-26,3,Metro,Organic,6+
4081,2026-01-12,1,Metro,Referral,0-1
4082,2026-05-18,19,Tier-2,Flash sale,4-5
4083,2026-04-27,16,Metro,Paid social,2-3
4084,2026-01-26,3,Metro,Referral,0-1
4085,2026-05-04,17,Tier-3,Flash sale,6+
4086,2026-04-20,15,Metro,Organic,6+
4087,2026-05-18,19,Tier-2,Organic,6+
4088,2026-01-26,3,Metro,Flash sale,6+
4089,2026-04-27,16,Metro,Organic,2-3
4090,2026-02-23,7,Metro,Organic,4-5
4091,2026-03-23,11,Tier-2,Paid social,4-5
4092,2026-02-09,5,Tier-2,Organic,4-5
4093,2026-01-12,1,Metro,Organic,0-1
4094,2026-04-06,13,Metro,Paid social,6+
4095,2026-01-12,1,Metro,Organic,6+
4096,2026-03-09,9,Tier-2,Organic,6+
4097,2026-01-26,3,Tier-2,Organic,4-5
4098,2026-05-11,18,Tier-2,Flash sale,2-3
4099,2026-03-02,8,Tier-3,Paid social,2-3
4100,2026-01-26,3,Metro,Flash sale,4-5
4101,2026-05-18,19,Tier-2,Flash sale,2-3
4102,2026-04-06,13,Tier-2,Organic,6+
4103,2026-01-26,3,Metro,Organic,2-3
4104,2026-02-23,7,Tier-3,Flash sale,2-3
4105,2026-03-16,10,Metro,Organic,4-5
4106,2026-04-20,15,Tier-2,Organic,2-3
4107,2026-05-18,19,Tier-2,Flash sale,0-1
4108,2026-04-27,16,Tier-3,Paid social,4-5
4109,2026-01-05,0,Metro,Paid social,4-5
4110,2026-03-09,9,Metro,Referral,2-3
4111,2026-01-05,0,Tier-2,Flash sale,0-1
4112,2026-02-16,6,Tier-2,Referral,2-3
4113,2026-02-09,5,Metro,Paid social,6+
4114,2026-02-09,5,Tier-2,Organic,6+
4115,2026-02-02,4,Metro,Flash sale,0-1
4116,2026-03-02,8,Tier-2,Organic,2-3
4117,2026-03-09,9,Tier-3,Paid social,6+
4118,2026-05-18,19,Metro,Paid social,2-3
4119,2026-03-02,8,Metro,Referral,2-3
4120,2026-01-05,0,Tier-3,Organic,4-5
4121,2026-03-23,11,Tier-2,Paid social,2-3
4122,2026-02-16,6,Tier-3,Organic,6+
4123,2026-01-19,2,Metro,Organic,2-3
4124,2026-04-06,13,Tier-3,Flash sale,2-3
4125,2026-04-06,13,Metro,Referral,4-5
4126,2026-02-16,6,Metro,Paid social,4-5
4127,2026-02-02,4,Metro,Organic,2-3
4128,2026-03-09,9,Tier-2,Organic,2-3
4129,2026-03-09,9,Tier-3,Flash sale,2-3
4130,2026-05-18,19,Tier-2,Organic,0-1
4131,2026-01-05,0,Tier-2,Paid social,0-1
4132,2026-01-26,3,Metro,Organic,6+
4133,2026-04-20,15,Metro,Organic,2-3
4134,2026-05-11,18,Metro,Flash sale,2-3
4135,2026-03-30,12,Metro,Referral,6+
4136,2026-02-16,6,Metro,Paid social,6+
4137,2026-02-02,4,Tier-3,Organic,0-1
4138,2026-04-27,16,Tier-2,Organic,2-3
4139,2026-03-30,12,Tier-2,Paid social,6+
4140,2026-03-02,8,Metro,Flash sale,2-3
4141,2026-03-02,8,Metro,Organic,6+
4142,2026-01-19,2,Metro,Organic,4-5
4143,2026-04-27,16,Metro,Paid social,4-5
4144,2026-01-05,0,Metro,Referral,4-5
4145,2026-05-18,19,Metro,Organic,0-1
4146,2026-01-26,3,Metro,Organic,6+
4147,2026-01-19,2,Tier-2,Organic,4-5
4148,2026-01-12,1,Metro,Organic,0-1
4149,2026-03-09,9,Metro,Organic,6+
4150,2026-01-12,1,Metro,Organic,2-3
4151,2026-02-09,5,Metro,Organic,2-3
4152,2026-04-20,15,Metro,Organic,4-5
4153,2026-04-13,14,Metro,Flash sale,2-3
4154,2026-02-16,6,Tier-2,Flash sale,0-1
4155,2026-01-05,0,Metro,Referral,2-3
4156,2026-01-26,3,Tier-3,Organic,4-5
4157,2026-03-16,10,Metro,Paid social,2-3
4158,2026-03-09,9,Metro,Paid social,4-5
4159,2026-05-04,17,Metro,Paid social,0-1
4160,2026-03-09,9,Metro,Organic,2-3
4161,2026-02-23,7,Metro,Organic,0-1
4162,2026-03-30,12,Tier-3,Flash sale,0-1
4163,2026-04-27,16,Metro,Organic,4-5
4164,2026-04-27,16,Tier-2,Organic,0-1
4165,2026-01-19,2,Metro,Organic,2-3
4166,2026-03-02,8,Metro,Flash sale,6+
4167,2026-05-11,18,Metro,Referral,0-1
4168,2026-04-27,16,Metro,Organic,0-1
4169,2026-04-20,15,Metro,Paid social,6+
4170,2026-01-19,2,Tier-3,Referral,2-3
4171,2026-02-23,7,Tier-2,Organic,2-3
4172,2026-04-27,16,Tier-3,Flash sale,4-5
4173,2026-01-19,2,Metro,Organic,0-1
4174,2026-04-13,14,Tier-2,Paid social,2-3
4175,2026-03-16,10,Tier-2,Referral,0-1
4176,2026-04-13,14,Tier-2,Flash sale,6+
4177,2026-04-06,13,Tier-3,Flash sale,2-3
4178,2026-01-12,1,Tier-2,Organic,4-5
4179,2026-01-19,2,Tier-3,Paid social,4-5
4180,2026-02-16,6,Tier-2,Paid social,2-3
4181,2026-05-11,18,Metro,Referral,0-1
4182,2026-05-11,18,Tier-2,Flash sale,2-3
4183,2026-04-20,15,Metro,Organic,6+
4184,2026-02-02,4,Tier-3,Organic,4-5
4185,2026-05-18,19,Tier-2,Organic,6+
4186,2026-04-13,14,Metro,Flash sale,4-5
4187,2026-02-09,5,Metro,Referral,2-3
4188,2026-04-13,14,Metro,Paid social,2-3
4189,2026-03-02,8,Metro,Organic,6+
4190,2026-03-09,9,Metro,Organic,0-1
4191,2026-02-02,4,Tier-2,Organic,4-5
4192,2026-03-30,12,Tier-2,Paid social,6+
4193,2026-02-09,5,Tier-2,Referral,6+
4194,2026-05-11,18,Metro,Flash sale,2-3
4195,2026-01-19,2,Metro,Flash sale,2-3
4196,2026-02-09,5,Metro,Flash sale,4-5
4197,2026-01-19,2,Tier-3,Organic,4-5
4198,2026-02-02,4,Metro,Organic,4-5
4199,2026-04-06,13,Metro,Organic,0-1
4200,2026-05-11,18,Metro,Organic,4-5
4201,2026-01-26,3,Tier-2,Flash sale,0-1
4202,2026-02-02,4,Metro,Organic,6+
4203,2026-01-19,2,Tier-2,Referral,6+
4204,2026-04-27,16,Tier-2,Flash sale,4-5
4205,2026-03-16,10,Tier-2,Flash sale,2-3
4206,2026-02-23,7,Metro,Paid social,4-5
4207,2026-04-13,14,Metro,Organic,2-3
4208,2026-01-12,1,Metro,Flash sale,4-5
4209,2026-04-20,15,Metro,Organic,0-1
4210,2026-01-12,1,Tier-2,Referral,2-3
4211,2026-03-23,11,Metro,Flash sale,6+
4212,2026-01-05,0,Metro,Organic,0-1
4213,2026-02-02,4,Metro,Organic,2-3
4214,2026-03-30,12,Tier-2,Referral,2-3
4215,2026-03-23,11,Metro,Flash sale,0-1
4216,2026-03-02,8,Tier-2,Flash sale,2-3
4217,2026-03-30,12,Metro,Flash sale,4-5
4218,2026-04-27,16,Tier-3,Flash sale,0-1
4219,2026-02-09,5,Tier-2,Flash sale,0-1
4220,2026-05-18,19,Metro,Organic,6+
4221,2026-01-19,2,Metro,Flash sale,2-3
4222,2026-05-18,19,Metro,Flash sale,2-3
4223,2026-05-11,18,Metro,Referral,4-5
4224,2026-03-02,8,Metro,Flash sale,4-5
4225,2026-01-12,1,Tier-3,Flash sale,6+
4226,2026-03-02,8,Tier-2,Paid social,0-1
4227,2026-02-09,5,Metro,Paid social,6+
4228,2026-03-23,11,Tier-2,Organic,4-5
4229,2026-02-02,4,Metro,Paid social,0-1
4230,2026-01-12,1,Tier-3,Organic,6+
4231,2026-05-04,17,Metro,Paid social,2-3
4232,2026-05-04,17,Tier-2,Organic,2-3
4233,2026-03-16,10,Tier-2,Flash sale,6+
4234,2026-05-04,17,Metro,Paid social,4-5
4235,2026-05-18,19,Metro,Organic,2-3
4236,2026-05-11,18,Metro,Referral,2-3
4237,2026-04-27,16,Tier-3,Flash sale,4-5
4238,2026-01-05,0,Metro,Organic,0-1
4239,2026-04-20,15,Tier-2,Paid social,2-3
4240,2026-05-11,18,Tier-2,Flash sale,4-5
4241,2026-01-26,3,Tier-2,Paid social,6+
4242,2026-01-12,1,Metro,Paid social,6+
4243,2026-02-16,6,Metro,Organic,2-3
4244,2026-04-27,16,Tier-2,Organic,0-1
4245,2026-04-27,16,Metro,Organic,6+
4246,2026-03-23,11,Tier-3,Flash sale,4-5
4247,2026-05-18,19,Metro,Organic,2-3
4248,2026-01-26,3,Metro,Organic,6+
4249,2026-05-04,17,Tier-2,Referral,4-5
4250,2026-05-04,17,Metro,Organic,2-3
4251,2026-05-11,18,Metro,Referral,0-1
4252,2026-02-09,5,Metro,Flash sale,0-1
4253,2026-03-30,12,Metro,Organic,4-5
4254,2026-02-09,5,Tier-2,Organic,0-1
4255,2026-03-09,9,Metro,Organic,2-3
4256,2026-05-18,19,Metro,Flash sale,4-5
4257,2026-03-16,10,Metro,Organic,0-1
4258,2026-04-20,15,Tier-3,Referral,6+
4259,2026-03-09,9,Metro,Referral,2-3
4260,2026-01-05,0,Tier-3,Organic,6+
4261,2026-01-26,3,Tier-3,Paid social,0-1
4262,2026-04-06,13,Metro,Paid social,2-3
4263,2026-02-16,6,Tier-2,Organic,6+
4264,2026-02-16,6,Tier-2,Paid social,4-5
4265,2026-01-12,1,Metro,Organic,6+
4266,2026-04-27,16,Metro,Flash sale,4-5
4267,2026-01-12,1,Tier-2,Organic,4-5
4268,2026-03-16,10,Tier-2,Referral,2-3
4269,2026-02-16,6,Tier-2,Referral,2-3
4270,2026-05-11,18,Tier-3,Paid social,0-1
4271,2026-04-06,13,Metro,Paid social,2-3
4272,2026-01-12,1,Tier-2,Organic,0-1
4273,2026-03-30,12,Tier-3,Flash sale,2-3
4274,2026-01-26,3,Metro,Organic,4-5
4275,2026-03-23,11,Metro,Organic,0-1
4276,2026-02-02,4,Metro,Organic,2-3
4277,2026-04-13,14,Tier-3,Paid social,4-5
4278,2026-03-09,9,Metro,Flash sale,0-1
4279,2026-03-02,8,Tier-2,Organic,6+
4280,2026-05-04,17,Metro,Paid social,6+
4281,2026-03-02,8,Metro,Referral,0-1
4282,2026-02-02,4,Tier-2,Organic,0-1
4283,2026-03-16,10,Metro,Flash sale,0-1
4284,2026-04-27,16,Tier-3,Referral,2-3
4285,2026-01-12,1,Metro,Flash sale,0-1
4286,2026-02-09,5,Tier-3,Flash sale,0-1
4287,2026-03-23,11,Metro,Flash sale,2-3
4288,2026-02-02,4,Tier-3,Organic,4-5
4289,2026-04-20,15,Tier-2,Flash sale,0-1
4290,2026-01-12,1,Metro,Organic,4-5
4291,2026-02-09,5,Metro,Organic,2-3
4292,2026-03-23,11,Metro,Organic,0-1
4293,2026-05-04,17,Tier-2,Flash sale,0-1
4294,2026-02-23,7,Tier-2,Flash sale,6+
4295,2026-02-09,5,Metro,Flash sale,0-1
4296,2026-05-11,18,Metro,Organic,0-1
4297,2026-03-16,10,Tier-2,Paid social,4-5
4298,2026-02-02,4,Metro,Organic,4-5
4299,2026-05-04,17,Tier-2,Flash sale,6+
4300,2026-01-05,0,Metro,Organic,0-1
4301,2026-04-13,14,Tier-2,Referral,0-1
4302,2026-05-11,18,Tier-3,Flash sale,4-5
4303,2026-03-23,11,Metro,Flash sale,0-1
4304,2026-05-11,18,Metro,Paid social,2-3
4305,2026-03-30,12,Metro,Referral,2-3
4306,2026-03-23,11,Tier-2,Flash sale,6+
4307,2026-01-19,2,Metro,Flash sale,6+
4308,2026-01-26,3,Tier-3,Paid social,6+
4309,2026-04-06,13,Tier-2,Paid social,4-5
4310,2026-04-06,13,Metro,Referral,2-3
4311,2026-03-30,12,Tier-2,Referral,4-5
4312,2026-02-02,4,Metro,Paid social,0-1
4313,2026-01-12,1,Tier-2,Paid social,4-5
4314,2026-01-12,1,Metro,Organic,2-3
4315,2026-01-19,2,Tier-2,Paid social,6+
4316,2026-02-02,4,Tier-3,Referral,0-1
4317,2026-05-18,19,Tier-2,Flash sale,0-1
4318,2026-04-20,15,Tier-3,Flash sale,6+
4319,2026-01-26,3,Metro,Organic,0-1
4320,2026-02-16,6,Tier-2,Referral,4-5
4321,2026-05-04,17,Tier-2,Flash sale,2-3
4322,2026-03-02,8,Tier-2,Organic,2-3
4323,2026-02-09,5,Metro,Flash sale,2-3
4324,2026-02-16,6,Metro,Organic,4-5
4325,2026-02-23,7,Tier-2,Flash sale,0-1
4326,2026-03-16,10,Metro,Flash sale,4-5
4327,2026-03-23,11,Tier-2,Flash sale,6+
4328,2026-03-16,10,Tier-2,Organic,2-3
4329,2026-03-30,12,Tier-3,Organic,4-5
4330,2026-02-09,5,Metro,Organic,6+
4331,2026-03-09,9,Tier-3,Flash sale,6+
4332,2026-04-27,16,Metro,Paid social,4-5
4333,2026-02-16,6,Metro,Referral,6+
4334,2026-05-18,19,Tier-2,Referral,6+
4335,2026-03-09,9,Metro,Organic,4-5
4336,2026-02-23,7,Metro,Organic,0-1
4337,2026-04-13,14,Metro,Paid social,6+
4338,2026-02-23,7,Metro,Flash sale,2-3
4339,2026-02-23,7,Tier-2,Organic,4-5
4340,2026-02-23,7,Metro,Flash sale,4-5
4341,2026-03-16,10,Metro,Flash sale,2-3
4342,2026-01-05,0,Tier-2,Organic,6+
4343,2026-02-23,7,Metro,Organic,4-5
4344,2026-04-20,15,Tier-2,Flash sale,4-5
4345,2026-02-16,6,Tier-3,Organic,6+
4346,2026-03-16,10,Tier-2,Flash sale,2-3
4347,2026-02-09,5,Tier-3,Referral,6+
4348,2026-05-11,18,Metro,Paid social,0-1
4349,2026-02-02,4,Tier-2,Organic,4-5
4350,2026-04-20,15,Metro,Organic,0-1
4351,2026-04-20,15,Metro,Flash sale,0-1
4352,2026-03-02,8,Tier-2,Organic,0-1
4353,2026-05-18,19,Metro,Paid social,6+
4354,2026-05-18,19,Tier-3,Referral,2-3
4355,2026-01-05,0,Tier-2,Flash sale,2-3
4356,2026-03-23,11,Tier-3,Referral,2-3
4357,2026-01-26,3,Metro,Organic,4-5
4358,2026-05-18,19,Metro,Flash sale,6+
4359,2026-05-18,19,Tier-2,Paid social,4-5
4360,2026-03-02,8,Metro,Organic,0-1
4361,2026-02-16,6,Metro,Organic,4-5
4362,2026-04-27,16,Tier-2,Paid social,0-1
4363,2026-02-23,7,Tier-3,Flash sale,0-1
4364,2026-04-13,14,Tier-2,Organic,0-1
4365,2026-04-06,13,Metro,Organic,4-5
4366,2026-02-09,5,Metro,Flash sale,6+
4367,2026-02-23,7,Tier-2,Flash sale,0-1
4368,2026-05-11,18,Metro,Flash sale,6+
4369,2026-03-09,9,Metro,Organic,2-3
4370,2026-03-02,8,Metro,Organic,2-3
4371,2026-05-11,18,Metro,Flash sale,0-1
4372,2026-03-23,11,Metro,Paid social,0-1
4373,2026-03-23,11,Metro,Flash sale,4-5
4374,2026-02-23,7,Tier-2,Flash sale,2-3
4375,2026-04-06,13,Metro,Referral,0-1
4376,2026-01-05,0,Tier-2,Organic,4-5
4377,2026-02-02,4,Metro,Organic,2-3
4378,2026-04-27,16,Tier-3,Organic,2-3
4379,2026-02-09,5,Metro,Organic,6+
4380,2026-05-18,19,Metro,Paid social,2-3
4381,2026-05-04,17,Metro,Organic,2-3
4382,2026-02-23,7,Metro,Paid social,4-5
4383,2026-05-11,18,Metro,Organic,6+
4384,2026-04-13,14,Tier-2,Flash sale,4-5
4385,2026-04-27,16,Tier-3,Organic,2-3
4386,2026-03-09,9,Metro,Organic,2-3
4387,2026-01-19,2,Metro,Organic,0-1
4388,2026-03-16,10,Tier-2,Flash sale,0-1
4389,2026-04-27,16,Tier-2,Flash sale,6+
4390,2026-01-12,1,Metro,Referral,4-5
4391,2026-01-05,0,Tier-2,Paid social,2-3
4392,2026-04-27,16,Metro,Flash sale,6+
4393,2026-03-23,11,Tier-2,Paid social,6+
4394,2026-03-16,10,Metro,Organic,4-5
4395,2026-04-06,13,Metro,Organic,2-3
4396,2026-04-06,13,Metro,Flash sale,4-5
4397,2026-03-02,8,Tier-2,Flash sale,6+
4398,2026-03-30,12,Metro,Flash sale,4-5
4399,2026-03-09,9,Tier-2,Flash sale,2-3
4400,2026-02-02,4,Tier-2,Paid social,4-5
4401,2026-04-13,14,Tier-2,Organic,6+
4402,2026-02-23,7,Metro,Referral,2-3
4403,2026-05-04,17,Metro,Flash sale,0-1
4404,2026-02-23,7,Metro,Flash sale,4-5
4405,2026-01-26,3,Tier-2,Organic,4-5
4406,2026-04-27,16,Tier-3,Organic,6+
4407,2026-01-19,2,Metro,Organic,0-1
4408,2026-05-18,19,Tier-3,Referral,6+
4409,2026-03-30,12,Metro,Flash sale,6+
4410,2026-03-09,9,Metro,Organic,4-5
4411,2026-02-02,4,Metro,Referral,0-1
4412,2026-02-02,4,Tier-2,Flash sale,0-1
4413,2026-01-26,3,Metro,Paid social,2-3
4414,2026-04-27,16,Metro,Flash sale,0-1
4415,2026-02-02,4,Tier-2,Flash sale,4-5
4416,2026-01-05,0,Metro,Flash sale,6+
4417,2026-01-26,3,Metro,Flash sale,2-3
4418,2026-03-30,12,Metro,Flash sale,4-5
4419,2026-03-09,9,Metro,Organic,6+
4420,2026-02-23,7,Metro,Paid social,6+
4421,2026-05-18,19,Metro,Referral,4-5
4422,2026-02-16,6,Tier-2,Flash sale,0-1
4423,2026-04-27,16,Metro,Flash sale,0-1
4424,2026-01-19,2,Tier-2,Referral,6+
4425,2026-03-16,10,Metro,Organic,6+
4426,2026-01-19,2,Metro,Organic,6+
4427,2026-01-12,1,Metro,Organic,2-3
4428,2026-04-06,13,Metro,Organic,0-1
4429,2026-04-06,13,Metro,Organic,4-5
4430,2026-03-23,11,Metro,Referral,4-5
4431,2026-03-09,9,Tier-3,Organic,0-1
4432,2026-02-09,5,Tier-2,Referral,2-3
4433,2026-04-20,15,Metro,Paid social,2-3
4434,2026-01-26,3,Tier-2,Organic,2-3
4435,2026-03-09,9,Tier-2,Referral,6+
4436,2026-05-11,18,Tier-2,Flash sale,2-3
4437,2026-04-06,13,Metro,Paid social,6+
4438,2026-04-27,16,Metro,Flash sale,0-1
4439,2026-02-02,4,Metro,Organic,6+
4440,2026-01-05,0,Metro,Organic,4-5
4441,2026-04-27,16,Metro,Paid social,4-5
4442,2026-03-23,11,Tier-3,Organic,2-3
4443,2026-04-20,15,Tier-3,Referral,0-1
4444,2026-04-27,16,Metro,Organic,0-1
4445,2026-02-23,7,Metro,Flash sale,2-3
4446,2026-01-19,2,Metro,Flash sale,2-3
4447,2026-05-18,19,Metro,Organic,0-1
4448,2026-02-16,6,Tier-2,Organic,0-1
4449,2026-01-26,3,Metro,Organic,4-5
4450,2026-03-23,11,Tier-2,Referral,4-5
4451,2026-01-05,0,Tier-3,Referral,0-1
4452,2026-01-12,1,Tier-2,Organic,6+
4453,2026-04-20,15,Tier-2,Flash sale,6+
4454,2026-01-12,1,Metro,Organic,6+
4455,2026-03-30,12,Metro,Referral,0-1
4456,2026-03-09,9,Metro,Referral,2-3
4457,2026-01-19,2,Tier-2,Paid social,0-1
4458,2026-05-11,18,Metro,Paid social,0-1
4459,2026-01-26,3,Tier-2,Organic,6+
4460,2026-04-06,13,Metro,Organic,6+
4461,2026-01-19,2,Metro,Paid social,0-1
4462,2026-03-23,11,Metro,Organic,2-3
4463,2026-01-26,3,Tier-3,Organic,0-1
4464,2026-05-04,17,Metro,Organic,6+
4465,2026-03-09,9,Metro,Referral,4-5
4466,2026-01-05,0,Metro,Flash sale,2-3
4467,2026-01-12,1,Tier-2,Paid social,6+
4468,2026-03-16,10,Tier-3,Organic,0-1
4469,2026-03-16,10,Metro,Organic,2-3
4470,2026-02-16,6,Tier-3,Organic,4-5
4471,2026-03-30,12,Metro,Referral,2-3
4472,2026-04-20,15,Tier-2,Organic,4-5
4473,2026-04-13,14,Metro,Paid social,0-1
4474,2026-04-13,14,Metro,Flash sale,4-5
4475,2026-05-11,18,Tier-2,Referral,4-5
4476,2026-02-02,4,Metro,Referral,0-1
4477,2026-01-12,1,Metro,Flash sale,2-3
4478,2026-01-19,2,Tier-2,Referral,2-3
4479,2026-01-05,0,Tier-3,Organic,4-5
4480,2026-02-09,5,Metro,Referral,2-3
4481,2026-01-19,2,Tier-2,Referral,2-3
4482,2026-05-11,18,Tier-2,Flash sale,0-1
4483,2026-02-16,6,Metro,Organic,6+
4484,2026-02-02,4,Tier-3,Paid social,4-5
4485,2026-03-16,10,Metro,Paid social,4-5
4486,2026-03-02,8,Tier-2,Flash sale,2-3
4487,2026-01-05,0,Metro,Paid social,4-5
4488,2026-05-18,19,Metro,Flash sale,0-1
4489,2026-04-06,13,Metro,Organic,2-3
4490,2026-04-27,16,Metro,Flash sale,2-3
4491,2026-05-18,19,Tier-3,Organic,2-3
4492,2026-05-04,17,Tier-3,Flash sale,4-5
4493,2026-02-02,4,Metro,Flash sale,2-3
4494,2026-04-20,15,Metro,Organic,4-5
4495,2026-01-05,0,Metro,Organic,4-5
4496,2026-02-23,7,Metro,Referral,6+
4497,2026-04-20,15,Metro,Referral,0-1
4498,2026-04-06,13,Tier-3,Paid social,6+
4499,2026-04-20,15,Tier-2,Organic,0-1
4500,2026-04-20,15,Metro,Referral,4-5
4501,2026-01-05,0,Metro,Organic,2-3
4502,2026-03-23,11,Tier-2,Organic,6+
4503,2026-03-30,12,Metro,Referral,0-1
4504,2026-01-26,3,Metro,Flash sale,2-3
4505,2026-02-02,4,Metro,Referral,0-1
4506,2026-03-09,9,Metro,Organic,6+
4507,2026-03-30,12,Metro,Organic,4-5
4508,2026-05-04,17,Tier-2,Flash sale,0-1
4509,2026-04-13,14,Metro,Organic,6+
4510,2026-05-18,19,Tier-2,Organic,2-3
4511,2026-02-02,4,Metro,Organic,0-1
4512,2026-02-23,7,Tier-3,Organic,2-3
4513,2026-02-09,5,Metro,Referral,6+
4514,2026-05-04,17,Metro,Organic,6+
4515,2026-03-30,12,Metro,Flash sale,0-1
4516,2026-03-16,10,Metro,Flash sale,6+
4517,2026-03-23,11,Metro,Flash sale,6+
4518,2026-02-16,6,Tier-2,Flash sale,2-3
4519,2026-05-04,17,Metro,Flash sale,4-5
4520,2026-03-30,12,Metro,Paid social,2-3
4521,2026-03-16,10,Metro,Organic,2-3
4522,2026-04-13,14,Tier-2,Referral,4-5
4523,2026-04-20,15,Tier-3,Organic,4-5
4524,2026-02-23,7,Tier-2,Flash sale,2-3
4525,2026-04-13,14,Tier-2,Flash sale,2-3
4526,2026-04-20,15,Tier-2,Organic,2-3
4527,2026-04-06,13,Tier-2,Organic,2-3
4528,2026-01-19,2,Metro,Organic,0-1
4529,2026-01-26,3,Tier-2,Organic,2-3
4530,2026-01-05,0,Tier-2,Flash sale,4-5
4531,2026-02-09,5,Metro,Organic,6+
4532,2026-01-26,3,Tier-2,Referral,6+
4533,2026-03-23,11,Metro,Paid social,6+
4534,2026-05-11,18,Metro,Organic,6+
4535,2026-01-12,1,Metro,Organic,4-5
4536,2026-02-09,5,Tier-2,Flash sale,4-5
4537,2026-01-05,0,Tier-3,Paid social,6+
4538,2026-01-12,1,Metro,Organic,0-1
4539,2026-01-05,0,Metro,Organic,0-1
4540,2026-03-30,12,Metro,Paid social,2-3
4541,2026-05-11,18,Metro,Flash sale,4-5
4542,2026-04-13,14,Tier-3,Organic,6+
4543,2026-04-06,13,Metro,Paid social,2-3
4544,2026-01-26,3,Metro,Paid social,6+
4545,2026-04-27,16,Metro,Flash sale,2-3
4546,2026-03-23,11,Tier-3,Organic,2-3
4547,2026-05-18,19,Metro,Flash sale,6+
4548,2026-02-23,7,Tier-2,Organic,0-1
4549,2026-04-13,14,Metro,Flash sale,6+
4550,2026-03-09,9,Metro,Organic,0-1
4551,2026-03-16,10,Tier-2,Flash sale,6+
4552,2026-01-19,2,Metro,Referral,2-3
4553,2026-03-09,9,Tier-2,Paid social,4-5
4554,2026-01-26,3,Metro,Referral,4-5
4555,2026-04-13,14,Tier-2,Organic,2-3
4556,2026-04-13,14,Tier-2,Organic,4-5
4557,2026-05-04,17,Tier-2,Flash sale,6+
4558,2026-03-09,9,Metro,Organic,6+
4559,2026-04-27,16,Tier-2,Organic,0-1
4560,2026-05-04,17,Tier-3,Referral,2-3
4561,2026-03-09,9,Metro,Organic,6+
4562,2026-05-11,18,Metro,Organic,4-5
4563,2026-04-20,15,Tier-2,Flash sale,0-1
4564,2026-02-09,5,Metro,Paid social,0-1
4565,2026-03-09,9,Tier-2,Flash sale,6+
4566,2026-01-19,2,Tier-2,Organic,2-3
4567,2026-02-23,7,Metro,Flash sale,4-5
4568,2026-02-23,7,Tier-2,Paid social,6+
4569,2026-02-09,5,Tier-2,Organic,0-1
4570,2026-02-23,7,Metro,Flash sale,2-3
4571,2026-01-12,1,Tier-3,Referral,0-1
4572,2026-03-09,9,Metro,Referral,6+
4573,2026-02-02,4,Metro,Organic,2-3
4574,2026-02-02,4,Tier-2,Paid social,6+
4575,2026-04-13,14,Metro,Organic,2-3
4576,2026-05-04,17,Tier-2,Organic,0-1
4577,2026-01-26,3,Metro,Organic,6+
4578,2026-03-23,11,Metro,Flash sale,4-5
4579,2026-05-11,18,Metro,Organic,0-1
4580,2026-03-30,12,Tier-2,Referral,4-5
4581,2026-01-12,1,Tier-2,Paid social,2-3
4582,2026-04-20,15,Tier-2,Organic,0-1
4583,2026-01-12,1,Tier-3,Referral,2-3
4584,2026-03-30,12,Tier-2,Paid social,6+
4585,2026-03-09,9,Tier-2,Organic,0-1
4586,2026-03-16,10,Metro,Referral,2-3
4587,2026-02-02,4,Tier-3,Paid social,2-3
4588,2026-05-04,17,Tier-2,Referral,4-5
4589,2026-01-19,2,Tier-3,Flash sale,6+
4590,2026-05-11,18,Metro,Paid social,6+
4591,2026-01-12,1,Metro,Referral,4-5
4592,2026-02-16,6,Tier-2,Organic,0-1
4593,2026-03-16,10,Metro,Organic,6+
4594,2026-03-16,10,Metro,Flash sale,0-1
4595,2026-02-09,5,Tier-3,Organic,2-3
4596,2026-02-09,5,Metro,Organic,6+
4597,2026-03-23,11,Metro,Organic,0-1
4598,2026-01-05,0,Metro,Referral,0-1
4599,2026-01-19,2,Metro,Referral,0-1
4600,2026-02-23,7,Tier-2,Organic,2-3
4601,2026-01-05,0,Tier-3,Organic,2-3
4602,2026-01-12,1,Tier-3,Organic,2-3
4603,2026-01-05,0,Tier-2,Organic,0-1
4604,2026-04-27,16,Tier-2,Flash sale,0-1
4605,2026-01-19,2,Metro,Organic,0-1
4606,2026-01-26,3,Tier-3,Paid social,0-1
4607,2026-04-20,15,Metro,Organic,4-5
4608,2026-03-02,8,Metro,Organic,0-1
4609,2026-03-02,8,Tier-3,Paid social,0-1
4610,2026-04-06,13,Tier-3,Organic,4-5
4611,2026-03-30,12,Metro,Organic,4-5
4612,2026-03-02,8,Tier-2,Organic,6+
4613,2026-05-04,17,Metro,Flash sale,4-5
4614,2026-02-02,4,Metro,Organic,6+
4615,2026-02-02,4,Metro,Referral,4-5
4616,2026-03-16,10,Metro,Flash sale,4-5
4617,2026-05-04,17,Metro,Paid social,2-3
4618,2026-05-04,17,Metro,Flash sale,0-1
4619,2026-04-13,14,Metro,Referral,4-5
4620,2026-01-05,0,Metro,Flash sale,6+
4621,2026-04-13,14,Tier-3,Flash sale,2-3
4622,2026-01-26,3,Tier-2,Flash sale,2-3
4623,2026-05-04,17,Tier-3,Flash sale,0-1
4624,2026-01-19,2,Metro,Organic,4-5
4625,2026-01-19,2,Tier-2,Flash sale,2-3
4626,2026-03-16,10,Tier-2,Organic,0-1
4627,2026-03-16,10,Metro,Flash sale,0-1
4628,2026-02-16,6,Metro,Organic,2-3
4629,2026-03-09,9,Metro,Organic,2-3
4630,2026-04-13,14,Metro,Organic,2-3
4631,2026-04-06,13,Metro,Organic,4-5
4632,2026-04-13,14,Metro,Organic,4-5
4633,2026-02-02,4,Metro,Organic,6+
4634,2026-03-23,11,Tier-2,Flash sale,2-3
4635,2026-01-19,2,Metro,Flash sale,0-1
4636,2026-02-02,4,Metro,Paid social,4-5
4637,2026-05-18,19,Tier-2,Referral,0-1
4638,2026-01-05,0,Metro,Organic,6+
4639,2026-03-09,9,Metro,Flash sale,0-1
4640,2026-03-09,9,Metro,Flash sale,6+
4641,2026-02-02,4,Metro,Organic,6+
4642,2026-01-12,1,Metro,Flash sale,4-5
4643,2026-01-19,2,Metro,Flash sale,2-3
4644,2026-04-13,14,Metro,Flash sale,2-3
4645,2026-03-23,11,Tier-3,Organic,2-3
4646,2026-03-23,11,Tier-3,Referral,2-3
4647,2026-01-19,2,Metro,Organic,0-1
4648,2026-03-16,10,Metro,Referral,0-1
4649,2026-01-26,3,Metro,Paid social,6+
4650,2026-02-16,6,Tier-2,Organic,0-1
4651,2026-05-18,19,Tier-2,Referral,2-3
4652,2026-03-02,8,Metro,Referral,6+
4653,2026-01-05,0,Metro,Flash sale,0-1
4654,2026-03-23,11,Metro,Organic,6+
4655,2026-01-26,3,Tier-3,Referral,2-3
4656,2026-01-05,0,Tier-3,Flash sale,2-3
4657,2026-04-06,13,Metro,Organic,4-5
4658,2026-03-30,12,Tier-2,Flash sale,6+
4659,2026-02-02,4,Metro,Flash sale,2-3
4660,2026-04-13,14,Tier-2,Organic,0-1
4661,2026-01-26,3,Tier-3,Paid social,6+
4662,2026-03-16,10,Metro,Organic,0-1
4663,2026-03-23,11,Metro,Flash sale,6+
4664,2026-01-19,2,Tier-2,Flash sale,2-3
4665,2026-04-06,13,Metro,Organic,4-5
4666,2026-03-16,10,Tier-2,Referral,6+
4667,2026-03-02,8,Metro,Flash sale,6+
4668,2026-04-13,14,Tier-3,Flash sale,0-1
4669,2026-04-20,15,Metro,Flash sale,6+
4670,2026-03-09,9,Metro,Paid social,4-5
4671,2026-04-27,16,Metro,Paid social,2-3
4672,2026-01-12,1,Metro,Organic,2-3
4673,2026-03-30,12,Metro,Organic,6+
4674,2026-02-09,5,Tier-2,Flash sale,0-1
4675,2026-03-23,11,Metro,Paid social,4-5
4676,2026-03-30,12,Metro,Referral,4-5
4677,2026-04-27,16,Metro,Organic,4-5
4678,2026-03-23,11,Metro,Paid social,2-3
4679,2026-01-05,0,Tier-3,Organic,4-5
4680,2026-05-18,19,Tier-3,Organic,4-5
4681,2026-03-16,10,Metro,Flash sale,6+
4682,2026-01-19,2,Tier-2,Organic,6+
4683,2026-01-19,2,Tier-2,Flash sale,6+
4684,2026-01-05,0,Tier-3,Flash sale,0-1
4685,2026-02-02,4,Metro,Referral,2-3
4686,2026-02-09,5,Metro,Paid social,6+
4687,2026-05-11,18,Metro,Organic,4-5
4688,2026-04-27,16,Tier-3,Flash sale,2-3
4689,2026-01-05,0,Tier-2,Referral,4-5
4690,2026-02-16,6,Metro,Organic,2-3
4691,2026-02-16,6,Metro,Referral,6+
4692,2026-03-09,9,Tier-2,Flash sale,4-5
4693,2026-01-26,3,Tier-3,Organic,2-3
4694,2026-02-09,5,Metro,Paid social,4-5
4695,2026-03-23,11,Tier-2,Flash sale,0-1
4696,2026-03-16,10,Metro,Organic,6+
4697,2026-04-27,16,Metro,Organic,0-1
4698,2026-05-11,18,Metro,Referral,0-1
4699,2026-02-23,7,Tier-2,Paid social,0-1
4700,2026-04-27,16,Tier-3,Organic,0-1
4701,2026-04-27,16,Metro,Organic,0-1
4702,2026-02-16,6,Metro,Organic,0-1
4703,2026-03-02,8,Metro,Flash sale,2-3
4704,2026-03-30,12,Metro,Organic,6+
4705,2026-05-11,18,Metro,Flash sale,0-1
4706,2026-04-20,15,Metro,Organic,4-5
4707,2026-04-27,16,Metro,Flash sale,6+
4708,2026-04-20,15,Metro,Flash sale,6+
4709,2026-01-26,3,Metro,Flash sale,2-3
4710,2026-02-02,4,Tier-2,Organic,0-1
4711,2026-05-04,17,Metro,Flash sale,2-3
4712,2026-03-02,8,Tier-2,Flash sale,4-5
4713,2026-01-26,3,Tier-3,Flash sale,6+
4714,2026-02-09,5,Tier-2,Organic,0-1
4715,2026-03-09,9,Metro,Organic,2-3
4716,2026-03-23,11,Metro,Flash sale,4-5
4717,2026-01-26,3,Tier-2,Organic,4-5
4718,2026-02-09,5,Metro,Flash sale,2-3
4719,2026-02-23,7,Metro,Organic,6+
4720,2026-02-02,4,Metro,Organic,6+
4721,2026-05-18,19,Metro,Flash sale,2-3
4722,2026-01-05,0,Metro,Organic,4-5
4723,2026-04-20,15,Tier-2,Organic,2-3
4724,2026-02-09,5,Metro,Referral,4-5
4725,2026-03-23,11,Metro,Flash sale,2-3
4726,2026-02-16,6,Tier-2,Paid social,2-3
4727,2026-05-11,18,Metro,Organic,2-3
4728,2026-05-18,19,Tier-2,Paid social,0-1
4729,2026-02-23,7,Metro,Referral,4-5
4730,2026-01-05,0,Metro,Organic,6+
4731,2026-01-26,3,Tier-3,Flash sale,2-3
4732,2026-04-13,14,Metro,Flash sale,6+
4733,2026-04-27,16,Metro,Flash sale,2-3
4734,2026-01-05,0,Tier-3,Organic,0-1
4735,2026-01-05,0,Tier-2,Paid social,2-3
4736,2026-03-09,9,Tier-2,Referral,2-3
4737,2026-04-27,16,Metro,Paid social,0-1
4738,2026-04-20,15,Metro,Referral,2-3
4739,2026-01-05,0,Tier-2,Referral,0-1
4740,2026-05-18,19,Metro,Referral,6+
4741,2026-02-09,5,Metro,Flash sale,4-5
4742,2026-02-02,4,Tier-2,Paid social,2-3
4743,2026-02-23,7,Metro,Flash sale,0-1
4744,2026-04-20,15,Metro,Organic,4-5
4745,2026-02-16,6,Metro,Flash sale,4-5
4746,2026-03-30,12,Metro,Organic,2-3
4747,2026-02-02,4,Tier-2,Paid social,6+
4748,2026-01-19,2,Tier-3,Flash sale,0-1
4749,2026-01-19,2,Metro,Flash sale,6+
4750,2026-03-02,8,Metro,Organic,2-3
4751,2026-01-05,0,Metro,Flash sale,2-3
4752,2026-03-23,11,Metro,Organic,2-3
4753,2026-04-20,15,Metro,Flash sale,2-3
4754,2026-03-23,11,Tier-3,Flash sale,0-1
4755,2026-03-09,9,Metro,Flash sale,4-5
4756,2026-01-26,3,Metro,Organic,2-3
4757,2026-01-26,3,Tier-3,Flash sale,4-5
4758,2026-01-19,2,Metro,Flash sale,4-5
4759,2026-01-12,1,Tier-3,Paid social,6+
4760,2026-03-23,11,Metro,Paid social,0-1
4761,2026-02-09,5,Metro,Referral,2-3
4762,2026-04-06,13,Tier-3,Organic,4-5
4763,2026-02-23,7,Metro,Organic,0-1
4764,2026-02-16,6,Metro,Paid social,4-5
4765,2026-03-09,9,Metro,Paid social,2-3
4766,2026-02-23,7,Tier-2,Organic,6+
4767,2026-01-19,2,Tier-2,Flash sale,6+
4768,2026-01-05,0,Metro,Flash sale,6+
4769,2026-05-18,19,Tier-2,Organic,4-5
4770,2026-01-19,2,Tier-2,Paid social,4-5
4771,2026-02-09,5,Metro,Paid social,6+
4772,2026-03-02,8,Metro,Paid social,6+
4773,2026-03-02,8,Metro,Organic,4-5
4774,2026-04-13,14,Metro,Flash sale,6+
4775,2026-04-13,14,Metro,Paid social,6+
4776,2026-03-30,12,Metro,Flash sale,0-1
4777,2026-02-16,6,Metro,Flash sale,4-5
4778,2026-05-18,19,Metro,Flash sale,2-3
4779,2026-01-12,1,Tier-2,Organic,6+
4780,2026-02-16,6,Metro,Flash sale,4-5
4781,2026-02-23,7,Tier-3,Paid social,6+
4782,2026-02-16,6,Tier-3,Organic,2-3
4783,2026-03-23,11,Tier-2,Organic,6+
4784,2026-01-12,1,Tier-3,Flash sale,0-1
4785,2026-04-27,16,Tier-3,Flash sale,6+
4786,2026-01-26,3,Metro,Organic,0-1
4787,2026-02-23,7,Tier-2,Organic,4-5
4788,2026-03-23,11,Metro,Referral,4-5
4789,2026-05-04,17,Tier-2,Organic,4-5
4790,2026-03-23,11,Metro,Flash sale,0-1
4791,2026-03-16,10,Metro,Flash sale,4-5
4792,2026-02-02,4,Metro,Flash sale,4-5
4793,2026-04-13,14,Tier-3,Flash sale,6+
4794,2026-03-23,11,Metro,Flash sale,2-3
4795,2026-01-05,0,Metro,Flash sale,6+
4796,2026-03-02,8,Metro,Flash sale,4-5
4797,2026-05-04,17,Metro,Flash sale,6+
4798,2026-05-04,17,Tier-2,Flash sale,6+
4799,2026-02-02,4,Tier-2,Flash sale,2-3
4800,2026-04-13,14,Metro,Flash sale,2-3
4801,2026-02-16,6,Metro,Flash sale,6+
4802,2026-04-20,15,Metro,Organic,6+
4803,2026-03-16,10,Metro,Referral,6+
4804,2026-02-16,6,Tier-2,Organic,4-5
4805,2026-05-18,19,Tier-2,Paid social,4-5
4806,2026-02-02,4,Metro,Flash sale,0-1
4807,2026-02-16,6,Tier-2,Organic,2-3
4808,2026-05-11,18,Metro,Flash sale,0-1
4809,2026-02-02,4,Tier-2,Organic,6+
4810,2026-01-26,3,Metro,Paid social,0-1
4811,2026-05-18,19,Tier-2,Paid social,6+
4812,2026-03-09,9,Metro,Referral,6+
4813,2026-04-27,16,Tier-3,Flash sale,2-3
4814,2026-01-12,1,Metro,Paid social,4-5
4815,2026-04-06,13,Metro,Flash sale,4-5
4816,2026-01-19,2,Metro,Paid social,4-5
4817,2026-03-02,8,Metro,Organic,4-5
4818,2026-02-02,4,Metro,Paid social,2-3
4819,2026-03-02,8,Tier-2,Flash sale,4-5
4820,2026-02-23,7,Tier-2,Organic,6+
4821,2026-05-18,19,Metro,Paid social,2-3
4822,2026-04-06,13,Tier-2,Flash sale,2-3
4823,2026-01-12,1,Tier-2,Paid social,2-3
4824,2026-03-09,9,Metro,Organic,6+
4825,2026-04-20,15,Metro,Flash sale,6+
4826,2026-03-09,9,Metro,Referral,2-3
4827,2026-03-30,12,Metro,Organic,6+
4828,2026-03-16,10,Tier-2,Referral,6+
4829,2026-05-18,19,Tier-3,Flash sale,2-3
4830,2026-04-06,13,Tier-2,Organic,6+
4831,2026-03-23,11,Metro,Flash sale,6+
4832,2026-05-11,18,Tier-2,Organic,6+
4833,2026-02-09,5,Tier-2,Referral,2-3
4834,2026-04-20,15,Metro,Paid social,0-1
4835,2026-04-20,15,Tier-2,Flash sale,0-1
4836,2026-02-23,7,Metro,Flash sale,6+
4837,2026-05-18,19,Metro,Flash sale,4-5
4838,2026-02-09,5,Metro,Organic,4-5
4839,2026-05-11,18,Metro,Paid social,0-1
4840,2026-01-05,0,Tier-3,Organic,6+
4841,2026-02-09,5,Metro,Flash sale,0-1
4842,2026-02-16,6,Metro,Organic,4-5
4843,2026-02-16,6,Metro,Flash sale,6+
4844,2026-03-02,8,Metro,Referral,0-1
4845,2026-04-20,15,Metro,Organic,4-5
4846,2026-03-02,8,Metro,Organic,6+
4847,2026-03-23,11,Tier-2,Organic,2-3
4848,2026-01-19,2,Metro,Organic,0-1
4849,2026-01-05,0,Tier-2,Flash sale,2-3
4850,2026-02-23,7,Metro,Referral,6+
4851,2026-01-19,2,Tier-2,Flash sale,4-5
4852,2026-01-19,2,Tier-2,Organic,2-3
4853,2026-01-12,1,Metro,Flash sale,4-5
4854,2026-02-09,5,Metro,Referral,0-1
4855,2026-01-26,3,Tier-3,Organic,2-3
4856,2026-01-19,2,Metro,Organic,6+
4857,2026-02-16,6,Tier-2,Referral,2-3
4858,2026-02-09,5,Metro,Organic,6+
4859,2026-05-18,19,Metro,Referral,4-5
4860,2026-03-30,12,Metro,Referral,6+
4861,2026-04-06,13,Tier-3,Paid social,4-5
4862,2026-04-06,13,Metro,Organic,2-3
4863,2026-01-12,1,Tier-2,Organic,6+
4864,2026-03-09,9,Tier-2,Paid social,2-3
4865,2026-03-30,12,Metro,Flash sale,2-3
4866,2026-05-11,18,Metro,Organic,4-5
4867,2026-03-02,8,Metro,Flash sale,6+
4868,2026-02-09,5,Metro,Organic,0-1
4869,2026-04-20,15,Tier-2,Flash sale,6+
4870,2026-01-26,3,Metro,Paid social,2-3
4871,2026-05-04,17,Metro,Flash sale,2-3
4872,2026-02-23,7,Tier-2,Flash sale,0-1
4873,2026-01-12,1,Tier-2,Paid social,0-1
4874,2026-02-23,7,Metro,Flash sale,4-5
4875,2026-05-18,19,Tier-2,Organic,4-5
4876,2026-03-02,8,Metro,Flash sale,0-1
4877,2026-01-12,1,Tier-2,Organic,6+
4878,2026-02-23,7,Metro,Organic,4-5
4879,2026-04-13,14,Metro,Flash sale,0-1
4880,2026-01-12,1,Metro,Organic,6+
4881,2026-05-11,18,Tier-2,Organic,0-1
4882,2026-04-20,15,Tier-2,Flash sale,4-5
4883,2026-04-20,15,Metro,Organic,4-5
4884,2026-04-20,15,Tier-3,Flash sale,6+
4885,2026-01-26,3,Tier-2,Organic,6+
4886,2026-04-27,16,Metro,Flash sale,6+
4887,2026-02-02,4,Tier-2,Paid social,0-1
4888,2026-01-26,3,Metro,Organic,2-3
4889,2026-01-05,0,Tier-3,Referral,2-3
4890,2026-01-19,2,Metro,Organic,2-3
4891,2026-01-19,2,Metro,Organic,0-1
4892,2026-05-04,17,Metro,Organic,0-1
4893,2026-01-12,1,Metro,Organic,6+
4894,2026-03-30,12,Tier-2,Organic,6+
4895,2026-01-12,1,Metro,Referral,4-5
4896,2026-05-18,19,Metro,Referral,4-5
4897,2026-03-23,11,Metro,Paid social,2-3
4898,2026-03-16,10,Tier-3,Paid social,4-5
4899,2026-01-12,1,Tier-2,Flash sale,6+
4900,2026-05-04,17,Metro,Organic,2-3
4901,2026-03-02,8,Metro,Organic,4-5
4902,2026-01-19,2,Metro,Flash sale,6+
4903,2026-04-13,14,Tier-3,Paid social,6+
4904,2026-05-11,18,Tier-2,Organic,0-1
4905,2026-01-05,0,Tier-2,Organic,0-1
4906,2026-02-02,4,Tier-3,Flash sale,0-1
4907,2026-03-30,12,Metro,Paid social,0-1
4908,2026-01-12,1,Tier-2,Flash sale,4-5
4909,2026-04-20,15,Metro,Referral,2-3
4910,2026-03-30,12,Metro,Flash sale,0-1
4911,2026-03-16,10,Metro,Organic,0-1
4912,2026-02-16,6,Metro,Flash sale,4-5
4913,2026-03-09,9,Tier-3,Referral,6+
4914,2026-01-12,1,Metro,Referral,4-5
4915,2026-04-13,14,Tier-2,Flash sale,4-5
4916,2026-03-30,12,Tier-2,Organic,0-1
4917,2026-03-16,10,Tier-2,Organic,2-3
4918,2026-04-20,15,Tier-3,Organic,6+
4919,2026-03-16,10,Metro,Organic,6+
4920,2026-03-02,8,Metro,Organic,6+
4921,2026-04-27,16,Metro,Flash sale,4-5
4922,2026-05-11,18,Metro,Referral,2-3
4923,2026-04-27,16,Tier-3,Referral,4-5
4924,2026-03-16,10,Metro,Referral,6+
4925,2026-02-23,7,Metro,Paid social,0-1
4926,2026-01-19,2,Metro,Paid social,6+
4927,2026-03-02,8,Metro,Organic,6+
4928,2026-04-27,16,Tier-2,Organic,6+
4929,2026-04-27,16,Metro,Organic,4-5
4930,2026-01-19,2,Tier-2,Paid social,2-3
4931,2026-03-16,10,Tier-2,Organic,6+
4932,2026-04-06,13,Tier-2,Organic,0-1
4933,2026-04-06,13,Metro,Flash sale,6+
4934,2026-05-04,17,Tier-2,Flash sale,2-3
4935,2026-01-12,1,Metro,Flash sale,4-5
4936,2026-03-09,9,Metro,Referral,2-3
4937,2026-01-12,1,Tier-2,Flash sale,0-1
4938,2026-04-13,14,Tier-2,Paid social,6+
4939,2026-03-16,10,Metro,Organic,4-5
4940,2026-03-02,8,Tier-3,Paid social,4-5
4941,2026-04-27,16,Metro,Flash sale,0-1
4942,2026-04-27,16,Tier-2,Organic,6+
4943,2026-02-16,6,Tier-3,Paid social,6+
4944,2026-04-27,16,Metro,Paid social,6+
4945,2026-05-18,19,Tier-2,Referral,0-1
4946,2026-01-12,1,Tier-2,Paid social,0-1
4947,2026-04-20,15,Tier-2,Organic,2-3
4948,2026-01-19,2,Tier-2,Organic,0-1
4949,2026-04-20,15,Tier-2,Organic,4-5
4950,2026-04-06,13,Metro,Paid social,2-3
4951,2026-04-27,16,Tier-2,Referral,4-5
4952,2026-03-23,11,Metro,Paid social,6+
4953,2026-02-09,5,Tier-3,Referral,4-5
4954,2026-04-06,13,Metro,Flash sale,2-3
4955,2026-02-16,6,Metro,Organic,6+
4956,2026-01-05,0,Tier-3,Organic,2-3
4957,2026-01-19,2,Metro,Flash sale,6+
4958,2026-05-04,17,Metro,Referral,6+
4959,2026-02-23,7,Tier-2,Organic,6+
4960,2026-01-19,2,Metro,Paid social,4-5
4961,2026-01-05,0,Metro,Flash sale,2-3
4962,2026-01-05,0,Metro,Organic,2-3
4963,2026-04-20,15,Metro,Paid social,4-5
4964,2026-01-19,2,Metro,Flash sale,6+
4965,2026-04-27,16,Metro,Referral,6+
4966,2026-03-23,11,Metro,Organic,4-5
4967,2026-02-02,4,Metro,Organic,2-3
4968,2026-05-11,18,Metro,Organic,2-3
4969,2026-03-09,9,Tier-2,Flash sale,0-1
4970,2026-02-23,7,Tier-2,Referral,0-1
4971,2026-04-06,13,Metro,Paid social,0-1
4972,2026-04-06,13,Metro,Paid social,6+
4973,2026-04-13,14,Tier-3,Organic,4-5
4974,2026-03-30,12,Tier-2,Paid social,0-1
4975,2026-05-18,19,Metro,Organic,4-5
4976,2026-03-02,8,Metro,Organic,0-1
4977,2026-02-02,4,Metro,Referral,2-3
4978,2026-01-19,2,Tier-2,Paid social,2-3
4979,2026-02-02,4,Tier-3,Paid social,0-1
4980,2026-04-20,15,Tier-3,Referral,4-5
4981,2026-05-04,17,Metro,Organic,0-1
4982,2026-02-09,5,Metro,Organic,2-3
4983,2026-01-12,1,Metro,Organic,2-3
4984,2026-04-13,14,Metro,Flash sale,4-5
4985,2026-04-20,15,Metro,Flash sale,0-1
4986,2026-01-12,1,Tier-2,Organic,2-3
4987,2026-01-19,2,Metro,Flash sale,6+
4988,2026-02-16,6,Tier-3,Flash sale,2-3
4989,2026-03-09,9,Metro,Referral,6+
4990,2026-01-19,2,Metro,Flash sale,2-3
4991,2026-03-23,11,Tier-3,Organic,6+
4992,2026-03-09,9,Tier-2,Flash sale,0-1
4993,2026-04-20,15,Metro,Flash sale,6+
4994,2026-05-18,19,Tier-2,Organic,2-3
4995,2026-01-19,2,Metro,Organic,6+
4996,2026-03-09,9,Metro,Paid social,4-5
4997,2026-04-27,16,Metro,Referral,4-5
4998,2026-01-05,0,Metro,Organic,0-1
4999,2026-05-04,17,Tier-2,Flash sale,4-5
5000,2026-02-23,7,Metro,Flash sale,4-5
5001,2026-04-20,15,Tier-2,Organic,6+
5002,2026-03-30,12,Tier-2,Organic,2-3
5003,2026-05-11,18,Metro,Paid social,4-5
5004,2026-01-26,3,Metro,Flash sale,0-1
5005,2026-05-04,17,Metro,Organic,2-3
5006,2026-03-23,11,Tier-2,Referral,2-3
5007,2026-04-20,15,Tier-2,Flash sale,0-1
5008,2026-04-20,15,Tier-2,Flash sale,6+
5009,2026-03-23,11,Metro,Organic,4-5
5010,2026-03-09,9,Metro,Organic,0-1
5011,2026-04-27,16,Metro,Organic,6+
5012,2026-03-16,10,Metro,Paid social,4-5
5013,2026-05-18,19,Tier-2,Flash sale,4-5
5014,2026-04-06,13,Metro,Referral,6+
5015,2026-03-30,12,Metro,Organic,2-3
5016,2026-03-23,11,Metro,Referral,2-3
5017,2026-02-02,4,Metro,Flash sale,4-5
5018,2026-04-13,14,Tier-2,Flash sale,6+
5019,2026-02-02,4,Metro,Organic,6+
5020,2026-03-30,12,Tier-3,Flash sale,6+
5021,2026-04-20,15,Tier-2,Organic,6+
5022,2026-03-09,9,Tier-3,Organic,0-1
5023,2026-05-18,19,Tier-2,Referral,2-3
5024,2026-01-26,3,Tier-2,Organic,2-3
5025,2026-02-02,4,Tier-2,Organic,2-3
5026,2026-02-16,6,Metro,Paid social,6+
5027,2026-05-18,19,Metro,Organic,2-3
5028,2026-03-16,10,Tier-2,Flash sale,6+
5029,2026-02-09,5,Metro,Referral,6+
5030,2026-05-18,19,Metro,Referral,2-3
5031,2026-03-02,8,Tier-3,Organic,0-1
5032,2026-02-09,5,Metro,Flash sale,4-5
5033,2026-05-11,18,Metro,Flash sale,6+
5034,2026-01-26,3,Tier-2,Organic,2-3
5035,2026-05-18,19,Metro,Referral,0-1
5036,2026-01-05,0,Tier-3,Paid social,4-5
5037,2026-03-23,11,Metro,Organic,6+
5038,2026-03-23,11,Tier-3,Organic,4-5
5039,2026-05-18,19,Tier-2,Referral,2-3
5040,2026-05-11,18,Metro,Flash sale,2-3
5041,2026-04-27,16,Metro,Referral,4-5
5042,2026-05-11,18,Metro,Organic,2-3
5043,2026-05-04,17,Metro,Organic,4-5
5044,2026-03-16,10,Metro,Flash sale,6+
5045,2026-05-04,17,Tier-3,Paid social,6+
5046,2026-04-20,15,Metro,Organic,6+
5047,2026-02-23,7,Tier-2,Paid social,6+
5048,2026-05-04,17,Metro,Organic,6+
5049,2026-01-05,0,Tier-3,Organic,0-1
5050,2026-01-19,2,Metro,Flash sale,2-3
5051,2026-01-26,3,Metro,Organic,2-3
5052,2026-03-16,10,Tier-2,Flash sale,6+
5053,2026-01-12,1,Metro,Organic,0-1
5054,2026-02-02,4,Tier-2,Flash sale,6+
5055,2026-02-02,4,Metro,Organic,4-5
5056,2026-02-02,4,Metro,Referral,0-1
5057,2026-01-12,1,Metro,Paid social,4-5
5058,2026-02-02,4,Tier-2,Flash sale,2-3
5059,2026-02-09,5,Metro,Flash sale,2-3
5060,2026-04-20,15,Metro,Paid social,6+
5061,2026-03-23,11,Metro,Organic,6+
5062,2026-02-16,6,Metro,Referral,6+
5063,2026-01-19,2,Metro,Flash sale,2-3
5064,2026-03-16,10,Tier-3,Paid social,4-5
5065,2026-02-16,6,Metro,Organic,2-3
5066,2026-04-06,13,Tier-2,Organic,4-5
5067,2026-02-02,4,Metro,Organic,2-3
5068,2026-05-18,19,Metro,Organic,4-5
5069,2026-01-12,1,Metro,Organic,4-5
5070,2026-04-27,16,Metro,Paid social,2-3
5071,2026-04-06,13,Metro,Organic,0-1
5072,2026-04-06,13,Metro,Organic,0-1
5073,2026-05-04,17,Metro,Organic,6+
5074,2026-03-09,9,Tier-3,Flash sale,6+
5075,2026-04-13,14,Metro,Flash sale,4-5
5076,2026-03-16,10,Metro,Organic,0-1
5077,2026-04-06,13,Metro,Referral,4-5
5078,2026-03-23,11,Metro,Referral,2-3
5079,2026-05-18,19,Tier-2,Organic,0-1
5080,2026-02-16,6,Metro,Referral,2-3
5081,2026-04-13,14,Tier-2,Organic,6+
5082,2026-01-26,3,Metro,Flash sale,6+
5083,2026-01-05,0,Metro,Paid social,6+
5084,2026-04-13,14,Tier-3,Paid social,0-1
5085,2026-02-02,4,Metro,Organic,4-5
5086,2026-01-05,0,Tier-2,Flash sale,4-5
5087,2026-03-30,12,Metro,Organic,2-3
5088,2026-03-30,12,Tier-3,Flash sale,2-3
5089,2026-03-30,12,Metro,Flash sale,2-3
5090,2026-03-09,9,Metro,Organic,0-1
5091,2026-04-27,16,Tier-2,Paid social,2-3
5092,2026-01-05,0,Metro,Referral,2-3
5093,2026-01-26,3,Metro,Organic,2-3
5094,2026-02-23,7,Tier-3,Paid social,4-5
5095,2026-05-18,19,Tier-2,Referral,4-5
5096,2026-04-13,14,Tier-2,Organic,0-1
5097,2026-03-16,10,Tier-2,Flash sale,2-3
5098,2026-05-11,18,Tier-2,Paid social,0-1
5099,2026-05-11,18,Tier-3,Paid social,6+
5100,2026-01-19,2,Tier-2,Organic,6+
5101,2026-03-16,10,Metro,Flash sale,2-3
5102,2026-05-18,19,Metro,Paid social,6+
5103,2026-01-26,3,Tier-2,Paid social,4-5
5104,2026-01-26,3,Tier-2,Organic,6+
5105,2026-02-23,7,Metro,Flash sale,6+
5106,2026-05-18,19,Metro,Paid social,4-5
5107,2026-02-02,4,Metro,Organic,2-3
5108,2026-03-30,12,Metro,Flash sale,4-5
5109,2026-02-09,5,Tier-2,Flash sale,0-1
5110,2026-04-13,14,Metro,Flash sale,2-3
5111,2026-05-04,17,Tier-2,Referral,4-5
5112,2026-01-05,0,Tier-2,Organic,0-1
5113,2026-02-23,7,Tier-3,Referral,2-3
5114,2026-03-23,11,Metro,Organic,6+
5115,2026-01-26,3,Tier-3,Referral,6+
5116,2026-03-30,12,Tier-2,Flash sale,6+
5117,2026-02-23,7,Tier-2,Organic,6+
5118,2026-01-05,0,Metro,Paid social,2-3
5119,2026-03-30,12,Metro,Referral,4-5
5120,2026-01-05,0,Tier-2,Organic,2-3
5121,2026-02-02,4,Metro,Organic,6+
5122,2026-01-26,3,Metro,Flash sale,0-1
5123,2026-01-12,1,Tier-2,Paid social,2-3
5124,2026-03-02,8,Tier-2,Organic,6+
5125,2026-05-04,17,Metro,Paid social,0-1
5126,2026-02-16,6,Metro,Organic,4-5
5127,2026-02-02,4,Metro,Referral,2-3
5128,2026-04-27,16,Tier-3,Organic,2-3
5129,2026-05-11,18,Tier-3,Organic,4-5
5130,2026-02-16,6,Metro,Paid social,6+
5131,2026-01-05,0,Metro,Organic,0-1
5132,2026-04-20,15,Metro,Paid social,6+
5133,2026-04-06,13,Metro,Organic,0-1
5134,2026-05-18,19,Tier-3,Organic,0-1
5135,2026-04-06,13,Metro,Paid social,6+
5136,2026-05-11,18,Metro,Flash sale,0-1
5137,2026-01-26,3,Metro,Organic,2-3
5138,2026-01-26,3,Metro,Flash sale,0-1
5139,2026-04-06,13,Tier-2,Organic,0-1
5140,2026-04-13,14,Tier-2,Paid social,0-1
5141,2026-02-23,7,Tier-2,Organic,2-3
5142,2026-03-02,8,Metro,Flash sale,2-3
5143,2026-02-23,7,Tier-3,Organic,0-1
5144,2026-01-05,0,Metro,Flash sale,4-5
5145,2026-05-04,17,Tier-2,Paid social,0-1
5146,2026-05-11,18,Tier-3,Referral,2-3
5147,2026-05-18,19,Metro,Organic,2-3
5148,2026-03-16,10,Tier-3,Organic,4-5
5149,2026-01-26,3,Metro,Organic,2-3
5150,2026-03-02,8,Tier-2,Paid social,2-3
5151,2026-04-06,13,Metro,Organic,6+
5152,2026-01-26,3,Metro,Flash sale,0-1
5153,2026-01-26,3,Metro,Organic,2-3
5154,2026-05-18,19,Metro,Paid social,4-5
5155,2026-01-05,0,Metro,Flash sale,4-5
5156,2026-03-23,11,Metro,Flash sale,4-5
5157,2026-01-19,2,Tier-2,Paid social,4-5
5158,2026-01-05,0,Metro,Paid social,6+
5159,2026-03-30,12,Metro,Flash sale,6+
5160,2026-01-26,3,Tier-3,Referral,4-5
5161,2026-04-13,14,Tier-3,Flash sale,6+
5162,2026-04-27,16,Metro,Flash sale,0-1
5163,2026-03-16,10,Metro,Organic,2-3
5164,2026-01-26,3,Tier-2,Referral,6+
5165,2026-05-18,19,Tier-2,Referral,0-1
5166,2026-02-23,7,Metro,Organic,6+
5167,2026-04-20,15,Tier-2,Organic,0-1
5168,2026-01-26,3,Metro,Referral,6+
5169,2026-01-26,3,Metro,Organic,0-1
5170,2026-04-06,13,Tier-2,Flash sale,4-5
5171,2026-02-02,4,Tier-2,Referral,6+
5172,2026-03-16,10,Tier-2,Organic,6+
5173,2026-03-23,11,Metro,Organic,4-5
5174,2026-01-19,2,Metro,Organic,6+
5175,2026-02-16,6,Metro,Organic,0-1
5176,2026-01-26,3,Metro,Flash sale,0-1
5177,2026-01-05,0,Metro,Referral,0-1
5178,2026-05-11,18,Metro,Paid social,4-5
5179,2026-01-05,0,Metro,Organic,6+
5180,2026-04-27,16,Tier-2,Referral,6+
5181,2026-03-02,8,Metro,Organic,4-5
5182,2026-02-09,5,Metro,Referral,0-1
5183,2026-03-16,10,Tier-2,Organic,0-1
5184,2026-05-11,18,Metro,Flash sale,4-5
5185,2026-04-06,13,Tier-3,Flash sale,6+
5186,2026-01-12,1,Metro,Organic,6+
5187,2026-04-20,15,Metro,Paid social,4-5
5188,2026-04-20,15,Tier-3,Organic,6+
5189,2026-05-18,19,Tier-2,Organic,2-3
5190,2026-02-02,4,Tier-2,Flash sale,0-1
5191,2026-04-27,16,Tier-2,Flash sale,2-3
5192,2026-02-23,7,Metro,Organic,0-1
5193,2026-02-23,7,Tier-2,Organic,4-5
5194,2026-03-30,12,Tier-3,Organic,2-3
5195,2026-03-16,10,Tier-3,Paid social,2-3
5196,2026-02-02,4,Metro,Flash sale,0-1
5197,2026-02-02,4,Metro,Organic,6+
5198,2026-04-06,13,Tier-2,Organic,2-3
5199,2026-05-18,19,Metro,Paid social,6+
5200,2026-02-02,4,Metro,Paid social,4-5
5201,2026-03-16,10,Metro,Organic,4-5
5202,2026-02-16,6,Metro,Flash sale,2-3
5203,2026-02-02,4,Metro,Organic,4-5
5204,2026-04-20,15,Metro,Organic,0-1
5205,2026-04-13,14,Metro,Paid social,6+
5206,2026-03-09,9,Metro,Paid social,2-3
5207,2026-03-09,9,Tier-3,Organic,0-1
5208,2026-03-02,8,Metro,Paid social,6+
5209,2026-05-18,19,Metro,Referral,0-1
5210,2026-05-11,18,Metro,Referral,2-3
5211,2026-01-12,1,Metro,Referral,6+
5212,2026-04-27,16,Tier-3,Flash sale,2-3
5213,2026-02-16,6,Tier-3,Paid social,0-1
5214,2026-04-06,13,Metro,Organic,0-1
5215,2026-05-11,18,Metro,Flash sale,4-5
5216,2026-03-02,8,Metro,Organic,4-5
5217,2026-03-09,9,Metro,Referral,4-5
5218,2026-03-30,12,Metro,Organic,4-5
5219,2026-02-16,6,Metro,Flash sale,2-3
5220,2026-02-09,5,Metro,Referral,6+
5221,2026-03-30,12,Tier-2,Organic,0-1
5222,2026-02-02,4,Metro,Organic,6+
5223,2026-04-06,13,Metro,Organic,6+
5224,2026-02-02,4,Metro,Referral,0-1
5225,2026-01-12,1,Metro,Organic,0-1
5226,2026-01-19,2,Metro,Flash sale,4-5
5227,2026-02-09,5,Metro,Flash sale,0-1
5228,2026-01-19,2,Metro,Paid social,6+
5229,2026-02-16,6,Metro,Referral,2-3
5230,2026-03-02,8,Tier-2,Organic,6+
5231,2026-02-02,4,Tier-3,Paid social,0-1
5232,2026-03-16,10,Metro,Referral,0-1
5233,2026-02-23,7,Metro,Referral,4-5
5234,2026-01-12,1,Tier-2,Flash sale,6+
5235,2026-02-16,6,Tier-2,Organic,6+
5236,2026-01-05,0,Metro,Referral,6+
5237,2026-04-13,14,Metro,Flash sale,4-5
5238,2026-03-02,8,Metro,Organic,0-1
5239,2026-03-23,11,Tier-2,Organic,4-5
5240,2026-01-19,2,Metro,Organic,4-5
5241,2026-03-02,8,Metro,Flash sale,2-3
5242,2026-04-27,16,Metro,Organic,6+
5243,2026-02-02,4,Metro,Flash sale,6+
5244,2026-05-18,19,Metro,Referral,6+
5245,2026-03-02,8,Tier-2,Organic,6+
5246,2026-01-19,2,Metro,Organic,4-5
5247,2026-01-26,3,Metro,Organic,6+
5248,2026-03-09,9,Metro,Organic,0-1
5249,2026-05-18,19,Tier-2,Referral,0-1
5250,2026-03-09,9,Metro,Flash sale,4-5
5251,2026-01-26,3,Metro,Paid social,0-1
5252,2026-02-23,7,Metro,Paid social,6+
5253,2026-05-04,17,Tier-2,Organic,0-1
5254,2026-05-18,19,Tier-2,Flash sale,2-3
5255,2026-03-30,12,Tier-3,Flash sale,2-3
5256,2026-05-04,17,Tier-2,Flash sale,4-5
5257,2026-04-27,16,Metro,Organic,0-1
5258,2026-03-02,8,Metro,Organic,6+
5259,2026-05-04,17,Metro,Flash sale,6+
5260,2026-01-12,1,Tier-2,Flash sale,4-5
5261,2026-04-27,16,Tier-2,Organic,0-1
5262,2026-03-23,11,Metro,Organic,2-3
5263,2026-03-23,11,Tier-3,Flash sale,0-1
5264,2026-05-11,18,Metro,Referral,4-5
5265,2026-02-09,5,Metro,Flash sale,6+
5266,2026-01-26,3,Metro,Organic,6+
5267,2026-04-06,13,Tier-3,Organic,6+
5268,2026-04-13,14,Tier-3,Referral,4-5
5269,2026-01-05,0,Metro,Referral,0-1
5270,2026-03-09,9,Tier-3,Organic,2-3
5271,2026-02-23,7,Tier-3,Flash sale,2-3
5272,2026-04-27,16,Tier-2,Flash sale,0-1
5273,2026-05-04,17,Tier-3,Flash sale,6+
5274,2026-01-19,2,Metro,Organic,4-5
5275,2026-03-23,11,Tier-2,Flash sale,6+
5276,2026-04-13,14,Tier-2,Paid social,6+
5277,2026-02-09,5,Tier-2,Organic,4-5
5278,2026-05-11,18,Metro,Organic,0-1
5279,2026-05-04,17,Tier-2,Organic,2-3
5280,2026-01-26,3,Tier-3,Organic,2-3
5281,2026-01-05,0,Metro,Paid social,4-5
5282,2026-03-23,11,Tier-3,Paid social,4-5
5283,2026-05-04,17,Metro,Organic,6+
5284,2026-04-06,13,Metro,Paid social,0-1
5285,2026-04-20,15,Metro,Organic,0-1
5286,2026-04-13,14,Tier-2,Flash sale,6+
5287,2026-01-19,2,Tier-2,Flash sale,2-3
5288,2026-01-12,1,Metro,Organic,6+
5289,2026-01-12,1,Tier-2,Flash sale,6+
5290,2026-05-18,19,Metro,Flash sale,0-1
5291,2026-05-18,19,Metro,Organic,4-5
5292,2026-04-27,16,Tier-3,Paid social,0-1
5293,2026-01-12,1,Tier-2,Organic,0-1
5294,2026-05-04,17,Tier-2,Organic,0-1
5295,2026-05-18,19,Tier-2,Paid social,6+
5296,2026-04-20,15,Tier-3,Flash sale,0-1
5297,2026-03-02,8,Metro,Organic,4-5
5298,2026-01-12,1,Metro,Organic,2-3
5299,2026-02-23,7,Metro,Organic,2-3
5300,2026-02-02,4,Tier-2,Organic,0-1
5301,2026-04-06,13,Tier-2,Organic,2-3
5302,2026-05-04,17,Tier-2,Flash sale,2-3
5303,2026-03-09,9,Metro,Flash sale,2-3
5304,2026-01-05,0,Metro,Paid social,4-5
5305,2026-02-23,7,Tier-2,Paid social,6+
5306,2026-04-20,15,Tier-3,Organic,2-3
5307,2026-03-30,12,Metro,Paid social,0-1
5308,2026-01-05,0,Metro,Paid social,4-5
5309,2026-02-23,7,Metro,Paid social,6+
5310,2026-02-23,7,Metro,Referral,4-5
5311,2026-01-05,0,Metro,Organic,4-5
5312,2026-02-16,6,Metro,Organic,4-5
5313,2026-04-27,16,Tier-2,Paid social,6+
5314,2026-01-19,2,Metro,Flash sale,0-1
5315,2026-03-16,10,Metro,Paid social,6+
5316,2026-04-06,13,Metro,Referral,6+
5317,2026-04-06,13,Tier-3,Organic,6+
5318,2026-02-16,6,Metro,Organic,2-3
5319,2026-03-23,11,Metro,Paid social,6+
5320,2026-04-13,14,Metro,Organic,0-1
5321,2026-03-30,12,Tier-2,Referral,2-3
5322,2026-04-27,16,Tier-3,Paid social,6+
5323,2026-02-02,4,Metro,Organic,2-3
5324,2026-01-19,2,Metro,Organic,6+
5325,2026-05-11,18,Metro,Flash sale,2-3
5326,2026-04-13,14,Tier-2,Referral,4-5
5327,2026-03-02,8,Tier-3,Flash sale,4-5
5328,2026-03-23,11,Metro,Organic,6+
5329,2026-05-11,18,Metro,Organic,2-3
5330,2026-05-04,17,Tier-2,Organic,6+
5331,2026-04-27,16,Tier-2,Organic,2-3
5332,2026-03-23,11,Metro,Organic,2-3
5333,2026-04-13,14,Metro,Referral,0-1
5334,2026-03-23,11,Metro,Organic,0-1
5335,2026-03-09,9,Tier-2,Referral,6+
5336,2026-04-06,13,Tier-2,Paid social,0-1
5337,2026-01-05,0,Tier-2,Flash sale,0-1
5338,2026-04-27,16,Tier-2,Flash sale,0-1
5339,2026-02-16,6,Metro,Organic,2-3
5340,2026-03-16,10,Metro,Flash sale,0-1
5341,2026-04-06,13,Metro,Organic,4-5
5342,2026-02-16,6,Tier-3,Organic,6+
5343,2026-02-16,6,Tier-2,Flash sale,4-5
5344,2026-01-26,3,Metro,Organic,4-5
5345,2026-01-12,1,Metro,Organic,6+
5346,2026-05-04,17,Tier-2,Flash sale,6+
5347,2026-03-16,10,Tier-2,Flash sale,4-5
5348,2026-04-06,13,Tier-2,Organic,0-1
5349,2026-01-26,3,Metro,Organic,6+
5350,2026-05-04,17,Tier-3,Organic,6+
5351,2026-02-16,6,Tier-2,Flash sale,2-3
5352,2026-03-09,9,Tier-2,Flash sale,0-1
5353,2026-03-16,10,Tier-2,Organic,0-1
5354,2026-04-13,14,Tier-3,Flash sale,2-3
5355,2026-01-19,2,Tier-3,Paid social,4-5
5356,2026-05-11,18,Tier-2,Flash sale,6+
5357,2026-01-19,2,Metro,Flash sale,0-1
5358,2026-03-30,12,Metro,Flash sale,2-3
5359,2026-02-02,4,Tier-2,Paid social,6+
5360,2026-05-11,18,Tier-2,Paid social,0-1
5361,2026-03-23,11,Metro,Organic,6+
5362,2026-05-11,18,Metro,Organic,0-1
5363,2026-05-11,18,Tier-3,Organic,2-3
5364,2026-02-09,5,Tier-3,Referral,0-1
5365,2026-02-02,4,Tier-3,Organic,6+
5366,2026-01-19,2,Metro,Paid social,2-3
5367,2026-04-13,14,Tier-2,Organic,2-3
5368,2026-01-05,0,Tier-2,Flash sale,4-5
5369,2026-01-26,3,Metro,Organic,2-3
5370,2026-05-11,18,Metro,Flash sale,6+
5371,2026-03-30,12,Tier-3,Flash sale,2-3
5372,2026-03-09,9,Metro,Referral,6+
5373,2026-01-19,2,Tier-2,Flash sale,4-5
5374,2026-04-27,16,Tier-2,Flash sale,4-5
5375,2026-04-27,16,Tier-2,Referral,6+
5376,2026-01-05,0,Metro,Paid social,4-5
5377,2026-04-13,14,Tier-2,Referral,2-3
5378,2026-02-16,6,Metro,Referral,4-5
5379,2026-04-06,13,Tier-2,Flash sale,4-5
5380,2026-02-09,5,Metro,Paid social,2-3
5381,2026-01-05,0,Tier-2,Flash sale,2-3
5382,2026-04-20,15,Tier-2,Paid social,6+
5383,2026-04-27,16,Metro,Referral,2-3
5384,2026-04-06,13,Metro,Organic,0-1
5385,2026-01-26,3,Tier-2,Organic,4-5
5386,2026-03-09,9,Metro,Referral,0-1
5387,2026-03-16,10,Metro,Flash sale,6+
5388,2026-04-20,15,Metro,Flash sale,6+
5389,2026-04-20,15,Tier-3,Paid social,4-5
5390,2026-05-04,17,Tier-2,Flash sale,0-1
5391,2026-03-30,12,Metro,Organic,6+
5392,2026-05-11,18,Tier-3,Flash sale,0-1
5393,2026-04-27,16,Metro,Organic,0-1
5394,2026-02-02,4,Metro,Flash sale,2-3
5395,2026-04-13,14,Metro,Paid social,4-5
5396,2026-01-12,1,Metro,Organic,4-5
5397,2026-04-20,15,Metro,Referral,2-3
5398,2026-02-02,4,Tier-2,Referral,6+
5399,2026-02-09,5,Metro,Organic,6+
5400,2026-03-23,11,Tier-2,Referral,0-1
5401,2026-02-23,7,Metro,Referral,0-1
5402,2026-03-30,12,Metro,Flash sale,4-5
5403,2026-03-16,10,Metro,Organic,0-1
5404,2026-03-30,12,Tier-2,Organic,2-3
5405,2026-03-23,11,Tier-2,Flash sale,6+
5406,2026-02-02,4,Metro,Organic,0-1
5407,2026-04-06,13,Metro,Organic,2-3
5408,2026-05-18,19,Metro,Paid social,6+
5409,2026-03-23,11,Tier-2,Referral,4-5
5410,2026-03-30,12,Metro,Referral,4-5
5411,2026-04-13,14,Tier-2,Paid social,6+
5412,2026-01-12,1,Metro,Organic,6+
5413,2026-01-26,3,Metro,Organic,2-3
5414,2026-03-23,11,Tier-2,Flash sale,4-5
5415,2026-02-23,7,Metro,Flash sale,4-5
5416,2026-04-06,13,Metro,Organic,2-3
5417,2026-05-11,18,Tier-3,Referral,6+
5418,2026-04-20,15,Metro,Organic,4-5
5419,2026-02-02,4,Metro,Flash sale,4-5
5420,2026-02-16,6,Metro,Flash sale,2-3
5421,2026-01-19,2,Metro,Flash sale,0-1
5422,2026-01-12,1,Tier-2,Organic,0-1
5423,2026-04-13,14,Metro,Organic,6+
5424,2026-04-06,13,Tier-3,Paid social,4-5
5425,2026-01-26,3,Tier-2,Paid social,4-5
5426,2026-04-13,14,Tier-3,Flash sale,0-1
5427,2026-03-09,9,Tier-2,Organic,6+
5428,2026-05-04,17,Tier-3,Flash sale,2-3
5429,2026-04-13,14,Tier-2,Organic,4-5
5430,2026-02-09,5,Metro,Organic,2-3
5431,2026-03-09,9,Metro,Organic,0-1
5432,2026-02-02,4,Tier-2,Organic,0-1
5433,2026-05-11,18,Metro,Organic,6+
5434,2026-03-16,10,Tier-2,Organic,0-1
5435,2026-05-04,17,Metro,Referral,0-1
5436,2026-03-16,10,Tier-2,Flash sale,2-3
5437,2026-03-16,10,Metro,Flash sale,6+
5438,2026-01-26,3,Tier-3,Organic,4-5
5439,2026-05-18,19,Metro,Paid social,6+
5440,2026-04-06,13,Metro,Organic,0-1
5441,2026-02-09,5,Tier-2,Organic,6+
5442,2026-04-27,16,Tier-2,Flash sale,0-1
5443,2026-02-02,4,Tier-2,Referral,0-1
5444,2026-01-12,1,Tier-3,Referral,2-3
5445,2026-04-06,13,Metro,Flash sale,2-3
5446,2026-04-13,14,Tier-2,Organic,2-3
5447,2026-03-23,11,Metro,Organic,0-1
5448,2026-04-13,14,Metro,Flash sale,2-3
5449,2026-02-09,5,Metro,Organic,2-3
5450,2026-02-09,5,Metro,Organic,4-5
5451,2026-02-23,7,Tier-2,Organic,2-3
5452,2026-02-02,4,Tier-2,Paid social,0-1
5453,2026-02-02,4,Metro,Organic,4-5
5454,2026-01-05,0,Tier-3,Organic,4-5
5455,2026-02-02,4,Metro,Paid social,2-3
5456,2026-03-16,10,Metro,Referral,0-1
5457,2026-02-23,7,Tier-2,Flash sale,6+
5458,2026-03-02,8,Metro,Flash sale,4-5
5459,2026-05-11,18,Metro,Organic,2-3
5460,2026-01-05,0,Tier-2,Referral,4-5
5461,2026-04-27,16,Metro,Organic,2-3
5462,2026-01-05,0,Metro,Paid social,0-1
5463,2026-03-16,10,Tier-2,Organic,4-5
5464,2026-01-19,2,Metro,Flash sale,0-1
5465,2026-03-09,9,Tier-2,Flash sale,2-3
5466,2026-05-04,17,Tier-2,Organic,4-5
5467,2026-01-05,0,Metro,Organic,4-5
5468,2026-03-16,10,Metro,Referral,6+
5469,2026-03-09,9,Metro,Organic,4-5
5470,2026-03-09,9,Tier-2,Paid social,0-1
5471,2026-03-30,12,Metro,Organic,4-5
5472,2026-02-16,6,Tier-3,Flash sale,6+
5473,2026-04-20,15,Metro,Flash sale,4-5
5474,2026-02-02,4,Tier-2,Flash sale,4-5
5475,2026-02-23,7,Metro,Flash sale,6+
5476,2026-03-09,9,Metro,Referral,4-5
5477,2026-05-11,18,Metro,Flash sale,6+
5478,2026-03-16,10,Tier-2,Flash sale,4-5
5479,2026-04-27,16,Tier-3,Flash sale,0-1
5480,2026-01-19,2,Metro,Flash sale,0-1
5481,2026-01-12,1,Metro,Organic,2-3
5482,2026-03-16,10,Metro,Organic,2-3
5483,2026-05-11,18,Metro,Flash sale,6+
5484,2026-02-02,4,Tier-3,Paid social,4-5
5485,2026-02-02,4,Tier-3,Organic,0-1
5486,2026-01-19,2,Tier-3,Flash sale,2-3
5487,2026-05-11,18,Metro,Organic,4-5
5488,2026-01-12,1,Metro,Flash sale,6+
5489,2026-03-30,12,Tier-2,Referral,4-5
5490,2026-02-23,7,Metro,Referral,0-1
5491,2026-03-02,8,Tier-2,Referral,0-1
5492,2026-04-13,14,Metro,Referral,2-3
5493,2026-03-02,8,Metro,Organic,2-3
5494,2026-01-05,0,Tier-3,Flash sale,0-1
5495,2026-03-23,11,Metro,Organic,6+
5496,2026-01-05,0,Tier-3,Paid social,0-1
5497,2026-04-27,16,Metro,Referral,0-1
5498,2026-05-11,18,Metro,Organic,0-1
5499,2026-04-27,16,Metro,Organic,0-1
5500,2026-03-02,8,Metro,Flash sale,4-5
5501,2026-03-02,8,Metro,Paid social,6+
5502,2026-03-23,11,Metro,Organic,6+
5503,2026-04-27,16,Tier-2,Flash sale,6+
5504,2026-04-20,15,Tier-3,Organic,4-5
5505,2026-03-09,9,Metro,Flash sale,4-5
5506,2026-04-27,16,Metro,Flash sale,2-3
5507,2026-03-02,8,Metro,Organic,2-3
5508,2026-04-20,15,Tier-2,Referral,6+
5509,2026-02-02,4,Tier-2,Organic,0-1
5510,2026-03-09,9,Metro,Referral,6+
5511,2026-04-27,16,Metro,Organic,6+
5512,2026-02-02,4,Metro,Flash sale,0-1
5513,2026-03-30,12,Metro,Organic,0-1
5514,2026-02-09,5,Metro,Flash sale,2-3
5515,2026-03-02,8,Tier-3,Organic,6+
5516,2026-02-16,6,Metro,Flash sale,2-3
5517,2026-04-06,13,Metro,Organic,6+
5518,2026-04-20,15,Metro,Organic,4-5
5519,2026-05-04,17,Tier-2,Referral,0-1
5520,2026-02-23,7,Metro,Flash sale,4-5
5521,2026-01-26,3,Metro,Flash sale,4-5
5522,2026-05-11,18,Metro,Flash sale,6+
5523,2026-02-23,7,Tier-2,Flash sale,6+
5524,2026-04-06,13,Metro,Paid social,4-5
5525,2026-02-23,7,Tier-3,Flash sale,6+
5526,2026-04-27,16,Metro,Paid social,0-1
5527,2026-01-12,1,Metro,Paid social,4-5
5528,2026-01-05,0,Tier-3,Flash sale,4-5
5529,2026-02-16,6,Tier-2,Organic,0-1
5530,2026-03-02,8,Metro,Flash sale,4-5
5531,2026-04-20,15,Tier-2,Referral,4-5
5532,2026-03-09,9,Metro,Organic,2-3
5533,2026-02-09,5,Metro,Organic,4-5
5534,2026-01-12,1,Tier-2,Organic,4-5
5535,2026-04-27,16,Tier-2,Referral,4-5
5536,2026-03-16,10,Metro,Referral,2-3
5537,2026-05-18,19,Tier-2,Organic,2-3
5538,2026-02-16,6,Metro,Flash sale,4-5
5539,2026-02-02,4,Metro,Referral,6+
5540,2026-02-09,5,Tier-3,Paid social,2-3
5541,2026-03-02,8,Metro,Organic,4-5
5542,2026-01-19,2,Tier-2,Organic,6+
5543,2026-01-19,2,Tier-2,Organic,2-3
5544,2026-04-20,15,Tier-2,Flash sale,6+
5545,2026-04-06,13,Metro,Organic,2-3
5546,2026-03-16,10,Tier-3,Organic,2-3
5547,2026-03-09,9,Tier-2,Referral,2-3
5548,2026-03-09,9,Tier-2,Flash sale,0-1
5549,2026-03-23,11,Metro,Organic,2-3
5550,2026-02-09,5,Metro,Organic,2-3
5551,2026-04-20,15,Metro,Organic,0-1
5552,2026-01-05,0,Metro,Organic,6+
5553,2026-04-20,15,Metro,Flash sale,4-5
5554,2026-04-20,15,Tier-2,Organic,0-1
5555,2026-03-16,10,Tier-3,Organic,0-1
5556,2026-02-09,5,Metro,Paid social,6+
5557,2026-05-04,17,Metro,Paid social,2-3
5558,2026-04-27,16,Tier-2,Organic,2-3
5559,2026-05-11,18,Metro,Flash sale,0-1
5560,2026-01-05,0,Tier-3,Organic,6+
5561,2026-03-30,12,Metro,Referral,2-3
5562,2026-01-05,0,Metro,Paid social,4-5
5563,2026-01-05,0,Metro,Flash sale,2-3
5564,2026-01-12,1,Tier-3,Flash sale,6+
5565,2026-04-20,15,Metro,Organic,2-3
5566,2026-04-13,14,Tier-2,Organic,6+
5567,2026-05-04,17,Metro,Flash sale,4-5
5568,2026-03-30,12,Metro,Organic,2-3
5569,2026-03-23,11,Tier-3,Flash sale,2-3
5570,2026-01-26,3,Metro,Flash sale,4-5
5571,2026-04-13,14,Metro,Organic,4-5
5572,2026-05-11,18,Metro,Flash sale,4-5
5573,2026-02-23,7,Tier-3,Referral,0-1
5574,2026-04-06,13,Metro,Flash sale,2-3
5575,2026-03-16,10,Metro,Flash sale,2-3
5576,2026-03-16,10,Tier-3,Referral,4-5
5577,2026-04-20,15,Tier-2,Organic,0-1
5578,2026-02-09,5,Tier-3,Flash sale,0-1
5579,2026-05-04,17,Tier-2,Flash sale,2-3
5580,2026-05-18,19,Tier-2,Organic,2-3
5581,2026-01-19,2,Metro,Paid social,4-5
5582,2026-03-16,10,Metro,Flash sale,0-1
5583,2026-01-05,0,Tier-2,Organic,6+
5584,2026-02-16,6,Tier-2,Organic,2-3
5585,2026-02-23,7,Tier-3,Paid social,4-5
5586,2026-04-06,13,Tier-2,Paid social,6+
5587,2026-02-23,7,Metro,Organic,2-3
5588,2026-02-23,7,Metro,Flash sale,2-3
5589,2026-04-20,15,Tier-2,Organic,2-3
5590,2026-04-20,15,Metro,Referral,4-5
5591,2026-01-05,0,Tier-2,Flash sale,6+
5592,2026-02-16,6,Tier-2,Organic,4-5
5593,2026-04-20,15,Metro,Flash sale,0-1
5594,2026-01-19,2,Tier-2,Paid social,6+
5595,2026-03-16,10,Tier-2,Organic,0-1
5596,2026-03-09,9,Tier-3,Organic,2-3
5597,2026-04-06,13,Metro,Paid social,0-1
5598,2026-04-06,13,Tier-2,Organic,0-1
5599,2026-03-16,10,Metro,Flash sale,6+
5600,2026-03-02,8,Metro,Flash sale,0-1
5601,2026-04-20,15,Metro,Organic,6+
5602,2026-02-23,7,Tier-3,Organic,4-5
5603,2026-03-02,8,Tier-3,Organic,2-3
5604,2026-03-02,8,Metro,Organic,6+
5605,2026-02-16,6,Tier-2,Flash sale,0-1
5606,2026-03-30,12,Metro,Referral,4-5
5607,2026-03-30,12,Tier-2,Organic,6+
5608,2026-05-04,17,Metro,Referral,2-3
5609,2026-03-02,8,Tier-2,Flash sale,2-3
5610,2026-04-20,15,Metro,Organic,0-1
5611,2026-02-16,6,Tier-2,Flash sale,0-1
5612,2026-05-18,19,Metro,Organic,0-1
5613,2026-05-11,18,Tier-2,Flash sale,2-3
5614,2026-03-23,11,Tier-2,Organic,4-5
5615,2026-04-13,14,Metro,Flash sale,2-3
5616,2026-03-23,11,Metro,Paid social,4-5
5617,2026-01-26,3,Tier-2,Organic,2-3
5618,2026-05-11,18,Tier-2,Paid social,6+
5619,2026-04-13,14,Metro,Organic,4-5
5620,2026-03-02,8,Metro,Organic,6+
5621,2026-02-09,5,Metro,Organic,4-5
5622,2026-04-06,13,Tier-2,Referral,0-1
5623,2026-03-02,8,Tier-2,Flash sale,4-5
5624,2026-04-27,16,Metro,Paid social,4-5
5625,2026-02-02,4,Tier-2,Referral,0-1
5626,2026-03-16,10,Tier-2,Flash sale,0-1
5627,2026-01-19,2,Tier-2,Paid social,0-1
5628,2026-04-13,14,Metro,Paid social,0-1
5629,2026-02-23,7,Metro,Referral,6+
5630,2026-01-26,3,Metro,Flash sale,0-1
5631,2026-03-23,11,Metro,Referral,0-1
5632,2026-03-23,11,Metro,Organic,2-3
5633,2026-02-16,6,Metro,Paid social,2-3
5634,2026-05-11,18,Metro,Paid social,6+
5635,2026-01-12,1,Tier-2,Flash sale,0-1
5636,2026-02-16,6,Metro,Organic,6+
5637,2026-02-02,4,Tier-2,Organic,0-1
5638,2026-05-11,18,Metro,Paid social,2-3
5639,2026-02-02,4,Tier-2,Paid social,2-3
5640,2026-02-02,4,Metro,Referral,6+
5641,2026-03-23,11,Tier-2,Paid social,0-1
5642,2026-02-09,5,Tier-2,Flash sale,2-3
5643,2026-02-09,5,Metro,Paid social,4-5
5644,2026-02-02,4,Tier-2,Organic,4-5
5645,2026-03-16,10,Metro,Organic,2-3
5646,2026-04-13,14,Tier-2,Flash sale,0-1
5647,2026-03-09,9,Metro,Organic,6+
5648,2026-05-04,17,Metro,Flash sale,6+
5649,2026-02-09,5,Metro,Referral,4-5
5650,2026-04-27,16,Tier-3,Organic,6+
5651,2026-04-13,14,Metro,Referral,2-3
5652,2026-01-12,1,Tier-2,Organic,6+
5653,2026-04-06,13,Metro,Referral,6+
5654,2026-05-18,19,Metro,Organic,6+
5655,2026-04-06,13,Metro,Referral,6+
5656,2026-02-09,5,Tier-3,Flash sale,2-3
5657,2026-03-02,8,Tier-2,Organic,0-1
5658,2026-05-04,17,Metro,Organic,4-5
5659,2026-02-16,6,Tier-2,Organic,4-5
5660,2026-03-09,9,Metro,Organic,4-5
5661,2026-03-23,11,Metro,Organic,4-5
5662,2026-04-27,16,Metro,Organic,0-1
5663,2026-05-18,19,Metro,Referral,4-5
5664,2026-04-13,14,Metro,Organic,2-3
5665,2026-03-02,8,Tier-2,Organic,0-1
5666,2026-03-02,8,Metro,Organic,6+
5667,2026-04-06,13,Tier-3,Flash sale,0-1
5668,2026-01-12,1,Tier-2,Flash sale,0-1
5669,2026-03-02,8,Tier-2,Flash sale,2-3
5670,2026-02-23,7,Tier-2,Flash sale,6+
5671,2026-05-11,18,Tier-3,Flash sale,0-1
5672,2026-05-04,17,Metro,Organic,2-3
5673,2026-02-09,5,Metro,Organic,2-3
5674,2026-04-06,13,Metro,Referral,2-3
5675,2026-03-09,9,Tier-3,Organic,6+
5676,2026-04-27,16,Metro,Referral,2-3
5677,2026-03-09,9,Tier-2,Flash sale,2-3
5678,2026-03-30,12,Tier-2,Flash sale,2-3
5679,2026-04-13,14,Metro,Flash sale,2-3
5680,2026-04-27,16,Tier-3,Paid social,6+
5681,2026-04-13,14,Metro,Flash sale,2-3
5682,2026-02-09,5,Metro,Flash sale,0-1
5683,2026-04-13,14,Tier-2,Paid social,2-3
5684,2026-02-16,6,Metro,Flash sale,0-1
5685,2026-04-13,14,Metro,Flash sale,6+
5686,2026-05-11,18,Metro,Organic,6+
5687,2026-03-09,9,Metro,Organic,6+
5688,2026-05-04,17,Tier-2,Referral,6+
5689,2026-01-26,3,Tier-3,Organic,2-3
5690,2026-03-02,8,Metro,Organic,4-5
5691,2026-05-04,17,Metro,Organic,2-3
5692,2026-04-13,14,Metro,Paid social,6+
5693,2026-02-16,6,Tier-3,Flash sale,0-1
5694,2026-03-16,10,Tier-2,Flash sale,0-1
5695,2026-01-19,2,Metro,Paid social,6+
5696,2026-04-27,16,Metro,Organic,2-3
5697,2026-01-19,2,Tier-3,Referral,2-3
5698,2026-03-23,11,Tier-3,Referral,4-5
5699,2026-03-09,9,Metro,Flash sale,2-3
5700,2026-03-30,12,Tier-2,Referral,4-5
5701,2026-03-02,8,Metro,Paid social,2-3
5702,2026-01-12,1,Metro,Organic,6+
5703,2026-04-06,13,Tier-2,Organic,0-1
5704,2026-05-04,17,Metro,Referral,4-5
5705,2026-03-30,12,Metro,Flash sale,2-3
5706,2026-01-05,0,Tier-3,Flash sale,2-3
5707,2026-01-19,2,Tier-2,Organic,6+
5708,2026-02-09,5,Metro,Referral,2-3
5709,2026-02-09,5,Tier-2,Referral,0-1
5710,2026-01-19,2,Tier-2,Paid social,2-3
5711,2026-05-04,17,Tier-2,Flash sale,0-1
5712,2026-04-13,14,Tier-3,Paid social,2-3
5713,2026-04-20,15,Tier-2,Flash sale,0-1
5714,2026-05-18,19,Metro,Flash sale,4-5
5715,2026-05-04,17,Metro,Flash sale,0-1
5716,2026-01-26,3,Tier-2,Flash sale,2-3
5717,2026-01-05,0,Tier-3,Flash sale,6+
5718,2026-04-13,14,Metro,Organic,4-5
5719,2026-05-11,18,Metro,Organic,4-5
5720,2026-04-13,14,Tier-2,Referral,6+
5721,2026-05-04,17,Metro,Organic,6+
5722,2026-03-30,12,Metro,Referral,6+
5723,2026-03-09,9,Tier-3,Organic,6+
5724,2026-01-19,2,Tier-2,Organic,2-3
5725,2026-04-06,13,Tier-3,Flash sale,4-5
5726,2026-02-09,5,Tier-2,Organic,6+
5727,2026-02-09,5,Metro,Paid social,4-5
5728,2026-05-04,17,Tier-3,Paid social,0-1
5729,2026-04-06,13,Metro,Flash sale,4-5
5730,2026-03-02,8,Metro,Flash sale,0-1
5731,2026-04-20,15,Tier-3,Organic,4-5
5732,2026-04-13,14,Tier-2,Referral,6+
5733,2026-03-09,9,Tier-3,Organic,4-5
5734,2026-05-18,19,Metro,Paid social,4-5
5735,2026-01-05,0,Tier-3,Paid social,4-5
5736,2026-03-09,9,Tier-2,Organic,4-5
5737,2026-03-02,8,Tier-2,Flash sale,2-3
5738,2026-01-19,2,Tier-3,Flash sale,0-1
5739,2026-04-13,14,Metro,Flash sale,4-5
5740,2026-01-19,2,Tier-2,Organic,2-3
5741,2026-04-13,14,Tier-2,Referral,0-1
5742,2026-04-20,15,Tier-2,Organic,6+
5743,2026-03-09,9,Tier-3,Paid social,4-5
5744,2026-02-02,4,Tier-2,Flash sale,4-5
5745,2026-05-18,19,Metro,Flash sale,4-5
5746,2026-04-13,14,Metro,Paid social,0-1
5747,2026-01-19,2,Tier-3,Referral,4-5
5748,2026-04-13,14,Tier-3,Flash sale,4-5
5749,2026-01-26,3,Tier-3,Flash sale,4-5
5750,2026-03-30,12,Metro,Flash sale,0-1
5751,2026-02-09,5,Metro,Organic,6+
5752,2026-03-30,12,Tier-2,Paid social,4-5
5753,2026-04-27,16,Tier-2,Organic,6+
5754,2026-04-20,15,Metro,Flash sale,4-5
5755,2026-04-20,15,Tier-2,Referral,2-3
5756,2026-04-13,14,Metro,Organic,6+
5757,2026-04-20,15,Metro,Paid social,2-3
5758,2026-05-11,18,Metro,Organic,2-3
5759,2026-05-04,17,Metro,Organic,0-1
5760,2026-04-20,15,Metro,Flash sale,0-1
5761,2026-03-02,8,Tier-3,Flash sale,0-1
5762,2026-02-09,5,Tier-2,Paid social,2-3
5763,2026-02-16,6,Tier-3,Flash sale,2-3
5764,2026-03-30,12,Metro,Organic,2-3
5765,2026-03-30,12,Metro,Organic,6+
5766,2026-03-02,8,Metro,Organic,4-5
5767,2026-03-02,8,Tier-2,Flash sale,6+
5768,2026-04-13,14,Metro,Organic,6+
5769,2026-03-16,10,Tier-2,Flash sale,0-1
5770,2026-01-05,0,Tier-2,Paid social,4-5
5771,2026-01-19,2,Tier-3,Flash sale,6+
5772,2026-02-16,6,Metro,Flash sale,2-3
5773,2026-02-23,7,Metro,Organic,2-3
5774,2026-04-13,14,Metro,Referral,4-5
5775,2026-03-09,9,Metro,Organic,6+
5776,2026-03-02,8,Tier-2,Flash sale,0-1
5777,2026-01-12,1,Metro,Organic,2-3
5778,2026-01-12,1,Tier-2,Organic,0-1
5779,2026-05-18,19,Metro,Organic,4-5
5780,2026-05-04,17,Tier-3,Organic,0-1
5781,2026-01-05,0,Tier-3,Paid social,2-3
5782,2026-03-09,9,Metro,Organic,2-3
5783,2026-05-11,18,Tier-3,Paid social,0-1
5784,2026-04-13,14,Metro,Flash sale,4-5
5785,2026-01-12,1,Tier-2,Organic,2-3
5786,2026-03-02,8,Tier-3,Organic,2-3
5787,2026-05-04,17,Tier-2,Organic,4-5
5788,2026-02-09,5,Tier-2,Referral,6+
5789,2026-03-16,10,Metro,Organic,6+
5790,2026-02-16,6,Tier-2,Paid social,0-1
5791,2026-01-26,3,Tier-2,Organic,4-5
5792,2026-05-04,17,Metro,Organic,2-3
5793,2026-02-02,4,Metro,Organic,6+
5794,2026-03-23,11,Tier-2,Flash sale,2-3
5795,2026-02-23,7,Tier-2,Flash sale,0-1
5796,2026-03-30,12,Metro,Paid social,6+
5797,2026-04-20,15,Tier-3,Organic,6+
5798,2026-03-23,11,Tier-2,Organic,2-3
5799,2026-01-19,2,Metro,Referral,6+
5800,2026-02-09,5,Metro,Flash sale,2-3
5801,2026-02-02,4,Tier-2,Referral,2-3
5802,2026-04-06,13,Tier-2,Flash sale,2-3
5803,2026-04-06,13,Tier-2,Referral,2-3
5804,2026-01-19,2,Metro,Organic,6+
5805,2026-03-30,12,Tier-2,Paid social,0-1
5806,2026-03-09,9,Tier-2,Organic,4-5
5807,2026-03-02,8,Tier-2,Referral,0-1
5808,2026-05-04,17,Metro,Organic,0-1
5809,2026-01-12,1,Tier-2,Referral,0-1
5810,2026-04-13,14,Metro,Paid social,2-3
5811,2026-03-23,11,Metro,Paid social,4-5
5812,2026-02-09,5,Tier-2,Flash sale,4-5
5813,2026-02-02,4,Tier-2,Flash sale,6+
5814,2026-01-26,3,Metro,Referral,0-1
5815,2026-03-30,12,Tier-2,Flash sale,0-1
5816,2026-04-06,13,Metro,Flash sale,6+
5817,2026-02-09,5,Metro,Organic,6+
5818,2026-02-23,7,Metro,Flash sale,4-5
5819,2026-05-18,19,Metro,Organic,6+
5820,2026-04-13,14,Tier-2,Flash sale,6+
5821,2026-03-23,11,Tier-2,Organic,4-5
5822,2026-01-19,2,Tier-2,Flash sale,2-3
5823,2026-03-23,11,Metro,Referral,6+
5824,2026-02-23,7,Metro,Flash sale,4-5
5825,2026-04-27,16,Metro,Paid social,6+
5826,2026-01-26,3,Tier-2,Organic,0-1
5827,2026-05-18,19,Metro,Flash sale,0-1
5828,2026-05-11,18,Metro,Flash sale,4-5
5829,2026-04-20,15,Tier-2,Flash sale,6+
5830,2026-03-16,10,Tier-2,Flash sale,4-5
5831,2026-03-23,11,Metro,Organic,2-3
5832,2026-05-11,18,Metro,Flash sale,0-1
5833,2026-05-04,17,Tier-2,Organic,0-1
5834,2026-04-27,16,Metro,Flash sale,0-1
5835,2026-01-26,3,Metro,Referral,0-1
5836,2026-03-02,8,Tier-3,Organic,4-5
5837,2026-04-20,15,Metro,Flash sale,4-5
5838,2026-01-19,2,Metro,Flash sale,2-3
5839,2026-04-06,13,Metro,Referral,6+
5840,2026-02-23,7,Metro,Organic,2-3
5841,2026-03-23,11,Metro,Flash sale,2-3
5842,2026-05-11,18,Metro,Referral,4-5
5843,2026-05-04,17,Tier-2,Flash sale,4-5
5844,2026-02-23,7,Metro,Referral,0-1
5845,2026-04-13,14,Tier-3,Organic,2-3
5846,2026-01-05,0,Tier-3,Paid social,4-5
5847,2026-04-13,14,Metro,Organic,6+
5848,2026-01-19,2,Metro,Organic,2-3
5849,2026-05-11,18,Tier-2,Flash sale,0-1
5850,2026-02-09,5,Tier-3,Flash sale,6+
5851,2026-04-06,13,Tier-3,Flash sale,4-5
5852,2026-04-06,13,Metro,Organic,2-3
5853,2026-02-09,5,Metro,Organic,4-5
5854,2026-04-27,16,Metro,Referral,6+
5855,2026-01-26,3,Tier-2,Organic,0-1
5856,2026-05-11,18,Tier-2,Referral,2-3
5857,2026-03-16,10,Metro,Flash sale,6+
5858,2026-03-09,9,Tier-2,Organic,2-3
5859,2026-02-02,4,Metro,Referral,6+
5860,2026-01-05,0,Tier-2,Paid social,2-3
5861,2026-04-06,13,Metro,Referral,2-3
5862,2026-04-13,14,Tier-2,Organic,0-1
5863,2026-04-27,16,Tier-2,Flash sale,4-5
5864,2026-05-18,19,Tier-2,Paid social,0-1
5865,2026-02-09,5,Metro,Flash sale,6+
5866,2026-03-23,11,Tier-2,Organic,0-1
5867,2026-05-11,18,Tier-2,Organic,0-1
5868,2026-03-23,11,Metro,Flash sale,2-3
5869,2026-04-13,14,Metro,Referral,0-1
5870,2026-04-13,14,Tier-2,Paid social,2-3
5871,2026-05-18,19,Metro,Paid social,4-5
5872,2026-02-16,6,Metro,Organic,4-5
5873,2026-01-26,3,Metro,Flash sale,4-5
5874,2026-05-11,18,Metro,Organic,0-1
5875,2026-03-09,9,Metro,Organic,4-5
5876,2026-01-26,3,Tier-2,Organic,0-1
5877,2026-03-30,12,Metro,Paid social,4-5
5878,2026-05-04,17,Tier-2,Organic,6+
5879,2026-04-20,15,Metro,Flash sale,4-5
5880,2026-02-16,6,Metro,Flash sale,2-3
5881,2026-05-11,18,Metro,Organic,0-1
5882,2026-01-05,0,Tier-2,Flash sale,6+
5883,2026-05-04,17,Tier-3,Organic,0-1
5884,2026-01-26,3,Metro,Organic,2-3
5885,2026-02-02,4,Metro,Flash sale,0-1
5886,2026-02-16,6,Metro,Referral,0-1
5887,2026-03-02,8,Metro,Referral,2-3
5888,2026-01-05,0,Tier-2,Referral,4-5
5889,2026-04-13,14,Metro,Organic,6+
5890,2026-01-19,2,Tier-3,Organic,4-5
5891,2026-01-19,2,Tier-2,Flash sale,6+
5892,2026-01-05,0,Metro,Paid social,6+
5893,2026-05-18,19,Tier-2,Organic,2-3
5894,2026-01-05,0,Metro,Organic,2-3
5895,2026-04-13,14,Tier-2,Paid social,4-5
5896,2026-03-30,12,Metro,Paid social,2-3
5897,2026-04-27,16,Tier-2,Organic,2-3
5898,2026-03-09,9,Metro,Referral,0-1
5899,2026-05-11,18,Metro,Flash sale,2-3
5900,2026-03-09,9,Tier-2,Flash sale,2-3
5901,2026-01-26,3,Metro,Flash sale,6+
5902,2026-05-11,18,Metro,Paid social,6+
5903,2026-03-02,8,Tier-2,Organic,2-3
5904,2026-01-05,0,Metro,Referral,0-1
5905,2026-04-06,13,Tier-3,Organic,6+
5906,2026-02-16,6,Tier-2,Flash sale,2-3
5907,2026-04-27,16,Tier-2,Flash sale,0-1
5908,2026-01-26,3,Metro,Referral,6+
5909,2026-04-13,14,Metro,Paid social,2-3
5910,2026-04-27,16,Tier-3,Referral,0-1
5911,2026-01-19,2,Metro,Referral,4-5
5912,2026-03-23,11,Metro,Organic,6+
5913,2026-03-30,12,Metro,Paid social,6+
5914,2026-05-11,18,Metro,Flash sale,2-3
5915,2026-02-09,5,Tier-2,Flash sale,4-5
5916,2026-03-09,9,Tier-2,Flash sale,2-3
5917,2026-03-02,8,Tier-2,Organic,6+
5918,2026-02-23,7,Tier-3,Flash sale,0-1
5919,2026-05-18,19,Metro,Organic,6+
5920,2026-04-06,13,Metro,Organic,2-3
5921,2026-01-26,3,Metro,Paid social,4-5
5922,2026-05-04,17,Tier-2,Paid social,4-5
5923,2026-01-19,2,Metro,Flash sale,2-3
5924,2026-05-04,17,Tier-2,Paid social,0-1
5925,2026-03-02,8,Metro,Flash sale,2-3
5926,2026-04-06,13,Tier-2,Organic,4-5
5927,2026-05-04,17,Tier-2,Paid social,4-5
5928,2026-05-04,17,Tier-3,Flash sale,4-5
5929,2026-01-26,3,Metro,Referral,4-5
5930,2026-03-02,8,Tier-3,Flash sale,0-1
5931,2026-01-12,1,Metro,Flash sale,2-3
5932,2026-03-30,12,Metro,Organic,2-3
5933,2026-03-02,8,Metro,Paid social,2-3
5934,2026-05-18,19,Metro,Organic,2-3
5935,2026-03-30,12,Tier-2,Flash sale,0-1
5936,2026-03-02,8,Metro,Organic,6+
5937,2026-01-26,3,Metro,Flash sale,0-1
5938,2026-02-09,5,Tier-2,Organic,4-5
5939,2026-04-27,16,Tier-2,Referral,2-3
5940,2026-01-19,2,Tier-2,Flash sale,4-5
5941,2026-04-27,16,Tier-2,Organic,6+
5942,2026-03-30,12,Metro,Organic,4-5
5943,2026-03-16,10,Tier-2,Organic,6+
5944,2026-03-09,9,Metro,Referral,2-3
5945,2026-01-05,0,Metro,Referral,6+
5946,2026-02-02,4,Metro,Organic,0-1
5947,2026-03-16,10,Tier-2,Flash sale,4-5
5948,2026-03-09,9,Metro,Organic,0-1
5949,2026-02-02,4,Tier-2,Paid social,0-1
5950,2026-04-27,16,Metro,Paid social,6+
5951,2026-03-02,8,Metro,Referral,4-5
5952,2026-02-23,7,Metro,Organic,4-5
5953,2026-04-20,15,Metro,Flash sale,6+
5954,2026-01-19,2,Metro,Paid social,2-3
5955,2026-01-12,1,Tier-2,Organic,4-5
5956,2026-02-16,6,Metro,Flash sale,0-1
5957,2026-01-05,0,Metro,Paid social,2-3
5958,2026-02-23,7,Tier-2,Referral,2-3
5959,2026-01-19,2,Metro,Flash sale,4-5
5960,2026-04-06,13,Metro,Flash sale,0-1
5961,2026-01-05,0,Metro,Paid social,0-1
5962,2026-02-02,4,Metro,Organic,0-1
5963,2026-02-09,5,Metro,Paid social,2-3
5964,2026-03-23,11,Tier-2,Flash sale,4-5
5965,2026-03-02,8,Metro,Referral,0-1
5966,2026-04-20,15,Tier-2,Paid social,6+
5967,2026-04-20,15,Metro,Flash sale,2-3
5968,2026-02-23,7,Tier-2,Organic,2-3
5969,2026-01-05,0,Tier-2,Organic,6+
5970,2026-05-18,19,Metro,Referral,0-1
5971,2026-02-23,7,Metro,Flash sale,0-1
5972,2026-03-16,10,Metro,Organic,2-3
5973,2026-05-11,18,Tier-3,Paid social,0-1
5974,2026-04-06,13,Tier-3,Paid social,4-5
5975,2026-03-23,11,Metro,Paid social,6+
5976,2026-02-16,6,Tier-2,Flash sale,2-3
5977,2026-04-27,16,Metro,Paid social,6+
5978,2026-01-26,3,Metro,Paid social,0-1
5979,2026-03-09,9,Tier-2,Organic,4-5
5980,2026-02-16,6,Metro,Paid social,4-5
5981,2026-01-12,1,Metro,Flash sale,2-3
5982,2026-02-09,5,Tier-2,Paid social,6+
5983,2026-01-26,3,Metro,Referral,2-3
5984,2026-01-12,1,Tier-2,Flash sale,6+
5985,2026-04-20,15,Metro,Organic,4-5
5986,2026-04-13,14,Metro,Organic,0-1
5987,2026-05-04,17,Metro,Organic,6+
5988,2026-01-05,0,Tier-3,Flash sale,0-1
5989,2026-03-09,9,Metro,Paid social,0-1
5990,2026-04-06,13,Metro,Organic,6+
5991,2026-03-09,9,Tier-2,Organic,6+
5992,2026-01-05,0,Tier-3,Flash sale,2-3
5993,2026-03-09,9,Tier-3,Organic,4-5
5994,2026-01-19,2,Tier-2,Organic,4-5
5995,2026-01-05,0,Metro,Organic,4-5
5996,2026-04-13,14,Tier-2,Flash sale,6+
5997,2026-01-12,1,Tier-2,Flash sale,0-1
5998,2026-02-09,5,Tier-3,Paid social,0-1
5999,2026-05-18,19,Tier-2,Organic,6+
6000,2026-05-11,18,Metro,Organic,4-5
6001,2026-01-05,0,Metro,Referral,4-5
6002,2026-03-02,8,Tier-2,Paid social,2-3
6003,2026-02-16,6,Metro,Organic,2-3
6004,2026-03-30,12,Metro,Paid social,0-1
6005,2026-04-06,13,Metro,Referral,2-3
6006,2026-01-12,1,Tier-2,Paid social,0-1
6007,2026-03-02,8,Tier-3,Flash sale,2-3
6008,2026-02-09,5,Tier-2,Organic,6+
6009,2026-05-18,19,Tier-3,Organic,0-1
6010,2026-02-09,5,Tier-2,Referral,4-5
6011,2026-01-05,0,Tier-2,Paid social,0-1
6012,2026-03-30,12,Metro,Flash sale,4-5
6013,2026-05-04,17,Tier-2,Organic,2-3
6014,2026-04-27,16,Metro,Organic,4-5
6015,2026-01-19,2,Metro,Flash sale,2-3
6016,2026-04-13,14,Metro,Paid social,6+
6017,2026-02-02,4,Tier-2,Organic,4-5
6018,2026-01-19,2,Tier-2,Flash sale,4-5
6019,2026-03-16,10,Tier-3,Flash sale,4-5
6020,2026-04-27,16,Tier-3,Paid social,6+
6021,2026-05-04,17,Tier-3,Referral,4-5
6022,2026-03-30,12,Metro,Organic,0-1
6023,2026-03-02,8,Tier-3,Flash sale,0-1
6024,2026-03-23,11,Tier-2,Referral,4-5
6025,2026-02-09,5,Tier-3,Paid social,2-3
6026,2026-01-19,2,Metro,Flash sale,4-5
6027,2026-03-02,8,Metro,Organic,4-5
6028,2026-01-26,3,Tier-3,Flash sale,0-1
6029,2026-01-12,1,Metro,Flash sale,4-5
6030,2026-04-13,14,Metro,Organic,6+
6031,2026-04-27,16,Metro,Paid social,2-3
6032,2026-04-13,14,Metro,Organic,6+
6033,2026-05-11,18,Metro,Paid social,6+
6034,2026-03-09,9,Tier-3,Flash sale,2-3
6035,2026-04-06,13,Tier-3,Organic,6+
6036,2026-02-02,4,Tier-3,Flash sale,6+
6037,2026-03-02,8,Metro,Flash sale,6+
6038,2026-01-19,2,Metro,Paid social,2-3
6039,2026-03-30,12,Metro,Flash sale,4-5
6040,2026-03-02,8,Metro,Organic,4-5
6041,2026-03-23,11,Metro,Paid social,2-3
6042,2026-05-04,17,Tier-2,Flash sale,4-5
6043,2026-01-12,1,Tier-3,Organic,6+
6044,2026-03-02,8,Metro,Paid social,0-1
6045,2026-02-23,7,Metro,Organic,6+
6046,2026-04-13,14,Metro,Organic,2-3
6047,2026-04-06,13,Metro,Flash sale,6+
6048,2026-04-13,14,Metro,Flash sale,0-1
6049,2026-04-27,16,Metro,Flash sale,6+
6050,2026-02-09,5,Metro,Paid social,2-3
6051,2026-02-23,7,Metro,Organic,6+
6052,2026-02-16,6,Tier-2,Paid social,2-3
6053,2026-04-27,16,Metro,Organic,4-5
6054,2026-03-09,9,Metro,Organic,4-5
6055,2026-04-20,15,Metro,Organic,0-1
6056,2026-02-02,4,Metro,Organic,0-1
6057,2026-05-11,18,Tier-2,Flash sale,4-5
6058,2026-03-09,9,Tier-2,Paid social,2-3
6059,2026-05-18,19,Tier-3,Referral,4-5
6060,2026-03-02,8,Tier-2,Referral,6+
6061,2026-01-05,0,Metro,Organic,6+
6062,2026-02-09,5,Metro,Paid social,0-1
6063,2026-03-02,8,Metro,Organic,2-3
6064,2026-01-19,2,Metro,Referral,0-1
6065,2026-04-20,15,Tier-3,Referral,4-5
6066,2026-02-16,6,Metro,Organic,4-5
6067,2026-04-27,16,Metro,Flash sale,6+
6068,2026-05-18,19,Metro,Paid social,2-3
6069,2026-01-12,1,Metro,Organic,2-3
6070,2026-02-09,5,Tier-3,Referral,4-5
6071,2026-03-30,12,Metro,Paid social,0-1
6072,2026-05-04,17,Metro,Organic,0-1
6073,2026-05-04,17,Metro,Organic,4-5
6074,2026-01-26,3,Tier-2,Flash sale,2-3
6075,2026-02-02,4,Metro,Referral,2-3
6076,2026-01-26,3,Tier-2,Flash sale,6+
6077,2026-02-16,6,Metro,Flash sale,0-1
6078,2026-03-30,12,Metro,Organic,6+
6079,2026-02-23,7,Tier-3,Paid social,4-5
6080,2026-04-13,14,Metro,Paid social,2-3
6081,2026-02-23,7,Metro,Flash sale,6+
6082,2026-03-23,11,Tier-2,Paid social,4-5
6083,2026-03-23,11,Metro,Flash sale,2-3
6084,2026-02-09,5,Metro,Paid social,2-3
6085,2026-01-12,1,Tier-2,Organic,2-3
6086,2026-02-02,4,Metro,Organic,6+
6087,2026-04-20,15,Metro,Paid social,2-3
6088,2026-04-13,14,Metro,Flash sale,0-1
6089,2026-01-19,2,Tier-2,Organic,4-5
6090,2026-02-23,7,Metro,Referral,6+
6091,2026-04-27,16,Metro,Flash sale,2-3
6092,2026-04-27,16,Tier-2,Organic,6+
6093,2026-01-05,0,Tier-2,Organic,2-3
6094,2026-04-20,15,Tier-3,Flash sale,2-3
6095,2026-04-20,15,Metro,Organic,4-5
6096,2026-01-19,2,Metro,Organic,0-1
6097,2026-02-23,7,Metro,Flash sale,6+
6098,2026-01-12,1,Tier-2,Referral,4-5
6099,2026-04-06,13,Metro,Flash sale,2-3
6100,2026-05-04,17,Tier-2,Organic,0-1
6101,2026-01-26,3,Metro,Flash sale,4-5
6102,2026-02-23,7,Tier-2,Organic,4-5
6103,2026-03-16,10,Tier-2,Organic,6+
6104,2026-01-12,1,Metro,Organic,2-3
6105,2026-02-09,5,Tier-3,Flash sale,0-1
6106,2026-02-02,4,Tier-3,Organic,2-3
6107,2026-01-05,0,Metro,Flash sale,6+
6108,2026-04-06,13,Metro,Flash sale,6+
6109,2026-04-13,14,Tier-2,Referral,2-3
6110,2026-01-12,1,Metro,Referral,0-1
6111,2026-01-19,2,Metro,Paid social,0-1
6112,2026-01-12,1,Metro,Flash sale,4-5
6113,2026-05-11,18,Tier-3,Organic,0-1
6114,2026-03-23,11,Metro,Organic,4-5
6115,2026-03-16,10,Tier-2,Organic,0-1
6116,2026-01-12,1,Metro,Organic,2-3
6117,2026-01-05,0,Metro,Organic,6+
6118,2026-05-11,18,Tier-3,Organic,2-3
6119,2026-05-11,18,Metro,Referral,4-5
6120,2026-03-16,10,Metro,Flash sale,2-3
6121,2026-01-19,2,Metro,Organic,6+
6122,2026-01-05,0,Tier-2,Flash sale,2-3
6123,2026-04-27,16,Metro,Organic,6+
6124,2026-03-16,10,Metro,Flash sale,6+
6125,2026-02-16,6,Metro,Flash sale,2-3
6126,2026-01-05,0,Metro,Organic,0-1
6127,2026-03-23,11,Metro,Organic,6+
6128,2026-05-04,17,Metro,Paid social,4-5
6129,2026-04-27,16,Metro,Flash sale,6+
6130,2026-04-13,14,Metro,Flash sale,2-3
6131,2026-01-12,1,Tier-2,Organic,2-3
6132,2026-04-20,15,Tier-2,Organic,0-1
6133,2026-04-06,13,Metro,Organic,6+
6134,2026-04-27,16,Metro,Paid social,6+
6135,2026-01-19,2,Metro,Organic,6+
6136,2026-05-04,17,Tier-3,Organic,2-3
6137,2026-04-13,14,Metro,Paid social,2-3
6138,2026-04-20,15,Metro,Flash sale,2-3
6139,2026-01-26,3,Metro,Organic,0-1
6140,2026-05-04,17,Metro,Flash sale,0-1
6141,2026-01-05,0,Metro,Flash sale,2-3
6142,2026-02-02,4,Metro,Paid social,4-5
6143,2026-01-26,3,Tier-2,Organic,6+
6144,2026-02-02,4,Tier-2,Referral,6+
6145,2026-03-30,12,Tier-2,Organic,4-5
6146,2026-05-11,18,Tier-2,Referral,6+
6147,2026-05-18,19,Metro,Referral,6+
6148,2026-01-19,2,Tier-3,Referral,4-5
6149,2026-05-18,19,Tier-2,Paid social,6+
6150,2026-01-19,2,Tier-2,Referral,6+
6151,2026-04-13,14,Tier-2,Organic,0-1
6152,2026-01-26,3,Metro,Organic,2-3
6153,2026-04-27,16,Metro,Organic,6+
6154,2026-02-16,6,Metro,Flash sale,0-1
6155,2026-05-04,17,Metro,Organic,4-5
6156,2026-03-16,10,Metro,Referral,2-3
6157,2026-03-16,10,Metro,Referral,4-5
6158,2026-03-02,8,Metro,Paid social,6+
6159,2026-02-02,4,Tier-3,Flash sale,2-3
6160,2026-03-16,10,Tier-2,Referral,0-1
6161,2026-04-06,13,Tier-2,Referral,2-3
6162,2026-01-19,2,Metro,Paid social,4-5
6163,2026-01-19,2,Tier-2,Referral,2-3
6164,2026-03-02,8,Tier-3,Organic,4-5
6165,2026-04-27,16,Tier-2,Organic,2-3
6166,2026-02-23,7,Tier-2,Paid social,4-5
6167,2026-03-02,8,Metro,Referral,0-1
6168,2026-05-18,19,Metro,Referral,2-3
6169,2026-02-09,5,Tier-2,Referral,2-3
6170,2026-02-23,7,Tier-3,Referral,4-5
6171,2026-04-27,16,Metro,Referral,4-5
6172,2026-03-16,10,Metro,Paid social,4-5
6173,2026-01-19,2,Metro,Paid social,6+
6174,2026-02-02,4,Metro,Organic,6+
6175,2026-05-18,19,Tier-3,Organic,0-1
6176,2026-04-27,16,Tier-2,Organic,4-5
6177,2026-05-18,19,Metro,Flash sale,0-1
6178,2026-03-09,9,Metro,Referral,2-3
6179,2026-03-30,12,Metro,Referral,4-5
6180,2026-01-19,2,Metro,Flash sale,2-3
6181,2026-04-13,14,Metro,Organic,4-5
6182,2026-03-23,11,Tier-2,Flash sale,6+
6183,2026-01-05,0,Tier-2,Referral,4-5
6184,2026-04-27,16,Metro,Flash sale,4-5
6185,2026-03-02,8,Tier-2,Organic,6+
6186,2026-05-18,19,Tier-2,Organic,4-5
6187,2026-05-04,17,Metro,Flash sale,0-1
6188,2026-03-02,8,Tier-2,Flash sale,4-5
6189,2026-01-05,0,Tier-2,Referral,2-3
6190,2026-01-19,2,Tier-2,Paid social,0-1
6191,2026-02-09,5,Metro,Organic,6+
6192,2026-02-09,5,Metro,Organic,6+
6193,2026-02-23,7,Metro,Organic,4-5
6194,2026-05-18,19,Metro,Organic,4-5
6195,2026-04-06,13,Metro,Flash sale,4-5
6196,2026-01-26,3,Tier-2,Organic,2-3
6197,2026-04-13,14,Metro,Organic,6+
6198,2026-01-12,1,Metro,Referral,4-5
6199,2026-01-12,1,Tier-3,Organic,2-3
6200,2026-03-30,12,Metro,Referral,4-5
6201,2026-02-02,4,Metro,Organic,0-1
6202,2026-03-02,8,Tier-2,Organic,2-3
6203,2026-04-27,16,Metro,Organic,0-1
6204,2026-02-23,7,Metro,Organic,0-1
6205,2026-01-26,3,Tier-2,Organic,6+
6206,2026-05-18,19,Metro,Referral,2-3
6207,2026-02-09,5,Metro,Paid social,6+
6208,2026-04-06,13,Metro,Organic,4-5
6209,2026-01-26,3,Tier-2,Organic,0-1
6210,2026-01-26,3,Metro,Organic,0-1
6211,2026-04-20,15,Tier-2,Referral,2-3
6212,2026-05-04,17,Metro,Organic,0-1
6213,2026-01-05,0,Tier-2,Organic,4-5
6214,2026-05-18,19,Metro,Paid social,2-3
6215,2026-02-16,6,Metro,Paid social,0-1
6216,2026-05-18,19,Metro,Flash sale,4-5
6217,2026-03-16,10,Tier-2,Organic,6+
6218,2026-04-20,15,Metro,Organic,6+
6219,2026-01-05,0,Metro,Organic,2-3
6220,2026-01-26,3,Metro,Flash sale,0-1
6221,2026-05-18,19,Metro,Referral,6+
6222,2026-01-26,3,Tier-2,Organic,4-5
6223,2026-05-04,17,Metro,Paid social,6+
6224,2026-01-19,2,Metro,Flash sale,0-1
6225,2026-03-30,12,Metro,Referral,2-3
6226,2026-02-23,7,Metro,Organic,2-3
6227,2026-03-02,8,Metro,Organic,4-5
6228,2026-04-13,14,Metro,Organic,4-5
6229,2026-01-26,3,Metro,Referral,4-5
6230,2026-02-16,6,Tier-3,Organic,2-3
6231,2026-03-23,11,Metro,Organic,2-3
6232,2026-02-23,7,Tier-2,Referral,0-1
6233,2026-02-02,4,Metro,Referral,2-3
6234,2026-01-05,0,Metro,Flash sale,0-1
6235,2026-03-30,12,Metro,Flash sale,6+
6236,2026-01-12,1,Metro,Flash sale,4-5
6237,2026-01-19,2,Tier-2,Flash sale,4-5
6238,2026-02-02,4,Tier-2,Organic,6+
6239,2026-04-13,14,Tier-2,Organic,4-5
6240,2026-01-19,2,Tier-2,Flash sale,2-3
6241,2026-02-16,6,Metro,Organic,2-3
6242,2026-01-12,1,Metro,Flash sale,0-1
6243,2026-03-16,10,Tier-2,Flash sale,4-5
6244,2026-01-26,3,Metro,Organic,6+
6245,2026-01-26,3,Metro,Referral,4-5
6246,2026-02-16,6,Tier-3,Referral,2-3
6247,2026-02-09,5,Tier-3,Flash sale,2-3
6248,2026-01-05,0,Tier-2,Paid social,2-3
6249,2026-03-09,9,Metro,Organic,2-3
6250,2026-03-16,10,Tier-2,Organic,0-1
6251,2026-03-09,9,Metro,Organic,2-3
6252,2026-03-02,8,Metro,Flash sale,0-1
6253,2026-05-18,19,Metro,Organic,4-5
6254,2026-02-09,5,Tier-3,Paid social,6+
6255,2026-02-16,6,Tier-3,Organic,0-1
6256,2026-03-16,10,Tier-2,Flash sale,0-1
6257,2026-01-12,1,Metro,Flash sale,6+
6258,2026-05-18,19,Metro,Organic,2-3
6259,2026-03-16,10,Metro,Referral,2-3
6260,2026-04-06,13,Tier-3,Flash sale,6+
6261,2026-02-16,6,Metro,Referral,6+
6262,2026-04-06,13,Metro,Flash sale,4-5
6263,2026-05-04,17,Tier-2,Flash sale,0-1
6264,2026-03-23,11,Metro,Flash sale,4-5
6265,2026-02-02,4,Tier-2,Referral,4-5
6266,2026-04-06,13,Metro,Organic,2-3
6267,2026-05-04,17,Tier-2,Flash sale,4-5
6268,2026-04-06,13,Metro,Organic,4-5
6269,2026-04-06,13,Metro,Flash sale,4-5
6270,2026-03-09,9,Metro,Organic,4-5
6271,2026-01-26,3,Metro,Paid social,6+
6272,2026-04-13,14,Tier-2,Organic,0-1
6273,2026-03-02,8,Metro,Organic,0-1
6274,2026-02-02,4,Metro,Organic,0-1
6275,2026-03-09,9,Tier-2,Organic,0-1
6276,2026-01-05,0,Metro,Organic,2-3
6277,2026-03-16,10,Tier-2,Referral,0-1
6278,2026-03-16,10,Tier-2,Organic,0-1
6279,2026-02-23,7,Metro,Organic,4-5
6280,2026-04-13,14,Tier-2,Organic,6+
6281,2026-03-23,11,Metro,Organic,6+
6282,2026-02-23,7,Metro,Paid social,0-1
6283,2026-04-13,14,Metro,Organic,0-1
6284,2026-01-19,2,Tier-2,Referral,4-5
6285,2026-03-16,10,Tier-2,Flash sale,6+
6286,2026-01-19,2,Metro,Flash sale,6+
6287,2026-03-30,12,Tier-3,Referral,2-3
6288,2026-01-05,0,Metro,Organic,0-1
6289,2026-05-04,17,Tier-3,Paid social,6+
6290,2026-01-05,0,Tier-2,Flash sale,2-3
6291,2026-03-09,9,Tier-3,Organic,2-3
6292,2026-04-06,13,Tier-3,Paid social,2-3
6293,2026-03-02,8,Tier-3,Organic,6+
6294,2026-02-02,4,Metro,Paid social,2-3
6295,2026-02-02,4,Tier-2,Paid social,4-5
6296,2026-04-27,16,Tier-2,Organic,4-5
6297,2026-01-19,2,Tier-2,Organic,6+
6298,2026-04-13,14,Metro,Referral,6+
6299,2026-02-09,5,Tier-3,Organic,4-5
6300,2026-01-05,0,Metro,Referral,0-1
6301,2026-03-02,8,Metro,Organic,2-3
6302,2026-01-12,1,Metro,Organic,4-5
6303,2026-04-20,15,Metro,Flash sale,6+
6304,2026-04-20,15,Tier-2,Referral,6+
6305,2026-02-02,4,Metro,Referral,2-3
6306,2026-04-20,15,Tier-2,Flash sale,4-5
6307,2026-04-13,14,Tier-2,Organic,2-3
6308,2026-04-06,13,Metro,Flash sale,4-5
6309,2026-01-12,1,Tier-2,Organic,2-3
6310,2026-01-19,2,Metro,Organic,4-5
6311,2026-01-26,3,Tier-2,Organic,6+
6312,2026-04-27,16,Tier-3,Flash sale,6+
6313,2026-02-16,6,Metro,Organic,4-5
6314,2026-03-16,10,Tier-2,Organic,6+
6315,2026-03-09,9,Metro,Flash sale,0-1
6316,2026-05-18,19,Metro,Organic,0-1
6317,2026-01-26,3,Tier-2,Paid social,6+
6318,2026-04-20,15,Metro,Organic,4-5
6319,2026-01-19,2,Tier-2,Organic,2-3
6320,2026-05-18,19,Metro,Paid social,4-5
6321,2026-03-23,11,Metro,Flash sale,0-1
6322,2026-02-09,5,Tier-3,Referral,0-1
6323,2026-03-02,8,Metro,Flash sale,0-1
6324,2026-04-13,14,Tier-2,Organic,4-5
6325,2026-03-02,8,Metro,Flash sale,0-1
6326,2026-01-12,1,Tier-2,Flash sale,0-1
6327,2026-02-16,6,Tier-2,Flash sale,4-5
6328,2026-05-11,18,Metro,Organic,4-5
6329,2026-02-23,7,Metro,Organic,2-3
6330,2026-03-09,9,Metro,Organic,4-5
6331,2026-01-26,3,Tier-3,Referral,0-1
6332,2026-01-05,0,Metro,Organic,2-3
6333,2026-02-09,5,Metro,Paid social,2-3
6334,2026-05-04,17,Tier-2,Organic,2-3
6335,2026-03-16,10,Metro,Flash sale,6+
6336,2026-02-23,7,Metro,Organic,0-1
6337,2026-03-16,10,Metro,Flash sale,4-5
6338,2026-04-27,16,Metro,Referral,2-3
6339,2026-05-11,18,Tier-2,Flash sale,2-3
6340,2026-02-16,6,Tier-3,Organic,0-1
6341,2026-04-27,16,Tier-3,Referral,4-5
6342,2026-04-27,16,Tier-3,Organic,0-1
6343,2026-01-05,0,Metro,Flash sale,0-1
6344,2026-05-04,17,Metro,Referral,2-3
6345,2026-02-02,4,Tier-2,Organic,6+
6346,2026-04-20,15,Tier-3,Flash sale,0-1
6347,2026-05-04,17,Tier-2,Referral,0-1
6348,2026-03-23,11,Metro,Organic,2-3
6349,2026-02-16,6,Tier-2,Organic,0-1
6350,2026-05-04,17,Tier-2,Flash sale,4-5
6351,2026-03-09,9,Tier-3,Referral,2-3
6352,2026-04-20,15,Tier-2,Flash sale,4-5
6353,2026-04-06,13,Metro,Flash sale,0-1
6354,2026-02-16,6,Metro,Organic,0-1
6355,2026-03-16,10,Metro,Organic,0-1
6356,2026-02-02,4,Metro,Organic,4-5
6357,2026-01-05,0,Tier-3,Organic,4-5
6358,2026-04-06,13,Metro,Organic,0-1
6359,2026-02-02,4,Metro,Organic,2-3
6360,2026-03-16,10,Metro,Flash sale,4-5
6361,2026-01-19,2,Tier-2,Flash sale,0-1
6362,2026-04-06,13,Metro,Organic,0-1
6363,2026-01-26,3,Metro,Flash sale,4-5
6364,2026-02-02,4,Tier-3,Organic,4-5
6365,2026-01-19,2,Metro,Organic,4-5
6366,2026-05-11,18,Metro,Paid social,2-3
6367,2026-03-30,12,Metro,Flash sale,6+
6368,2026-04-06,13,Tier-2,Organic,0-1
6369,2026-03-02,8,Tier-2,Organic,0-1
6370,2026-05-04,17,Tier-3,Flash sale,4-5
6371,2026-01-12,1,Metro,Organic,6+
6372,2026-03-02,8,Tier-3,Paid social,0-1
6373,2026-01-12,1,Tier-2,Flash sale,4-5
6374,2026-04-06,13,Metro,Organic,6+
6375,2026-05-18,19,Metro,Flash sale,4-5
6376,2026-04-20,15,Metro,Flash sale,6+
6377,2026-01-26,3,Tier-3,Flash sale,2-3
6378,2026-04-20,15,Metro,Paid social,6+
6379,2026-02-09,5,Metro,Paid social,2-3
6380,2026-02-16,6,Tier-2,Organic,2-3
6381,2026-03-23,11,Tier-3,Organic,0-1
6382,2026-03-09,9,Tier-2,Organic,6+
6383,2026-01-26,3,Tier-2,Flash sale,4-5
6384,2026-03-16,10,Metro,Flash sale,6+
6385,2026-01-26,3,Tier-3,Organic,4-5
6386,2026-04-13,14,Metro,Paid social,2-3
6387,2026-01-12,1,Metro,Organic,0-1
6388,2026-04-27,16,Tier-3,Referral,4-5
6389,2026-05-18,19,Metro,Referral,2-3
6390,2026-04-13,14,Metro,Organic,4-5
6391,2026-03-30,12,Tier-2,Organic,6+
6392,2026-03-02,8,Metro,Organic,4-5
6393,2026-03-16,10,Metro,Paid social,2-3
6394,2026-03-16,10,Tier-2,Organic,6+
6395,2026-05-04,17,Tier-2,Referral,4-5
6396,2026-01-19,2,Tier-2,Flash sale,2-3
6397,2026-03-23,11,Metro,Flash sale,6+
6398,2026-03-16,10,Tier-2,Paid social,2-3
6399,2026-02-09,5,Tier-2,Flash sale,0-1
6400,2026-03-02,8,Metro,Referral,0-1
6401,2026-03-09,9,Metro,Flash sale,4-5
6402,2026-01-05,0,Metro,Organic,4-5
6403,2026-03-09,9,Metro,Organic,6+
6404,2026-01-26,3,Metro,Organic,0-1
6405,2026-02-23,7,Tier-2,Referral,2-3
6406,2026-02-09,5,Tier-3,Organic,0-1
6407,2026-04-20,15,Metro,Flash sale,2-3
6408,2026-05-18,19,Tier-2,Organic,6+
6409,2026-01-19,2,Metro,Flash sale,6+
6410,2026-02-09,5,Metro,Referral,2-3
6411,2026-01-26,3,Tier-2,Flash sale,0-1
6412,2026-03-09,9,Metro,Paid social,6+
6413,2026-02-23,7,Tier-3,Organic,0-1
6414,2026-03-09,9,Metro,Organic,0-1
6415,2026-01-12,1,Metro,Flash sale,2-3
6416,2026-05-04,17,Metro,Organic,6+
6417,2026-05-18,19,Metro,Flash sale,6+
6418,2026-05-11,18,Tier-3,Referral,2-3
6419,2026-03-09,9,Tier-2,Organic,2-3
6420,2026-04-06,13,Metro,Paid social,0-1
6421,2026-01-12,1,Metro,Organic,2-3
6422,2026-03-30,12,Tier-2,Flash sale,4-5
6423,2026-03-30,12,Tier-2,Organic,2-3
6424,2026-04-13,14,Metro,Flash sale,6+
6425,2026-04-20,15,Metro,Organic,2-3
6426,2026-01-05,0,Metro,Paid social,6+
6427,2026-03-02,8,Metro,Paid social,4-5
6428,2026-03-09,9,Metro,Flash sale,4-5
6429,2026-03-09,9,Metro,Flash sale,6+
6430,2026-03-16,10,Metro,Flash sale,6+
6431,2026-04-13,14,Metro,Flash sale,2-3
6432,2026-03-23,11,Metro,Flash sale,2-3
6433,2026-02-02,4,Tier-3,Flash sale,4-5
6434,2026-04-06,13,Tier-2,Paid social,0-1
6435,2026-03-23,11,Metro,Flash sale,4-5
6436,2026-01-26,3,Metro,Organic,2-3
6437,2026-03-30,12,Metro,Paid social,6+
6438,2026-03-16,10,Tier-3,Organic,0-1
6439,2026-04-27,16,Tier-2,Organic,4-5
6440,2026-02-23,7,Metro,Paid social,4-5
6441,2026-05-04,17,Tier-3,Organic,0-1
6442,2026-03-16,10,Tier-2,Organic,4-5
6443,2026-05-11,18,Tier-2,Flash sale,4-5
6444,2026-01-19,2,Metro,Referral,2-3
6445,2026-01-19,2,Metro,Organic,4-5
6446,2026-02-02,4,Tier-2,Flash sale,2-3
6447,2026-04-27,16,Metro,Organic,4-5
6448,2026-03-16,10,Tier-2,Flash sale,0-1
6449,2026-04-06,13,Tier-2,Organic,2-3
6450,2026-01-05,0,Metro,Organic,0-1
6451,2026-02-23,7,Metro,Paid social,0-1
6452,2026-02-23,7,Metro,Flash sale,0-1
6453,2026-05-11,18,Metro,Referral,0-1
6454,2026-01-19,2,Tier-2,Paid social,4-5
6455,2026-05-04,17,Tier-2,Paid social,0-1
6456,2026-02-23,7,Metro,Referral,2-3
6457,2026-04-20,15,Tier-2,Organic,0-1
6458,2026-02-09,5,Metro,Referral,2-3
6459,2026-01-12,1,Tier-2,Flash sale,0-1
6460,2026-04-06,13,Metro,Organic,2-3
6461,2026-01-26,3,Tier-2,Organic,0-1
6462,2026-01-19,2,Tier-2,Organic,4-5
6463,2026-05-11,18,Metro,Flash sale,2-3
6464,2026-02-02,4,Tier-2,Referral,4-5
6465,2026-05-18,19,Tier-3,Flash sale,6+
6466,2026-02-16,6,Metro,Organic,2-3
6467,2026-02-09,5,Tier-2,Organic,4-5
6468,2026-03-09,9,Tier-3,Paid social,6+
6469,2026-02-09,5,Tier-3,Flash sale,2-3
6470,2026-05-11,18,Metro,Flash sale,0-1
6471,2026-03-30,12,Tier-2,Referral,4-5
6472,2026-04-13,14,Tier-3,Referral,4-5
6473,2026-01-12,1,Tier-2,Flash sale,2-3
6474,2026-02-02,4,Metro,Flash sale,2-3
6475,2026-03-23,11,Metro,Organic,0-1
6476,2026-03-09,9,Tier-2,Paid social,4-5
6477,2026-05-18,19,Metro,Flash sale,4-5
6478,2026-04-13,14,Metro,Referral,4-5
6479,2026-02-09,5,Metro,Organic,2-3
6480,2026-03-09,9,Tier-2,Flash sale,0-1
6481,2026-04-13,14,Metro,Organic,4-5
6482,2026-03-02,8,Tier-3,Flash sale,4-5
6483,2026-03-16,10,Tier-2,Flash sale,0-1
6484,2026-04-20,15,Tier-3,Referral,0-1
6485,2026-02-09,5,Tier-3,Organic,2-3
6486,2026-01-12,1,Metro,Paid social,0-1
6487,2026-03-02,8,Tier-2,Organic,0-1
6488,2026-02-02,4,Metro,Flash sale,4-5
6489,2026-03-23,11,Tier-3,Organic,2-3
6490,2026-05-04,17,Metro,Organic,2-3
6491,2026-04-20,15,Tier-2,Paid social,4-5
6492,2026-04-13,14,Tier-2,Organic,0-1
6493,2026-03-16,10,Metro,Paid social,0-1
6494,2026-05-04,17,Tier-2,Organic,2-3
6495,2026-05-11,18,Metro,Flash sale,2-3
6496,2026-04-20,15,Metro,Organic,4-5
6497,2026-01-19,2,Metro,Flash sale,0-1
6498,2026-02-09,5,Metro,Paid social,2-3
6499,2026-05-18,19,Tier-2,Flash sale,4-5
6500,2026-01-12,1,Tier-3,Organic,6+
6501,2026-03-23,11,Metro,Referral,4-5
6502,2026-03-30,12,Tier-2,Referral,4-5
6503,2026-02-23,7,Tier-3,Organic,6+
6504,2026-04-13,14,Tier-2,Flash sale,4-5
6505,2026-01-12,1,Metro,Flash sale,4-5
6506,2026-02-02,4,Tier-3,Referral,4-5
6507,2026-02-09,5,Metro,Organic,6+
6508,2026-01-26,3,Tier-2,Flash sale,6+
6509,2026-03-02,8,Tier-2,Paid social,0-1
6510,2026-03-09,9,Tier-2,Flash sale,2-3
6511,2026-05-11,18,Metro,Flash sale,4-5
6512,2026-03-09,9,Metro,Paid social,4-5
6513,2026-04-20,15,Tier-2,Organic,2-3
6514,2026-01-12,1,Metro,Organic,4-5
6515,2026-01-12,1,Metro,Referral,2-3
6516,2026-02-23,7,Tier-2,Referral,4-5
6517,2026-02-16,6,Tier-2,Paid social,4-5
6518,2026-05-11,18,Metro,Flash sale,6+
6519,2026-03-09,9,Metro,Organic,6+
6520,2026-03-09,9,Tier-3,Organic,4-5
6521,2026-05-04,17,Metro,Organic,6+
6522,2026-05-04,17,Metro,Paid social,6+
6523,2026-04-20,15,Metro,Organic,2-3
6524,2026-03-02,8,Metro,Flash sale,6+
6525,2026-02-02,4,Tier-3,Flash sale,4-5
6526,2026-01-05,0,Metro,Organic,6+
6527,2026-01-12,1,Metro,Organic,0-1
6528,2026-04-27,16,Metro,Flash sale,2-3
6529,2026-01-19,2,Metro,Organic,4-5
6530,2026-03-02,8,Metro,Paid social,4-5
6531,2026-03-16,10,Tier-3,Paid social,2-3
6532,2026-03-23,11,Tier-2,Organic,0-1
6533,2026-01-12,1,Metro,Paid social,0-1
6534,2026-03-16,10,Metro,Organic,4-5
6535,2026-02-02,4,Metro,Organic,0-1
6536,2026-02-16,6,Metro,Organic,0-1
6537,2026-04-27,16,Tier-2,Referral,6+
6538,2026-03-09,9,Metro,Flash sale,6+
6539,2026-03-02,8,Tier-2,Organic,0-1
6540,2026-01-05,0,Tier-3,Referral,0-1
6541,2026-05-18,19,Metro,Referral,2-3
6542,2026-03-23,11,Tier-3,Referral,4-5
6543,2026-04-20,15,Metro,Flash sale,0-1
6544,2026-03-02,8,Metro,Referral,6+
6545,2026-02-09,5,Tier-2,Flash sale,2-3
6546,2026-02-09,5,Metro,Organic,4-5
6547,2026-01-05,0,Tier-2,Referral,0-1
6548,2026-05-04,17,Tier-2,Organic,2-3
6549,2026-03-16,10,Metro,Referral,4-5
6550,2026-02-23,7,Tier-3,Flash sale,4-5
6551,2026-04-13,14,Metro,Organic,0-1
6552,2026-01-19,2,Tier-2,Organic,2-3
6553,2026-03-09,9,Metro,Flash sale,0-1
6554,2026-03-02,8,Metro,Referral,2-3
6555,2026-05-11,18,Metro,Referral,0-1
6556,2026-04-20,15,Tier-3,Flash sale,6+
6557,2026-04-20,15,Metro,Organic,2-3
6558,2026-02-09,5,Tier-3,Organic,2-3
6559,2026-03-16,10,Metro,Referral,4-5
6560,2026-05-18,19,Metro,Flash sale,0-1
6561,2026-01-05,0,Metro,Referral,0-1
6562,2026-04-06,13,Metro,Organic,6+
6563,2026-02-16,6,Tier-3,Organic,4-5
6564,2026-04-13,14,Metro,Flash sale,0-1
6565,2026-03-09,9,Tier-2,Flash sale,2-3
6566,2026-04-13,14,Tier-2,Flash sale,6+
6567,2026-02-09,5,Metro,Organic,0-1
6568,2026-05-04,17,Tier-2,Referral,2-3
6569,2026-04-27,16,Tier-3,Flash sale,0-1
6570,2026-03-30,12,Tier-2,Referral,4-5
6571,2026-03-02,8,Metro,Flash sale,4-5
6572,2026-01-26,3,Tier-2,Flash sale,4-5
6573,2026-02-02,4,Tier-2,Flash sale,2-3
6574,2026-02-23,7,Metro,Flash sale,2-3
6575,2026-04-20,15,Tier-2,Flash sale,4-5
6576,2026-05-11,18,Metro,Flash sale,6+
6577,2026-03-30,12,Tier-2,Organic,6+
6578,2026-05-11,18,Tier-3,Paid social,6+
6579,2026-01-26,3,Tier-3,Organic,0-1
6580,2026-04-13,14,Tier-2,Organic,2-3
6581,2026-03-16,10,Tier-2,Referral,2-3
6582,2026-01-19,2,Tier-2,Organic,6+
6583,2026-04-06,13,Metro,Paid social,2-3
6584,2026-05-11,18,Metro,Flash sale,0-1
6585,2026-03-02,8,Metro,Organic,2-3
6586,2026-02-09,5,Metro,Organic,0-1
6587,2026-02-16,6,Tier-3,Organic,2-3
6588,2026-03-30,12,Tier-3,Organic,2-3
6589,2026-04-06,13,Metro,Organic,4-5
6590,2026-02-02,4,Metro,Organic,0-1
6591,2026-04-06,13,Tier-2,Organic,4-5
6592,2026-04-13,14,Metro,Flash sale,4-5
6593,2026-01-05,0,Tier-2,Organic,4-5
6594,2026-02-23,7,Tier-3,Organic,6+
6595,2026-02-02,4,Metro,Organic,0-1
6596,2026-04-20,15,Metro,Organic,0-1
6597,2026-03-30,12,Metro,Organic,2-3
6598,2026-03-16,10,Metro,Organic,4-5
6599,2026-02-02,4,Metro,Organic,6+
6600,2026-03-09,9,Metro,Paid social,0-1
6601,2026-05-18,19,Metro,Organic,2-3
6602,2026-05-18,19,Metro,Organic,4-5
6603,2026-01-26,3,Metro,Flash sale,4-5
6604,2026-03-09,9,Tier-2,Flash sale,4-5
6605,2026-04-13,14,Metro,Organic,4-5
6606,2026-02-09,5,Tier-3,Referral,0-1
6607,2026-05-18,19,Metro,Referral,2-3
6608,2026-03-09,9,Metro,Paid social,4-5
6609,2026-02-16,6,Metro,Paid social,0-1
6610,2026-05-11,18,Tier-2,Flash sale,6+
6611,2026-03-30,12,Metro,Flash sale,4-5
6612,2026-01-12,1,Metro,Flash sale,4-5
6613,2026-01-19,2,Metro,Paid social,4-5
6614,2026-05-18,19,Tier-3,Flash sale,6+
6615,2026-03-30,12,Metro,Organic,0-1
6616,2026-05-04,17,Metro,Organic,6+
6617,2026-05-18,19,Tier-3,Flash sale,0-1
6618,2026-04-13,14,Metro,Flash sale,6+
6619,2026-05-18,19,Metro,Referral,0-1
6620,2026-05-18,19,Tier-2,Organic,2-3
6621,2026-03-02,8,Metro,Referral,4-5
6622,2026-03-30,12,Metro,Organic,4-5
6623,2026-04-27,16,Metro,Flash sale,0-1
6624,2026-05-11,18,Metro,Organic,2-3
6625,2026-04-27,16,Tier-3,Organic,6+
6626,2026-04-27,16,Tier-2,Flash sale,0-1
6627,2026-02-16,6,Tier-2,Organic,6+
6628,2026-03-02,8,Metro,Organic,4-5
6629,2026-04-27,16,Tier-2,Referral,6+
6630,2026-01-19,2,Tier-2,Organic,6+
6631,2026-01-26,3,Metro,Referral,0-1
6632,2026-04-20,15,Tier-3,Referral,6+
6633,2026-05-18,19,Tier-2,Organic,2-3
6634,2026-03-02,8,Tier-2,Paid social,2-3
6635,2026-05-04,17,Metro,Referral,6+
6636,2026-02-23,7,Metro,Referral,2-3
6637,2026-03-16,10,Tier-2,Referral,4-5
6638,2026-05-18,19,Tier-2,Flash sale,4-5
6639,2026-02-23,7,Metro,Paid social,2-3
6640,2026-05-04,17,Metro,Organic,6+
6641,2026-05-11,18,Tier-2,Organic,6+
6642,2026-04-13,14,Metro,Referral,4-5
6643,2026-01-12,1,Metro,Organic,4-5
6644,2026-05-18,19,Tier-2,Flash sale,0-1
6645,2026-03-09,9,Metro,Organic,4-5
6646,2026-02-09,5,Metro,Organic,6+
6647,2026-03-09,9,Metro,Paid social,6+
6648,2026-03-02,8,Tier-3,Organic,4-5
6649,2026-02-23,7,Metro,Organic,6+
6650,2026-04-06,13,Tier-2,Flash sale,6+
6651,2026-01-19,2,Tier-3,Referral,4-5
6652,2026-03-30,12,Tier-2,Referral,6+
6653,2026-02-09,5,Metro,Organic,0-1
6654,2026-04-20,15,Metro,Paid social,4-5
6655,2026-05-18,19,Metro,Flash sale,4-5
6656,2026-03-09,9,Tier-2,Referral,2-3
6657,2026-04-27,16,Tier-3,Organic,4-5
6658,2026-02-16,6,Tier-2,Organic,6+
6659,2026-04-27,16,Metro,Flash sale,4-5
6660,2026-03-16,10,Metro,Flash sale,2-3
6661,2026-03-16,10,Tier-3,Organic,2-3
6662,2026-01-19,2,Metro,Flash sale,4-5
6663,2026-04-06,13,Tier-2,Flash sale,4-5
6664,2026-04-20,15,Metro,Organic,2-3
6665,2026-03-16,10,Tier-2,Flash sale,4-5
6666,2026-01-26,3,Tier-2,Organic,2-3
6667,2026-04-06,13,Metro,Paid social,6+
6668,2026-03-30,12,Metro,Flash sale,4-5
6669,2026-05-04,17,Tier-2,Flash sale,6+
6670,2026-05-18,19,Metro,Paid social,2-3
6671,2026-02-02,4,Metro,Flash sale,2-3
6672,2026-02-09,5,Metro,Organic,2-3
6673,2026-05-18,19,Metro,Flash sale,4-5
6674,2026-01-19,2,Tier-2,Paid social,4-5
6675,2026-05-11,18,Metro,Organic,4-5
6676,2026-01-26,3,Metro,Flash sale,6+
6677,2026-03-02,8,Tier-3,Organic,4-5
6678,2026-01-19,2,Metro,Referral,6+
6679,2026-05-18,19,Metro,Flash sale,0-1
6680,2026-03-16,10,Tier-2,Paid social,2-3
6681,2026-05-04,17,Tier-3,Flash sale,4-5
6682,2026-01-05,0,Tier-2,Organic,2-3
6683,2026-01-05,0,Tier-2,Flash sale,4-5
6684,2026-03-16,10,Metro,Paid social,4-5
6685,2026-01-05,0,Metro,Organic,2-3
6686,2026-03-16,10,Tier-3,Organic,4-5
6687,2026-04-13,14,Tier-3,Referral,6+
6688,2026-03-09,9,Tier-2,Flash sale,4-5
6689,2026-04-20,15,Metro,Organic,6+
6690,2026-01-19,2,Metro,Organic,0-1
6691,2026-02-02,4,Metro,Organic,6+
6692,2026-01-26,3,Tier-3,Flash sale,6+
6693,2026-03-09,9,Tier-2,Flash sale,6+
6694,2026-02-23,7,Metro,Flash sale,4-5
6695,2026-03-16,10,Metro,Referral,2-3
6696,2026-01-26,3,Metro,Organic,4-5
6697,2026-03-02,8,Metro,Flash sale,6+
6698,2026-04-20,15,Tier-2,Organic,6+
6699,2026-01-12,1,Tier-2,Flash sale,6+
6700,2026-04-20,15,Metro,Flash sale,6+
6701,2026-02-02,4,Tier-2,Flash sale,4-5
6702,2026-05-04,17,Tier-3,Paid social,2-3
6703,2026-04-27,16,Metro,Organic,0-1
6704,2026-03-02,8,Metro,Organic,6+
6705,2026-01-12,1,Metro,Flash sale,0-1
6706,2026-02-23,7,Metro,Flash sale,0-1
6707,2026-03-30,12,Metro,Organic,2-3
6708,2026-02-16,6,Tier-2,Paid social,4-5
6709,2026-03-30,12,Metro,Referral,4-5
6710,2026-04-27,16,Metro,Flash sale,2-3
6711,2026-05-18,19,Tier-3,Flash sale,4-5
6712,2026-02-23,7,Metro,Organic,6+
6713,2026-05-18,19,Tier-2,Flash sale,6+
6714,2026-02-02,4,Tier-2,Flash sale,6+
6715,2026-05-11,18,Tier-2,Paid social,6+
6716,2026-01-19,2,Tier-2,Flash sale,0-1
6717,2026-03-16,10,Tier-2,Organic,0-1
6718,2026-04-06,13,Tier-2,Organic,0-1
6719,2026-01-05,0,Metro,Organic,0-1
6720,2026-03-02,8,Metro,Paid social,6+
6721,2026-02-09,5,Metro,Referral,4-5
6722,2026-04-27,16,Metro,Referral,6+
6723,2026-03-09,9,Metro,Referral,2-3
6724,2026-01-19,2,Metro,Organic,6+
6725,2026-01-05,0,Metro,Referral,6+
6726,2026-01-05,0,Metro,Referral,0-1
6727,2026-01-05,0,Metro,Organic,6+
6728,2026-03-09,9,Tier-2,Flash sale,0-1
6729,2026-02-16,6,Tier-2,Flash sale,2-3
6730,2026-02-02,4,Tier-2,Paid social,0-1
6731,2026-02-23,7,Metro,Organic,4-5
6732,2026-03-02,8,Tier-3,Paid social,0-1
6733,2026-03-23,11,Tier-2,Paid social,6+
6734,2026-03-09,9,Metro,Paid social,2-3
6735,2026-05-11,18,Tier-3,Organic,6+
6736,2026-02-23,7,Metro,Organic,2-3
6737,2026-02-23,7,Tier-2,Flash sale,4-5
6738,2026-03-02,8,Tier-2,Organic,4-5
6739,2026-01-05,0,Metro,Organic,6+
6740,2026-04-13,14,Tier-2,Referral,2-3
6741,2026-03-16,10,Metro,Organic,4-5
6742,2026-02-23,7,Metro,Flash sale,2-3
6743,2026-02-23,7,Metro,Paid social,0-1
6744,2026-03-16,10,Metro,Flash sale,6+
6745,2026-05-11,18,Metro,Paid social,4-5
6746,2026-02-23,7,Tier-2,Flash sale,2-3
6747,2026-03-02,8,Metro,Organic,6+
6748,2026-01-19,2,Metro,Organic,6+
6749,2026-02-16,6,Tier-2,Organic,6+
6750,2026-04-13,14,Metro,Organic,2-3
6751,2026-04-13,14,Metro,Referral,0-1
6752,2026-04-27,16,Tier-2,Paid social,2-3
6753,2026-03-09,9,Tier-3,Organic,2-3
6754,2026-05-11,18,Metro,Organic,0-1
6755,2026-03-23,11,Metro,Flash sale,4-5
6756,2026-01-19,2,Tier-2,Flash sale,2-3
6757,2026-01-26,3,Tier-3,Organic,6+
6758,2026-03-09,9,Metro,Organic,0-1
6759,2026-02-23,7,Metro,Organic,4-5
6760,2026-01-19,2,Metro,Flash sale,4-5
6761,2026-01-05,0,Tier-2,Organic,0-1
6762,2026-03-30,12,Tier-3,Referral,2-3
6763,2026-04-20,15,Tier-2,Organic,6+
6764,2026-02-02,4,Metro,Flash sale,2-3
6765,2026-02-02,4,Tier-2,Flash sale,4-5
6766,2026-03-16,10,Tier-2,Organic,4-5
6767,2026-01-19,2,Metro,Paid social,6+
6768,2026-04-27,16,Tier-2,Flash sale,4-5
6769,2026-03-23,11,Metro,Paid social,6+
6770,2026-02-23,7,Metro,Flash sale,6+
6771,2026-03-23,11,Tier-2,Flash sale,0-1
6772,2026-01-26,3,Metro,Organic,6+
6773,2026-02-16,6,Tier-3,Flash sale,6+
6774,2026-03-16,10,Metro,Flash sale,0-1
6775,2026-05-18,19,Metro,Flash sale,2-3
6776,2026-04-27,16,Metro,Organic,2-3
6777,2026-03-30,12,Metro,Organic,6+
6778,2026-02-16,6,Metro,Organic,2-3
6779,2026-05-11,18,Tier-2,Organic,0-1
6780,2026-01-19,2,Metro,Flash sale,0-1
6781,2026-02-16,6,Metro,Paid social,6+
6782,2026-03-02,8,Tier-2,Organic,0-1
6783,2026-03-23,11,Metro,Organic,2-3
6784,2026-04-06,13,Tier-2,Organic,4-5
6785,2026-03-02,8,Metro,Organic,0-1
6786,2026-05-11,18,Metro,Flash sale,0-1
6787,2026-03-02,8,Tier-2,Organic,6+
6788,2026-03-30,12,Tier-2,Paid social,2-3
6789,2026-01-05,0,Tier-2,Paid social,2-3
6790,2026-01-26,3,Metro,Flash sale,6+
6791,2026-02-02,4,Metro,Paid social,0-1
6792,2026-01-05,0,Tier-2,Flash sale,2-3
6793,2026-05-04,17,Tier-2,Paid social,6+
6794,2026-03-30,12,Tier-2,Organic,6+
6795,2026-04-27,16,Tier-2,Paid social,2-3
6796,2026-02-16,6,Tier-2,Organic,6+
6797,2026-01-19,2,Metro,Organic,4-5
6798,2026-02-16,6,Tier-2,Paid social,4-5
6799,2026-01-05,0,Metro,Organic,6+
6800,2026-02-16,6,Metro,Organic,4-5
6801,2026-01-19,2,Tier-2,Organic,2-3
6802,2026-02-02,4,Metro,Organic,4-5
6803,2026-03-30,12,Metro,Organic,0-1
6804,2026-05-18,19,Tier-3,Flash sale,2-3
6805,2026-02-02,4,Tier-2,Flash sale,4-5
6806,2026-05-18,19,Metro,Referral,2-3
6807,2026-04-20,15,Tier-3,Organic,4-5
6808,2026-01-19,2,Metro,Referral,2-3
6809,2026-01-05,0,Tier-2,Flash sale,0-1
6810,2026-01-19,2,Metro,Referral,0-1
6811,2026-04-13,14,Metro,Referral,4-5
6812,2026-04-06,13,Metro,Paid social,0-1
6813,2026-05-04,17,Metro,Organic,2-3
6814,2026-03-16,10,Metro,Flash sale,4-5
6815,2026-01-05,0,Metro,Paid social,0-1
6816,2026-05-18,19,Tier-2,Referral,2-3
6817,2026-05-04,17,Metro,Organic,2-3
6818,2026-04-13,14,Metro,Flash sale,2-3
6819,2026-05-11,18,Tier-3,Referral,6+
6820,2026-02-09,5,Tier-2,Organic,6+
6821,2026-03-16,10,Tier-3,Flash sale,2-3
6822,2026-03-16,10,Metro,Referral,6+
6823,2026-02-09,5,Metro,Flash sale,0-1
6824,2026-05-18,19,Tier-2,Organic,2-3
6825,2026-03-23,11,Tier-2,Flash sale,6+
6826,2026-05-11,18,Metro,Flash sale,0-1
6827,2026-02-16,6,Tier-3,Flash sale,2-3
6828,2026-03-09,9,Tier-2,Flash sale,6+
6829,2026-05-11,18,Tier-2,Flash sale,6+
6830,2026-01-26,3,Metro,Paid social,6+
6831,2026-03-16,10,Tier-2,Referral,6+
6832,2026-04-20,15,Metro,Referral,6+
6833,2026-04-20,15,Tier-3,Flash sale,2-3
6834,2026-04-20,15,Metro,Organic,2-3
6835,2026-03-30,12,Metro,Referral,2-3
6836,2026-01-05,0,Metro,Organic,0-1
6837,2026-02-09,5,Tier-2,Flash sale,0-1
6838,2026-04-20,15,Tier-3,Organic,6+
6839,2026-03-16,10,Tier-3,Flash sale,0-1
6840,2026-02-23,7,Tier-2,Flash sale,4-5
6841,2026-05-04,17,Tier-3,Flash sale,0-1
6842,2026-02-16,6,Tier-2,Flash sale,4-5
6843,2026-02-23,7,Metro,Organic,2-3
6844,2026-03-02,8,Tier-2,Organic,0-1
6845,2026-02-16,6,Metro,Flash sale,2-3
6846,2026-03-16,10,Metro,Paid social,4-5
6847,2026-05-18,19,Metro,Paid social,6+
6848,2026-05-18,19,Metro,Paid social,2-3
6849,2026-02-16,6,Tier-3,Organic,2-3
6850,2026-02-23,7,Tier-3,Organic,4-5
6851,2026-05-04,17,Metro,Flash sale,2-3
6852,2026-03-23,11,Tier-2,Flash sale,0-1
6853,2026-01-26,3,Metro,Referral,0-1
6854,2026-03-16,10,Metro,Referral,2-3
6855,2026-04-20,15,Metro,Flash sale,2-3
6856,2026-03-02,8,Metro,Flash sale,0-1
6857,2026-03-30,12,Metro,Paid social,6+
6858,2026-04-20,15,Metro,Organic,2-3
6859,2026-01-19,2,Metro,Referral,4-5
6860,2026-05-18,19,Metro,Referral,0-1
6861,2026-01-12,1,Tier-3,Organic,2-3
6862,2026-01-19,2,Metro,Paid social,2-3
6863,2026-02-09,5,Metro,Paid social,4-5
6864,2026-01-05,0,Metro,Referral,6+
6865,2026-04-06,13,Metro,Organic,2-3
6866,2026-03-16,10,Metro,Organic,2-3
6867,2026-02-23,7,Metro,Flash sale,6+
6868,2026-05-18,19,Tier-2,Organic,2-3
6869,2026-02-09,5,Tier-2,Organic,2-3
6870,2026-05-04,17,Tier-2,Flash sale,0-1
6871,2026-03-23,11,Tier-2,Organic,4-5
6872,2026-04-06,13,Metro,Referral,0-1
6873,2026-05-18,19,Metro,Flash sale,0-1
6874,2026-02-09,5,Metro,Organic,2-3
6875,2026-01-19,2,Metro,Flash sale,2-3
6876,2026-04-20,15,Metro,Organic,0-1
6877,2026-03-30,12,Metro,Organic,4-5
6878,2026-01-26,3,Tier-2,Flash sale,6+
6879,2026-05-11,18,Metro,Flash sale,0-1
6880,2026-04-13,14,Metro,Organic,2-3
6881,2026-03-16,10,Tier-2,Flash sale,4-5
6882,2026-01-19,2,Metro,Organic,2-3
6883,2026-05-18,19,Tier-2,Flash sale,4-5
6884,2026-03-16,10,Tier-3,Organic,2-3
6885,2026-03-23,11,Tier-3,Referral,0-1
6886,2026-01-05,0,Metro,Flash sale,6+
6887,2026-04-06,13,Metro,Organic,6+
6888,2026-04-27,16,Tier-2,Flash sale,2-3
6889,2026-04-20,15,Tier-2,Referral,0-1
6890,2026-02-23,7,Tier-2,Organic,0-1
6891,2026-01-26,3,Metro,Flash sale,6+
6892,2026-03-02,8,Metro,Referral,6+
6893,2026-03-23,11,Metro,Organic,2-3
6894,2026-02-09,5,Metro,Paid social,6+
6895,2026-03-30,12,Metro,Flash sale,0-1
6896,2026-05-11,18,Tier-3,Referral,2-3
6897,2026-01-19,2,Metro,Paid social,0-1
6898,2026-02-02,4,Tier-2,Paid social,4-5
6899,2026-03-09,9,Tier-3,Flash sale,4-5
6900,2026-01-26,3,Metro,Referral,6+
6901,2026-04-20,15,Metro,Organic,6+
6902,2026-01-12,1,Tier-2,Organic,4-5
6903,2026-01-05,0,Metro,Paid social,4-5
6904,2026-02-23,7,Metro,Organic,4-5
6905,2026-03-02,8,Tier-2,Referral,2-3
6906,2026-04-13,14,Tier-2,Organic,4-5
6907,2026-01-19,2,Tier-2,Organic,0-1
6908,2026-04-20,15,Tier-3,Organic,0-1
6909,2026-01-26,3,Metro,Flash sale,6+
6910,2026-05-11,18,Tier-2,Organic,2-3
6911,2026-03-16,10,Tier-2,Organic,6+
6912,2026-04-20,15,Tier-2,Paid social,0-1
6913,2026-01-05,0,Tier-2,Referral,2-3
6914,2026-04-13,14,Tier-2,Referral,2-3
6915,2026-03-02,8,Tier-3,Organic,6+
6916,2026-03-16,10,Metro,Organic,2-3
6917,2026-01-05,0,Tier-2,Flash sale,4-5
6918,2026-03-30,12,Metro,Organic,0-1
6919,2026-05-11,18,Tier-2,Flash sale,4-5
6920,2026-05-18,19,Tier-2,Paid social,2-3
6921,2026-05-04,17,Tier-2,Organic,4-5
6922,2026-04-13,14,Metro,Paid social,4-5
6923,2026-02-02,4,Metro,Organic,0-1
6924,2026-02-23,7,Metro,Organic,0-1
6925,2026-01-12,1,Metro,Organic,0-1
6926,2026-02-02,4,Metro,Paid social,0-1
6927,2026-02-09,5,Tier-3,Flash sale,4-5
6928,2026-04-06,13,Metro,Referral,2-3
6929,2026-01-05,0,Tier-3,Organic,6+
6930,2026-05-11,18,Metro,Paid social,0-1
6931,2026-04-13,14,Tier-2,Flash sale,4-5
6932,2026-04-06,13,Tier-2,Flash sale,4-5
6933,2026-03-23,11,Tier-2,Referral,0-1
6934,2026-02-09,5,Tier-2,Referral,4-5
6935,2026-03-16,10,Tier-2,Flash sale,0-1
6936,2026-03-30,12,Tier-3,Organic,6+
6937,2026-05-04,17,Tier-2,Paid social,2-3
6938,2026-04-06,13,Metro,Organic,6+
6939,2026-04-27,16,Metro,Paid social,4-5
6940,2026-03-09,9,Tier-2,Organic,2-3
6941,2026-03-02,8,Metro,Organic,0-1
6942,2026-04-20,15,Metro,Organic,0-1
6943,2026-03-30,12,Tier-2,Flash sale,0-1
6944,2026-02-23,7,Metro,Organic,2-3
6945,2026-03-02,8,Tier-2,Referral,4-5
6946,2026-03-23,11,Tier-2,Flash sale,2-3
6947,2026-03-30,12,Tier-2,Organic,0-1
6948,2026-02-23,7,Tier-2,Flash sale,0-1
6949,2026-01-26,3,Tier-3,Referral,2-3
6950,2026-05-04,17,Tier-2,Paid social,0-1
6951,2026-02-16,6,Tier-3,Organic,4-5
6952,2026-01-26,3,Metro,Paid social,2-3
6953,2026-02-09,5,Tier-2,Organic,0-1
6954,2026-05-04,17,Tier-2,Flash sale,2-3
6955,2026-01-26,3,Metro,Referral,2-3
6956,2026-04-06,13,Metro,Flash sale,0-1
6957,2026-03-02,8,Tier-2,Organic,0-1
6958,2026-03-30,12,Metro,Flash sale,6+
6959,2026-04-13,14,Tier-3,Organic,2-3
6960,2026-02-02,4,Metro,Organic,4-5
6961,2026-02-23,7,Metro,Organic,6+
6962,2026-04-20,15,Tier-2,Referral,0-1
6963,2026-05-18,19,Metro,Organic,4-5
6964,2026-05-04,17,Metro,Flash sale,6+
6965,2026-02-16,6,Tier-2,Paid social,0-1
6966,2026-02-02,4,Metro,Referral,2-3
6967,2026-05-11,18,Metro,Flash sale,0-1
6968,2026-04-06,13,Tier-2,Flash sale,0-1
6969,2026-01-26,3,Tier-2,Organic,2-3
6970,2026-03-30,12,Tier-2,Flash sale,0-1
6971,2026-02-16,6,Metro,Organic,6+
6972,2026-01-26,3,Metro,Organic,0-1
6973,2026-01-26,3,Tier-3,Organic,4-5
6974,2026-02-23,7,Tier-2,Flash sale,0-1
6975,2026-02-02,4,Metro,Organic,4-5
6976,2026-04-20,15,Tier-2,Organic,4-5
6977,2026-01-26,3,Metro,Paid social,0-1
6978,2026-01-26,3,Tier-2,Organic,2-3
6979,2026-03-30,12,Tier-2,Referral,6+
6980,2026-03-02,8,Tier-3,Flash sale,4-5
6981,2026-02-02,4,Tier-3,Flash sale,6+
6982,2026-01-12,1,Metro,Organic,2-3
6983,2026-01-12,1,Tier-2,Organic,0-1
6984,2026-02-09,5,Metro,Referral,2-3
6985,2026-02-09,5,Tier-2,Flash sale,2-3
6986,2026-03-23,11,Tier-2,Organic,6+
6987,2026-04-06,13,Metro,Organic,2-3
6988,2026-01-26,3,Metro,Flash sale,4-5
6989,2026-03-02,8,Metro,Organic,4-5
6990,2026-03-09,9,Metro,Flash sale,2-3
6991,2026-01-26,3,Metro,Flash sale,2-3
6992,2026-03-09,9,Tier-3,Flash sale,6+
6993,2026-01-12,1,Metro,Referral,0-1
6994,2026-02-16,6,Tier-2,Flash sale,2-3
6995,2026-04-13,14,Tier-2,Paid social,4-5
6996,2026-02-02,4,Tier-2,Flash sale,0-1
6997,2026-04-13,14,Metro,Flash sale,4-5
6998,2026-01-19,2,Tier-3,Flash sale,6+
6999,2026-03-09,9,Tier-2,Flash sale,2-3
7000,2026-05-11,18,Tier-2,Organic,4-5
7001,2026-03-16,10,Tier-3,Paid social,2-3
7002,2026-04-27,16,Tier-2,Paid social,4-5
7003,2026-02-02,4,Metro,Organic,0-1
7004,2026-01-26,3,Tier-3,Flash sale,4-5
7005,2026-03-09,9,Metro,Referral,2-3
7006,2026-02-02,4,Tier-2,Paid social,0-1
7007,2026-04-13,14,Metro,Flash sale,6+
7008,2026-02-23,7,Metro,Organic,0-1
7009,2026-04-20,15,Metro,Flash sale,4-5
7010,2026-01-05,0,Metro,Organic,6+
7011,2026-02-16,6,Tier-3,Flash sale,6+
7012,2026-02-02,4,Metro,Flash sale,4-5
7013,2026-04-06,13,Tier-2,Flash sale,4-5
7014,2026-02-02,4,Metro,Organic,4-5
7015,2026-03-09,9,Tier-3,Flash sale,6+
7016,2026-02-23,7,Metro,Flash sale,6+
7017,2026-04-13,14,Metro,Organic,2-3
7018,2026-02-23,7,Metro,Organic,2-3
7019,2026-04-06,13,Tier-2,Organic,0-1
7020,2026-01-12,1,Tier-3,Paid social,6+
7021,2026-04-20,15,Tier-3,Flash sale,6+
7022,2026-03-30,12,Metro,Flash sale,4-5
7023,2026-01-26,3,Metro,Flash sale,4-5
7024,2026-01-19,2,Metro,Referral,0-1
7025,2026-02-16,6,Metro,Flash sale,6+
7026,2026-05-18,19,Tier-2,Organic,0-1
7027,2026-02-09,5,Metro,Organic,4-5
7028,2026-03-09,9,Tier-2,Organic,2-3
7029,2026-03-02,8,Tier-3,Referral,2-3
7030,2026-02-09,5,Metro,Flash sale,0-1
7031,2026-03-09,9,Metro,Referral,0-1
7032,2026-01-26,3,Metro,Referral,2-3
7033,2026-04-06,13,Metro,Referral,2-3
7034,2026-01-26,3,Metro,Paid social,6+
7035,2026-03-23,11,Tier-2,Flash sale,4-5
7036,2026-02-16,6,Metro,Organic,0-1
7037,2026-03-23,11,Tier-2,Organic,6+
7038,2026-03-16,10,Tier-3,Flash sale,4-5
7039,2026-03-30,12,Tier-3,Referral,6+
7040,2026-03-30,12,Tier-2,Flash sale,6+
7041,2026-02-09,5,Metro,Organic,4-5
7042,2026-03-23,11,Metro,Referral,0-1
7043,2026-02-02,4,Metro,Flash sale,2-3
7044,2026-02-23,7,Tier-3,Organic,4-5
7045,2026-02-02,4,Tier-3,Referral,0-1
7046,2026-03-16,10,Metro,Flash sale,6+
7047,2026-04-20,15,Metro,Organic,2-3
7048,2026-03-30,12,Metro,Organic,4-5
7049,2026-01-12,1,Metro,Flash sale,6+
7050,2026-01-12,1,Tier-3,Flash sale,6+
7051,2026-02-16,6,Metro,Organic,4-5
7052,2026-03-23,11,Metro,Flash sale,2-3
7053,2026-02-09,5,Metro,Flash sale,4-5
7054,2026-05-18,19,Metro,Organic,4-5
7055,2026-03-23,11,Metro,Flash sale,6+
7056,2026-05-04,17,Tier-3,Flash sale,0-1
7057,2026-05-11,18,Metro,Organic,0-1
7058,2026-01-12,1,Tier-2,Organic,0-1
7059,2026-05-04,17,Metro,Organic,6+
7060,2026-01-12,1,Metro,Flash sale,4-5
7061,2026-01-19,2,Metro,Referral,4-5
7062,2026-03-16,10,Metro,Flash sale,0-1
7063,2026-03-16,10,Metro,Paid social,0-1
7064,2026-03-30,12,Metro,Organic,4-5
7065,2026-01-05,0,Tier-2,Flash sale,4-5
7066,2026-01-19,2,Tier-2,Flash sale,2-3
7067,2026-04-20,15,Tier-3,Referral,0-1
7068,2026-03-23,11,Metro,Paid social,2-3
7069,2026-02-23,7,Tier-2,Flash sale,4-5
7070,2026-01-26,3,Tier-2,Flash sale,0-1
7071,2026-02-02,4,Metro,Paid social,2-3
7072,2026-02-16,6,Metro,Paid social,4-5
7073,2026-03-09,9,Metro,Paid social,0-1
7074,2026-04-27,16,Tier-2,Organic,0-1
7075,2026-03-02,8,Metro,Organic,4-5
7076,2026-03-02,8,Metro,Flash sale,0-1
7077,2026-05-11,18,Tier-3,Referral,2-3
7078,2026-01-12,1,Metro,Organic,4-5
7079,2026-01-05,0,Tier-3,Organic,0-1
7080,2026-05-18,19,Tier-2,Flash sale,4-5
7081,2026-05-11,18,Tier-2,Organic,6+
7082,2026-03-02,8,Tier-2,Referral,6+
7083,2026-02-02,4,Metro,Organic,2-3
7084,2026-01-19,2,Tier-2,Referral,2-3
7085,2026-01-19,2,Tier-2,Organic,4-5
7086,2026-05-04,17,Tier-2,Flash sale,4-5
7087,2026-04-13,14,Metro,Flash sale,4-5
7088,2026-04-27,16,Metro,Organic,2-3
7089,2026-03-16,10,Metro,Flash sale,0-1
7090,2026-04-06,13,Metro,Referral,0-1
7091,2026-05-04,17,Tier-2,Flash sale,6+
7092,2026-02-23,7,Tier-2,Organic,2-3
7093,2026-03-16,10,Tier-2,Referral,2-3
7094,2026-02-09,5,Tier-2,Organic,4-5
7095,2026-03-16,10,Metro,Flash sale,0-1
7096,2026-02-02,4,Metro,Flash sale,2-3
7097,2026-02-02,4,Metro,Flash sale,2-3
7098,2026-02-23,7,Metro,Organic,0-1
7099,2026-05-11,18,Metro,Organic,4-5
7100,2026-02-09,5,Metro,Organic,0-1
7101,2026-04-06,13,Metro,Flash sale,0-1
7102,2026-03-23,11,Tier-2,Flash sale,4-5
7103,2026-03-30,12,Metro,Flash sale,2-3
7104,2026-01-19,2,Metro,Organic,4-5
7105,2026-04-20,15,Metro,Organic,4-5
7106,2026-04-20,15,Tier-2,Flash sale,0-1
7107,2026-01-19,2,Tier-2,Flash sale,4-5
7108,2026-02-23,7,Metro,Referral,0-1
7109,2026-05-04,17,Metro,Organic,2-3
7110,2026-02-02,4,Tier-3,Organic,4-5
7111,2026-03-16,10,Tier-2,Organic,2-3
7112,2026-04-27,16,Tier-2,Flash sale,2-3
7113,2026-04-27,16,Metro,Flash sale,0-1
7114,2026-02-23,7,Tier-2,Organic,2-3
7115,2026-04-13,14,Tier-3,Organic,2-3
7116,2026-05-11,18,Metro,Flash sale,6+
7117,2026-03-09,9,Tier-2,Organic,4-5
7118,2026-05-18,19,Metro,Flash sale,6+
7119,2026-04-20,15,Tier-2,Organic,2-3
7120,2026-03-30,12,Metro,Organic,6+
7121,2026-04-13,14,Metro,Organic,2-3
7122,2026-01-26,3,Tier-3,Paid social,2-3
7123,2026-01-05,0,Tier-3,Organic,2-3
7124,2026-04-27,16,Metro,Organic,4-5
7125,2026-04-13,14,Tier-3,Referral,4-5
7126,2026-05-11,18,Metro,Organic,0-1
7127,2026-03-16,10,Metro,Organic,4-5
7128,2026-02-23,7,Tier-3,Organic,6+
7129,2026-04-27,16,Metro,Flash sale,2-3
7130,2026-05-11,18,Metro,Flash sale,4-5
7131,2026-04-27,16,Tier-2,Referral,4-5
7132,2026-04-27,16,Metro,Referral,6+
7133,2026-01-26,3,Metro,Flash sale,4-5
7134,2026-05-04,17,Metro,Organic,2-3
7135,2026-01-05,0,Tier-2,Referral,0-1
7136,2026-04-20,15,Metro,Paid social,6+
7137,2026-01-26,3,Metro,Referral,2-3
7138,2026-01-05,0,Tier-2,Organic,6+
7139,2026-04-13,14,Metro,Flash sale,0-1
7140,2026-02-16,6,Metro,Referral,2-3
7141,2026-05-04,17,Tier-2,Paid social,6+
7142,2026-02-09,5,Tier-2,Organic,0-1
7143,2026-04-13,14,Metro,Referral,2-3
7144,2026-03-30,12,Tier-3,Flash sale,6+
7145,2026-04-27,16,Tier-2,Paid social,2-3
7146,2026-05-04,17,Metro,Flash sale,6+
7147,2026-03-23,11,Tier-2,Paid social,4-5
7148,2026-02-16,6,Tier-2,Organic,6+
7149,2026-03-16,10,Tier-2,Organic,4-5
7150,2026-03-30,12,Tier-2,Organic,0-1
7151,2026-05-18,19,Tier-2,Referral,6+
7152,2026-01-26,3,Tier-3,Organic,2-3
7153,2026-01-12,1,Tier-2,Flash sale,2-3
7154,2026-03-09,9,Tier-2,Paid social,4-5
7155,2026-03-02,8,Tier-2,Paid social,2-3
7156,2026-05-11,18,Tier-3,Flash sale,2-3
7157,2026-02-09,5,Tier-3,Referral,4-5
7158,2026-01-19,2,Metro,Organic,4-5
7159,2026-01-19,2,Metro,Flash sale,4-5
7160,2026-05-04,17,Tier-2,Flash sale,0-1
7161,2026-03-30,12,Metro,Referral,6+
7162,2026-05-18,19,Tier-2,Organic,4-5
7163,2026-02-09,5,Tier-2,Organic,4-5
7164,2026-01-12,1,Tier-3,Flash sale,6+
7165,2026-03-09,9,Metro,Flash sale,2-3
7166,2026-01-26,3,Tier-2,Referral,0-1
7167,2026-01-19,2,Metro,Flash sale,0-1
7168,2026-05-04,17,Metro,Referral,6+
7169,2026-02-23,7,Metro,Flash sale,6+
7170,2026-01-12,1,Metro,Referral,0-1
7171,2026-02-02,4,Metro,Referral,4-5
7172,2026-02-23,7,Tier-2,Organic,4-5
7173,2026-05-04,17,Tier-2,Organic,0-1
7174,2026-03-30,12,Metro,Paid social,6+
7175,2026-03-16,10,Metro,Organic,2-3
7176,2026-03-23,11,Metro,Flash sale,0-1
7177,2026-04-20,15,Tier-3,Organic,4-5
7178,2026-01-26,3,Tier-3,Referral,6+
7179,2026-03-09,9,Metro,Organic,0-1
7180,2026-02-23,7,Metro,Flash sale,4-5
7181,2026-01-05,0,Metro,Flash sale,4-5
7182,2026-03-23,11,Tier-2,Organic,4-5
7183,2026-04-06,13,Metro,Flash sale,4-5
7184,2026-04-06,13,Metro,Paid social,4-5
7185,2026-01-05,0,Metro,Flash sale,0-1
7186,2026-02-23,7,Metro,Paid social,0-1
7187,2026-02-23,7,Metro,Referral,6+
7188,2026-01-26,3,Metro,Flash sale,2-3
7189,2026-03-16,10,Tier-2,Flash sale,6+
7190,2026-03-16,10,Metro,Paid social,2-3
7191,2026-04-20,15,Metro,Flash sale,2-3
7192,2026-04-20,15,Tier-2,Flash sale,0-1
7193,2026-05-04,17,Metro,Referral,2-3
7194,2026-03-02,8,Tier-2,Paid social,6+
7195,2026-02-02,4,Tier-3,Flash sale,6+
7196,2026-03-16,10,Metro,Organic,2-3
7197,2026-04-06,13,Tier-3,Flash sale,2-3
7198,2026-02-16,6,Tier-2,Referral,4-5
7199,2026-03-09,9,Tier-2,Organic,6+
7200,2026-05-11,18,Metro,Referral,4-5
7201,2026-04-20,15,Metro,Flash sale,0-1
7202,2026-03-30,12,Metro,Organic,2-3
7203,2026-05-11,18,Tier-3,Flash sale,4-5
7204,2026-01-05,0,Tier-2,Organic,0-1
7205,2026-03-16,10,Metro,Referral,4-5
7206,2026-02-09,5,Metro,Organic,6+
7207,2026-02-09,5,Metro,Referral,2-3
7208,2026-04-20,15,Metro,Organic,4-5
7209,2026-04-20,15,Tier-2,Paid social,4-5
7210,2026-03-09,9,Metro,Referral,4-5
7211,2026-03-16,10,Tier-2,Organic,0-1
7212,2026-03-23,11,Tier-2,Paid social,4-5
7213,2026-05-04,17,Tier-2,Flash sale,0-1
7214,2026-01-05,0,Tier-2,Flash sale,4-5
7215,2026-03-23,11,Metro,Paid social,2-3
7216,2026-01-12,1,Tier-2,Paid social,6+
7217,2026-05-11,18,Tier-2,Flash sale,0-1
7218,2026-02-02,4,Metro,Paid social,6+
7219,2026-01-05,0,Metro,Organic,0-1
7220,2026-04-27,16,Metro,Organic,4-5
7221,2026-04-13,14,Metro,Organic,2-3
7222,2026-05-11,18,Metro,Organic,0-1
7223,2026-02-16,6,Metro,Flash sale,0-1
7224,2026-02-09,5,Tier-2,Organic,0-1
7225,2026-04-06,13,Metro,Flash sale,0-1
7226,2026-05-11,18,Metro,Organic,2-3
7227,2026-05-11,18,Metro,Organic,0-1
7228,2026-02-23,7,Metro,Referral,6+
7229,2026-04-06,13,Tier-3,Organic,6+
7230,2026-04-27,16,Metro,Referral,2-3
7231,2026-04-13,14,Metro,Referral,0-1
7232,2026-03-30,12,Metro,Flash sale,6+
7233,2026-01-26,3,Metro,Paid social,4-5
7234,2026-03-30,12,Tier-2,Paid social,0-1
7235,2026-01-26,3,Tier-2,Organic,0-1
7236,2026-03-09,9,Metro,Flash sale,4-5
7237,2026-03-23,11,Tier-2,Organic,0-1
7238,2026-01-05,0,Metro,Flash sale,4-5
7239,2026-03-02,8,Tier-2,Flash sale,2-3
7240,2026-02-16,6,Tier-2,Referral,6+
7241,2026-01-19,2,Metro,Referral,2-3
7242,2026-03-30,12,Tier-2,Referral,2-3
7243,2026-04-13,14,Tier-2,Referral,4-5
7244,2026-05-04,17,Metro,Flash sale,6+
7245,2026-04-06,13,Tier-3,Organic,4-5
7246,2026-01-26,3,Tier-3,Organic,4-5
7247,2026-01-12,1,Metro,Flash sale,2-3
7248,2026-04-27,16,Tier-2,Referral,2-3
7249,2026-01-05,0,Tier-2,Organic,0-1
7250,2026-02-23,7,Metro,Flash sale,2-3
7251,2026-02-23,7,Metro,Organic,6+
7252,2026-01-26,3,Tier-3,Flash sale,0-1
7253,2026-03-30,12,Tier-2,Organic,0-1
7254,2026-04-20,15,Metro,Organic,4-5
7255,2026-05-04,17,Metro,Organic,6+
7256,2026-03-09,9,Metro,Organic,6+
7257,2026-03-02,8,Tier-3,Flash sale,4-5
7258,2026-02-02,4,Tier-2,Paid social,4-5
7259,2026-01-12,1,Metro,Organic,2-3
7260,2026-04-27,16,Tier-3,Flash sale,2-3
7261,2026-04-27,16,Tier-2,Flash sale,2-3
7262,2026-05-18,19,Metro,Flash sale,0-1
7263,2026-01-19,2,Metro,Organic,2-3
7264,2026-03-02,8,Tier-2,Organic,0-1
7265,2026-03-30,12,Metro,Paid social,4-5
7266,2026-05-04,17,Metro,Paid social,6+
7267,2026-03-02,8,Tier-2,Flash sale,6+
7268,2026-01-19,2,Tier-3,Flash sale,6+
7269,2026-05-11,18,Metro,Organic,2-3
7270,2026-01-12,1,Tier-3,Organic,6+
7271,2026-04-13,14,Tier-3,Organic,6+
7272,2026-02-23,7,Metro,Referral,4-5
7273,2026-01-05,0,Metro,Organic,0-1
7274,2026-03-16,10,Tier-2,Organic,6+
7275,2026-02-23,7,Tier-2,Organic,0-1
7276,2026-03-02,8,Metro,Organic,2-3
7277,2026-01-26,3,Tier-2,Flash sale,4-5
7278,2026-04-06,13,Tier-2,Flash sale,6+
7279,2026-02-09,5,Tier-2,Flash sale,6+
7280,2026-01-26,3,Tier-2,Flash sale,6+
7281,2026-02-23,7,Metro,Flash sale,2-3
7282,2026-01-26,3,Metro,Referral,0-1
7283,2026-03-16,10,Metro,Organic,6+
7284,2026-03-16,10,Tier-3,Organic,6+
7285,2026-04-20,15,Tier-3,Paid social,2-3
7286,2026-05-18,19,Tier-2,Flash sale,4-5
7287,2026-01-12,1,Metro,Flash sale,6+
7288,2026-01-05,0,Tier-2,Organic,0-1
7289,2026-03-02,8,Metro,Organic,6+
7290,2026-01-12,1,Metro,Organic,4-5
7291,2026-05-04,17,Metro,Paid social,4-5
7292,2026-04-27,16,Tier-2,Flash sale,0-1
7293,2026-03-02,8,Metro,Organic,4-5
7294,2026-05-18,19,Tier-2,Organic,2-3
7295,2026-03-16,10,Tier-3,Organic,4-5
7296,2026-03-16,10,Tier-2,Organic,4-5
7297,2026-04-20,15,Metro,Flash sale,6+
7298,2026-03-23,11,Tier-3,Organic,4-5
7299,2026-04-13,14,Tier-2,Paid social,4-5
7300,2026-02-02,4,Metro,Referral,2-3
7301,2026-03-16,10,Tier-2,Paid social,2-3
7302,2026-04-27,16,Tier-3,Paid social,4-5
7303,2026-05-18,19,Metro,Paid social,6+
7304,2026-01-26,3,Metro,Paid social,4-5
7305,2026-01-05,0,Metro,Organic,4-5
7306,2026-03-23,11,Metro,Organic,2-3
7307,2026-01-12,1,Tier-2,Organic,4-5
7308,2026-04-06,13,Metro,Flash sale,4-5
7309,2026-03-02,8,Metro,Flash sale,4-5
7310,2026-04-27,16,Metro,Organic,2-3
7311,2026-01-26,3,Metro,Referral,2-3
7312,2026-01-05,0,Metro,Referral,2-3
7313,2026-02-02,4,Tier-2,Flash sale,2-3
7314,2026-01-12,1,Metro,Flash sale,2-3
7315,2026-01-26,3,Metro,Organic,0-1
7316,2026-04-20,15,Tier-3,Flash sale,4-5
7317,2026-04-06,13,Tier-3,Organic,6+
7318,2026-03-30,12,Metro,Flash sale,0-1
7319,2026-03-02,8,Metro,Organic,4-5
7320,2026-02-02,4,Metro,Organic,6+
7321,2026-04-27,16,Metro,Flash sale,6+
7322,2026-05-04,17,Metro,Flash sale,6+
7323,2026-02-09,5,Tier-3,Organic,2-3
7324,2026-05-04,17,Tier-2,Paid social,0-1
7325,2026-03-30,12,Metro,Organic,6+
7326,2026-02-16,6,Tier-3,Paid social,4-5
7327,2026-02-02,4,Metro,Organic,2-3
7328,2026-03-23,11,Metro,Organic,6+
7329,2026-01-05,0,Metro,Paid social,2-3
7330,2026-02-16,6,Metro,Referral,4-5
7331,2026-04-06,13,Tier-3,Flash sale,6+
7332,2026-03-09,9,Metro,Referral,6+
7333,2026-01-19,2,Tier-2,Flash sale,4-5
7334,2026-01-26,3,Metro,Referral,0-1
7335,2026-04-06,13,Tier-3,Organic,6+
7336,2026-04-27,16,Tier-2,Referral,2-3
7337,2026-04-06,13,Metro,Paid social,4-5
7338,2026-01-26,3,Metro,Paid social,4-5
7339,2026-04-06,13,Tier-3,Referral,0-1
7340,2026-02-09,5,Metro,Flash sale,4-5
7341,2026-03-23,11,Metro,Flash sale,2-3
7342,2026-03-23,11,Tier-3,Organic,2-3
7343,2026-05-04,17,Metro,Paid social,6+
7344,2026-04-27,16,Metro,Flash sale,4-5
7345,2026-01-12,1,Metro,Flash sale,2-3
7346,2026-01-05,0,Metro,Referral,0-1
7347,2026-05-11,18,Metro,Organic,4-5
7348,2026-02-16,6,Metro,Referral,4-5
7349,2026-01-12,1,Metro,Referral,0-1
7350,2026-01-26,3,Metro,Organic,6+
7351,2026-03-09,9,Metro,Organic,2-3
7352,2026-05-04,17,Tier-3,Referral,4-5
7353,2026-05-11,18,Tier-2,Organic,6+
7354,2026-04-06,13,Metro,Paid social,4-5
7355,2026-02-09,5,Metro,Organic,6+
7356,2026-04-13,14,Tier-2,Organic,0-1
7357,2026-04-27,16,Metro,Organic,2-3
7358,2026-03-02,8,Metro,Referral,0-1
7359,2026-03-23,11,Tier-2,Flash sale,0-1
7360,2026-03-09,9,Metro,Referral,2-3
7361,2026-05-04,17,Tier-2,Paid social,0-1
7362,2026-03-30,12,Tier-3,Flash sale,2-3
7363,2026-01-05,0,Tier-2,Organic,0-1
7364,2026-05-04,17,Metro,Organic,0-1
7365,2026-03-23,11,Metro,Paid social,6+
7366,2026-03-02,8,Metro,Organic,4-5
7367,2026-01-26,3,Tier-2,Paid social,2-3
7368,2026-04-06,13,Tier-3,Paid social,4-5
7369,2026-01-05,0,Tier-3,Flash sale,2-3
7370,2026-01-26,3,Metro,Flash sale,2-3
7371,2026-04-06,13,Tier-2,Paid social,6+
7372,2026-02-09,5,Metro,Referral,4-5
7373,2026-04-13,14,Tier-2,Flash sale,6+
7374,2026-02-09,5,Metro,Flash sale,2-3
7375,2026-04-13,14,Metro,Flash sale,2-3
7376,2026-04-06,13,Metro,Organic,6+
7377,2026-04-13,14,Tier-3,Paid social,6+
7378,2026-04-13,14,Metro,Flash sale,0-1
7379,2026-04-20,15,Metro,Referral,2-3
7380,2026-02-23,7,Metro,Organic,6+
7381,2026-03-09,9,Metro,Paid social,2-3
7382,2026-01-12,1,Tier-3,Flash sale,4-5
7383,2026-02-16,6,Metro,Referral,6+
7384,2026-03-09,9,Metro,Organic,0-1
7385,2026-04-20,15,Tier-2,Paid social,0-1
7386,2026-05-11,18,Metro,Flash sale,6+
7387,2026-04-06,13,Metro,Flash sale,6+
7388,2026-01-19,2,Metro,Organic,6+
7389,2026-02-02,4,Metro,Organic,4-5
7390,2026-03-16,10,Metro,Organic,0-1
7391,2026-03-02,8,Metro,Organic,6+
7392,2026-05-11,18,Metro,Flash sale,0-1
7393,2026-01-26,3,Tier-2,Flash sale,0-1
7394,2026-03-23,11,Tier-3,Flash sale,4-5
7395,2026-04-20,15,Tier-3,Referral,2-3
7396,2026-03-02,8,Metro,Flash sale,6+
7397,2026-02-02,4,Metro,Organic,6+
7398,2026-01-19,2,Tier-3,Paid social,6+
7399,2026-03-30,12,Tier-2,Flash sale,6+
7400,2026-03-30,12,Metro,Flash sale,4-5
7401,2026-04-13,14,Metro,Paid social,6+
7402,2026-04-27,16,Metro,Referral,6+
7403,2026-05-18,19,Metro,Flash sale,2-3
7404,2026-01-26,3,Metro,Flash sale,2-3
7405,2026-03-02,8,Metro,Referral,4-5
7406,2026-02-16,6,Tier-3,Referral,6+
7407,2026-05-04,17,Tier-2,Organic,2-3
7408,2026-01-19,2,Tier-2,Flash sale,2-3
7409,2026-04-06,13,Metro,Paid social,2-3
7410,2026-02-16,6,Tier-2,Referral,6+
7411,2026-01-05,0,Tier-2,Organic,4-5
7412,2026-03-23,11,Metro,Flash sale,2-3
7413,2026-02-23,7,Tier-2,Flash sale,4-5
7414,2026-04-06,13,Tier-2,Organic,4-5
7415,2026-02-23,7,Tier-2,Flash sale,4-5
7416,2026-01-26,3,Metro,Flash sale,4-5
7417,2026-01-19,2,Tier-3,Organic,0-1
7418,2026-01-26,3,Metro,Organic,0-1
7419,2026-03-02,8,Metro,Paid social,6+
7420,2026-02-09,5,Metro,Paid social,4-5
7421,2026-01-19,2,Metro,Referral,6+
7422,2026-02-16,6,Metro,Paid social,6+
7423,2026-04-27,16,Metro,Paid social,2-3
7424,2026-04-27,16,Tier-2,Flash sale,2-3
7425,2026-02-23,7,Metro,Organic,6+
7426,2026-03-16,10,Tier-3,Referral,0-1
7427,2026-01-26,3,Metro,Flash sale,6+
7428,2026-03-02,8,Tier-2,Organic,0-1
7429,2026-03-30,12,Tier-3,Paid social,2-3
7430,2026-01-05,0,Tier-2,Organic,2-3
7431,2026-05-04,17,Tier-2,Paid social,4-5
7432,2026-05-11,18,Tier-2,Flash sale,2-3
7433,2026-05-11,18,Metro,Organic,6+
7434,2026-02-02,4,Metro,Paid social,6+
7435,2026-05-04,17,Metro,Referral,4-5
7436,2026-01-19,2,Metro,Flash sale,6+
7437,2026-05-04,17,Metro,Flash sale,0-1
7438,2026-01-19,2,Metro,Organic,6+
7439,2026-02-16,6,Tier-3,Organic,4-5
7440,2026-05-11,18,Tier-3,Organic,0-1
7441,2026-03-16,10,Tier-2,Organic,6+
7442,2026-02-02,4,Tier-2,Organic,0-1
7443,2026-02-23,7,Metro,Flash sale,4-5
7444,2026-02-16,6,Metro,Organic,4-5
7445,2026-05-11,18,Tier-2,Flash sale,0-1
7446,2026-03-02,8,Tier-2,Organic,2-3
7447,2026-01-12,1,Metro,Organic,0-1
7448,2026-01-26,3,Metro,Paid social,6+
7449,2026-03-23,11,Metro,Paid social,6+
7450,2026-01-05,0,Metro,Referral,6+
7451,2026-02-02,4,Metro,Organic,2-3
7452,2026-03-30,12,Metro,Referral,2-3
7453,2026-05-04,17,Tier-2,Organic,6+
7454,2026-01-12,1,Tier-3,Flash sale,2-3
7455,2026-02-16,6,Metro,Paid social,2-3
7456,2026-02-23,7,Tier-2,Organic,0-1
7457,2026-05-04,17,Tier-2,Paid social,6+
7458,2026-04-20,15,Metro,Referral,0-1
7459,2026-05-11,18,Tier-2,Organic,0-1
7460,2026-03-30,12,Metro,Organic,6+
7461,2026-01-26,3,Tier-2,Referral,6+
7462,2026-05-11,18,Metro,Flash sale,6+
7463,2026-04-20,15,Tier-3,Organic,6+
7464,2026-04-06,13,Tier-3,Organic,0-1
7465,2026-02-16,6,Metro,Paid social,2-3
7466,2026-04-20,15,Metro,Organic,6+
7467,2026-03-02,8,Metro,Paid social,2-3
7468,2026-02-16,6,Tier-2,Flash sale,6+
7469,2026-02-09,5,Tier-2,Organic,6+
7470,2026-04-06,13,Metro,Organic,6+
7471,2026-03-30,12,Tier-2,Referral,6+
7472,2026-02-02,4,Metro,Flash sale,6+
7473,2026-02-16,6,Metro,Organic,4-5
7474,2026-02-02,4,Metro,Organic,0-1
7475,2026-04-13,14,Metro,Paid social,2-3
7476,2026-02-16,6,Metro,Flash sale,6+
7477,2026-04-20,15,Metro,Flash sale,6+
7478,2026-02-02,4,Metro,Organic,0-1
7479,2026-02-23,7,Tier-3,Flash sale,4-5
7480,2026-01-05,0,Metro,Referral,2-3
7481,2026-01-05,0,Tier-3,Organic,2-3
7482,2026-01-05,0,Tier-2,Paid social,4-5
7483,2026-01-12,1,Tier-2,Paid social,2-3
7484,2026-05-11,18,Metro,Organic,4-5
7485,2026-02-09,5,Tier-2,Paid social,0-1
7486,2026-03-16,10,Metro,Flash sale,2-3
7487,2026-05-18,19,Metro,Flash sale,6+
7488,2026-03-09,9,Metro,Organic,4-5
7489,2026-02-23,7,Metro,Paid social,6+
7490,2026-04-13,14,Tier-3,Flash sale,6+
7491,2026-04-13,14,Tier-3,Referral,2-3
7492,2026-01-19,2,Tier-2,Organic,2-3
7493,2026-05-11,18,Metro,Organic,2-3
7494,2026-01-19,2,Tier-3,Paid social,4-5
7495,2026-02-16,6,Tier-2,Flash sale,2-3
7496,2026-05-18,19,Metro,Organic,2-3
7497,2026-03-23,11,Metro,Referral,0-1
7498,2026-03-23,11,Tier-2,Organic,2-3
7499,2026-05-04,17,Metro,Paid social,6+
7500,2026-03-02,8,Metro,Paid social,2-3
7501,2026-03-30,12,Tier-2,Organic,6+
7502,2026-03-16,10,Metro,Flash sale,2-3
7503,2026-01-19,2,Metro,Paid social,2-3
7504,2026-02-16,6,Metro,Paid social,4-5
7505,2026-04-20,15,Tier-2,Flash sale,0-1
7506,2026-02-16,6,Tier-3,Flash sale,2-3
7507,2026-05-11,18,Tier-2,Flash sale,0-1
7508,2026-05-18,19,Tier-2,Organic,0-1
7509,2026-04-20,15,Tier-2,Flash sale,4-5
7510,2026-01-05,0,Tier-2,Organic,0-1
7511,2026-04-20,15,Metro,Organic,0-1
7512,2026-05-18,19,Metro,Flash sale,4-5
7513,2026-04-20,15,Tier-2,Paid social,2-3
7514,2026-03-30,12,Tier-2,Organic,0-1
7515,2026-03-30,12,Metro,Organic,6+
7516,2026-03-09,9,Tier-3,Organic,6+
7517,2026-02-02,4,Tier-2,Organic,4-5
7518,2026-03-09,9,Metro,Paid social,4-5
7519,2026-05-11,18,Metro,Flash sale,6+
7520,2026-01-12,1,Metro,Organic,6+
7521,2026-01-19,2,Metro,Paid social,0-1
7522,2026-05-04,17,Metro,Organic,0-1
7523,2026-04-27,16,Metro,Flash sale,2-3
7524,2026-03-16,10,Metro,Referral,2-3
7525,2026-02-23,7,Metro,Referral,6+
7526,2026-01-19,2,Tier-2,Organic,4-5
7527,2026-04-06,13,Tier-2,Referral,6+
7528,2026-03-16,10,Metro,Flash sale,4-5
7529,2026-04-27,16,Metro,Flash sale,4-5
7530,2026-02-23,7,Metro,Organic,6+
7531,2026-04-20,15,Metro,Referral,4-5
7532,2026-05-18,19,Metro,Flash sale,6+
7533,2026-01-26,3,Metro,Referral,2-3
7534,2026-04-20,15,Metro,Paid social,2-3
7535,2026-03-30,12,Tier-3,Paid social,4-5
7536,2026-03-02,8,Metro,Referral,6+
7537,2026-02-02,4,Tier-2,Organic,0-1
7538,2026-01-26,3,Metro,Organic,4-5
7539,2026-01-19,2,Metro,Flash sale,0-1
7540,2026-02-09,5,Tier-3,Organic,6+
7541,2026-03-16,10,Metro,Referral,4-5
7542,2026-03-16,10,Tier-2,Referral,0-1
7543,2026-05-18,19,Tier-3,Flash sale,0-1
7544,2026-04-13,14,Tier-2,Organic,4-5
7545,2026-05-18,19,Metro,Paid social,0-1
7546,2026-04-20,15,Metro,Flash sale,0-1
7547,2026-03-23,11,Metro,Flash sale,0-1
7548,2026-04-27,16,Metro,Flash sale,0-1
7549,2026-04-20,15,Metro,Organic,2-3
7550,2026-04-27,16,Tier-3,Referral,4-5
7551,2026-02-02,4,Tier-2,Organic,6+
7552,2026-04-13,14,Metro,Flash sale,4-5
7553,2026-02-02,4,Metro,Organic,6+
7554,2026-02-16,6,Tier-2,Organic,6+
7555,2026-04-13,14,Tier-3,Organic,0-1
7556,2026-03-16,10,Metro,Organic,4-5
7557,2026-04-20,15,Metro,Paid social,0-1
7558,2026-04-13,14,Tier-3,Referral,6+
7559,2026-04-13,14,Tier-3,Organic,6+
7560,2026-01-19,2,Tier-3,Organic,0-1
7561,2026-01-19,2,Metro,Referral,0-1
7562,2026-02-02,4,Metro,Organic,2-3
7563,2026-02-23,7,Metro,Flash sale,4-5
7564,2026-04-27,16,Metro,Organic,4-5
7565,2026-01-05,0,Tier-3,Flash sale,0-1
7566,2026-03-16,10,Metro,Paid social,4-5
7567,2026-04-20,15,Tier-2,Organic,4-5
7568,2026-02-23,7,Tier-3,Paid social,6+
7569,2026-02-16,6,Tier-3,Paid social,2-3
7570,2026-02-02,4,Tier-2,Paid social,0-1
7571,2026-03-02,8,Tier-3,Referral,4-5
7572,2026-03-30,12,Metro,Paid social,4-5
7573,2026-03-23,11,Metro,Flash sale,4-5
7574,2026-05-04,17,Metro,Paid social,4-5
7575,2026-01-05,0,Tier-3,Organic,0-1
7576,2026-02-09,5,Tier-3,Referral,0-1
7577,2026-02-23,7,Metro,Flash sale,2-3
7578,2026-02-23,7,Metro,Organic,6+
7579,2026-04-13,14,Metro,Organic,4-5
7580,2026-01-19,2,Metro,Organic,4-5
7581,2026-02-09,5,Tier-2,Flash sale,6+
7582,2026-01-12,1,Metro,Organic,2-3
7583,2026-03-23,11,Tier-2,Organic,2-3
7584,2026-05-18,19,Tier-2,Organic,4-5
7585,2026-05-18,19,Metro,Flash sale,0-1
7586,2026-01-05,0,Metro,Organic,2-3
7587,2026-01-19,2,Tier-3,Organic,4-5
7588,2026-03-23,11,Tier-2,Organic,2-3
7589,2026-02-09,5,Metro,Flash sale,0-1
7590,2026-02-02,4,Metro,Organic,2-3
7591,2026-04-06,13,Tier-3,Paid social,6+
7592,2026-02-16,6,Tier-2,Organic,2-3
7593,2026-03-23,11,Tier-2,Organic,6+
7594,2026-01-05,0,Tier-2,Flash sale,4-5
7595,2026-05-18,19,Tier-3,Paid social,0-1
7596,2026-01-12,1,Metro,Flash sale,6+
7597,2026-01-05,0,Tier-2,Organic,4-5
7598,2026-03-02,8,Metro,Flash sale,4-5
7599,2026-05-04,17,Tier-2,Flash sale,4-5
7600,2026-03-30,12,Tier-3,Flash sale,0-1
7601,2026-03-09,9,Tier-3,Paid social,2-3
7602,2026-02-09,5,Metro,Paid social,6+
7603,2026-02-02,4,Tier-2,Flash sale,4-5
7604,2026-04-06,13,Tier-3,Organic,2-3
7605,2026-03-16,10,Tier-3,Flash sale,2-3
7606,2026-03-30,12,Tier-2,Paid social,4-5
7607,2026-03-02,8,Metro,Paid social,2-3
7608,2026-02-16,6,Metro,Organic,2-3
7609,2026-01-26,3,Tier-3,Organic,4-5
7610,2026-02-09,5,Tier-2,Organic,2-3
7611,2026-02-02,4,Tier-2,Referral,4-5
7612,2026-03-09,9,Tier-2,Flash sale,4-5
7613,2026-02-09,5,Metro,Organic,4-5
7614,2026-04-20,15,Metro,Organic,4-5
7615,2026-03-23,11,Tier-2,Organic,2-3
7616,2026-02-16,6,Metro,Paid social,4-5
7617,2026-01-12,1,Tier-2,Flash sale,4-5
7618,2026-01-19,2,Tier-2,Organic,2-3
7619,2026-01-12,1,Tier-2,Referral,2-3
7620,2026-02-16,6,Metro,Flash sale,4-5
7621,2026-02-16,6,Tier-2,Referral,4-5
7622,2026-01-05,0,Metro,Referral,2-3
7623,2026-04-13,14,Metro,Organic,2-3
7624,2026-03-16,10,Metro,Organic,6+
7625,2026-05-18,19,Metro,Organic,4-5
7626,2026-05-04,17,Tier-3,Referral,4-5
7627,2026-01-05,0,Tier-3,Paid social,2-3
7628,2026-04-06,13,Metro,Organic,6+
7629,2026-05-18,19,Tier-2,Referral,2-3
7630,2026-04-27,16,Metro,Referral,6+
7631,2026-04-06,13,Tier-2,Paid social,0-1
7632,2026-01-19,2,Tier-3,Flash sale,0-1
7633,2026-05-11,18,Tier-2,Organic,4-5
7634,2026-04-27,16,Metro,Referral,6+
7635,2026-03-16,10,Metro,Referral,0-1
7636,2026-05-11,18,Metro,Referral,4-5
7637,2026-03-09,9,Tier-3,Paid social,2-3
7638,2026-03-16,10,Tier-2,Organic,0-1
7639,2026-04-20,15,Metro,Flash sale,2-3
7640,2026-04-13,14,Metro,Organic,4-5
7641,2026-03-23,11,Tier-3,Flash sale,4-5
7642,2026-04-20,15,Metro,Organic,6+
7643,2026-05-04,17,Tier-2,Organic,6+
7644,2026-03-30,12,Tier-2,Organic,0-1
7645,2026-05-04,17,Metro,Flash sale,6+
7646,2026-03-02,8,Metro,Paid social,0-1
7647,2026-03-16,10,Metro,Organic,6+
7648,2026-03-30,12,Metro,Flash sale,6+
7649,2026-03-23,11,Tier-2,Organic,6+
7650,2026-01-26,3,Tier-2,Flash sale,0-1
7651,2026-03-09,9,Metro,Organic,0-1
7652,2026-01-19,2,Metro,Flash sale,6+
7653,2026-04-06,13,Metro,Paid social,2-3
7654,2026-04-20,15,Metro,Flash sale,2-3
7655,2026-04-06,13,Tier-2,Flash sale,2-3
7656,2026-05-04,17,Tier-2,Referral,0-1
7657,2026-04-06,13,Tier-2,Organic,0-1
7658,2026-02-23,7,Metro,Organic,0-1
7659,2026-01-12,1,Tier-2,Organic,6+
7660,2026-01-05,0,Metro,Flash sale,0-1
7661,2026-05-18,19,Tier-3,Paid social,6+
7662,2026-04-20,15,Tier-2,Flash sale,0-1
7663,2026-02-16,6,Tier-3,Flash sale,4-5
7664,2026-05-18,19,Metro,Organic,2-3
7665,2026-02-02,4,Metro,Organic,6+
7666,2026-04-20,15,Tier-2,Paid social,0-1
7667,2026-02-02,4,Metro,Organic,4-5
7668,2026-04-13,14,Tier-2,Referral,6+
7669,2026-01-12,1,Metro,Organic,2-3
7670,2026-04-06,13,Tier-3,Organic,2-3
7671,2026-03-09,9,Metro,Organic,0-1
7672,2026-03-23,11,Tier-3,Paid social,6+
7673,2026-01-05,0,Metro,Organic,6+
7674,2026-02-23,7,Metro,Referral,2-3
7675,2026-01-26,3,Metro,Organic,4-5
7676,2026-03-30,12,Metro,Flash sale,6+
7677,2026-01-05,0,Tier-3,Flash sale,2-3
7678,2026-05-11,18,Tier-3,Flash sale,0-1
7679,2026-01-26,3,Tier-3,Organic,0-1
7680,2026-03-16,10,Tier-3,Organic,6+
7681,2026-05-18,19,Tier-2,Paid social,6+
7682,2026-03-02,8,Metro,Flash sale,0-1
7683,2026-03-16,10,Tier-3,Organic,6+
7684,2026-05-18,19,Metro,Flash sale,6+
7685,2026-01-12,1,Tier-2,Organic,4-5
7686,2026-03-23,11,Metro,Flash sale,2-3
7687,2026-03-23,11,Tier-2,Flash sale,6+
7688,2026-04-13,14,Metro,Organic,6+
7689,2026-03-30,12,Metro,Flash sale,2-3
7690,2026-03-09,9,Metro,Flash sale,2-3
7691,2026-03-16,10,Metro,Paid social,6+
7692,2026-02-09,5,Metro,Referral,6+
7693,2026-02-16,6,Metro,Flash sale,4-5
7694,2026-05-11,18,Metro,Referral,4-5
7695,2026-04-06,13,Tier-2,Organic,4-5
7696,2026-04-06,13,Metro,Flash sale,2-3
7697,2026-01-19,2,Tier-2,Organic,6+
7698,2026-02-23,7,Metro,Organic,2-3
7699,2026-02-02,4,Tier-2,Flash sale,6+
7700,2026-05-11,18,Metro,Organic,6+
7701,2026-05-18,19,Metro,Flash sale,2-3
7702,2026-02-16,6,Tier-2,Flash sale,6+
7703,2026-03-02,8,Tier-2,Organic,6+
7704,2026-04-06,13,Metro,Organic,2-3
7705,2026-01-19,2,Metro,Flash sale,4-5
7706,2026-03-23,11,Metro,Referral,4-5
7707,2026-02-02,4,Metro,Referral,0-1
7708,2026-03-16,10,Metro,Organic,4-5
7709,2026-04-13,14,Tier-2,Referral,4-5
7710,2026-04-13,14,Metro,Organic,4-5
7711,2026-01-19,2,Tier-2,Organic,2-3
7712,2026-02-09,5,Metro,Flash sale,4-5
7713,2026-02-23,7,Metro,Organic,4-5
7714,2026-04-13,14,Metro,Organic,6+
7715,2026-02-16,6,Metro,Organic,2-3
7716,2026-03-09,9,Metro,Referral,0-1
7717,2026-02-02,4,Tier-2,Paid social,0-1
7718,2026-02-16,6,Tier-2,Paid social,6+
7719,2026-03-09,9,Metro,Organic,0-1
7720,2026-02-02,4,Metro,Flash sale,2-3
7721,2026-01-19,2,Tier-3,Referral,6+
7722,2026-01-19,2,Metro,Organic,0-1
7723,2026-03-09,9,Metro,Organic,0-1
7724,2026-01-26,3,Tier-3,Organic,4-5
7725,2026-01-05,0,Metro,Flash sale,4-5
7726,2026-04-27,16,Metro,Flash sale,0-1
7727,2026-05-18,19,Metro,Organic,4-5
7728,2026-03-16,10,Tier-2,Organic,4-5
7729,2026-03-30,12,Metro,Referral,0-1
7730,2026-01-26,3,Tier-2,Flash sale,2-3
7731,2026-01-12,1,Metro,Organic,2-3
7732,2026-01-12,1,Metro,Organic,6+
7733,2026-01-26,3,Metro,Paid social,2-3
7734,2026-01-19,2,Tier-2,Flash sale,6+
7735,2026-04-13,14,Metro,Flash sale,6+
7736,2026-04-20,15,Tier-2,Flash sale,0-1
7737,2026-04-13,14,Metro,Paid social,6+
7738,2026-02-09,5,Metro,Organic,0-1
7739,2026-02-23,7,Metro,Organic,2-3
7740,2026-02-23,7,Metro,Organic,0-1
7741,2026-01-19,2,Metro,Referral,0-1
7742,2026-03-09,9,Tier-2,Organic,4-5
7743,2026-03-16,10,Tier-3,Organic,4-5
7744,2026-02-02,4,Tier-2,Organic,4-5
7745,2026-02-09,5,Tier-2,Flash sale,2-3
7746,2026-03-09,9,Metro,Flash sale,6+
7747,2026-01-12,1,Tier-2,Organic,2-3
7748,2026-03-23,11,Metro,Organic,4-5
7749,2026-02-16,6,Tier-2,Referral,2-3
7750,2026-04-13,14,Tier-3,Organic,0-1
7751,2026-04-20,15,Metro,Referral,4-5
7752,2026-02-23,7,Tier-3,Organic,6+
7753,2026-02-23,7,Tier-2,Paid social,2-3
7754,2026-03-16,10,Metro,Flash sale,2-3
7755,2026-01-05,0,Tier-3,Flash sale,6+
7756,2026-01-26,3,Metro,Organic,0-1
7757,2026-01-19,2,Metro,Organic,2-3
7758,2026-02-09,5,Metro,Referral,2-3
7759,2026-03-23,11,Tier-2,Flash sale,2-3
7760,2026-02-02,4,Metro,Referral,2-3
7761,2026-03-16,10,Tier-3,Flash sale,6+
7762,2026-04-06,13,Metro,Flash sale,0-1
7763,2026-04-06,13,Metro,Paid social,2-3
7764,2026-03-16,10,Tier-2,Flash sale,6+
7765,2026-03-23,11,Metro,Paid social,0-1
7766,2026-03-02,8,Tier-2,Organic,4-5
7767,2026-03-09,9,Metro,Organic,0-1
7768,2026-04-20,15,Tier-3,Referral,4-5
7769,2026-03-09,9,Tier-2,Organic,4-5
7770,2026-02-23,7,Metro,Organic,4-5
7771,2026-05-18,19,Metro,Organic,4-5
7772,2026-05-11,18,Metro,Flash sale,4-5
7773,2026-05-04,17,Tier-3,Flash sale,4-5
7774,2026-04-27,16,Tier-2,Organic,4-5
7775,2026-02-23,7,Metro,Organic,0-1
7776,2026-05-18,19,Metro,Organic,0-1
7777,2026-04-06,13,Tier-3,Organic,0-1
7778,2026-05-04,17,Metro,Organic,4-5
7779,2026-01-05,0,Tier-2,Organic,2-3
7780,2026-01-19,2,Tier-2,Referral,2-3
7781,2026-01-05,0,Metro,Referral,2-3
7782,2026-05-18,19,Metro,Organic,6+
7783,2026-02-16,6,Metro,Organic,2-3
7784,2026-01-05,0,Metro,Organic,2-3
7785,2026-04-20,15,Tier-3,Organic,4-5
7786,2026-04-20,15,Tier-2,Organic,6+
7787,2026-05-11,18,Tier-2,Paid social,4-5
7788,2026-03-23,11,Metro,Referral,6+
7789,2026-04-06,13,Metro,Flash sale,4-5
7790,2026-03-30,12,Tier-2,Organic,6+
7791,2026-04-13,14,Metro,Flash sale,4-5
7792,2026-03-16,10,Metro,Paid social,4-5
7793,2026-01-05,0,Metro,Organic,4-5
7794,2026-01-26,3,Tier-2,Referral,2-3
7795,2026-05-11,18,Tier-2,Organic,0-1
7796,2026-01-05,0,Metro,Referral,2-3
7797,2026-01-12,1,Tier-3,Organic,4-5
7798,2026-04-27,16,Metro,Flash sale,4-5
7799,2026-05-11,18,Metro,Organic,0-1
7800,2026-03-02,8,Metro,Flash sale,6+
7801,2026-01-19,2,Tier-2,Flash sale,4-5
7802,2026-03-23,11,Metro,Flash sale,4-5
7803,2026-01-05,0,Metro,Flash sale,2-3
7804,2026-02-23,7,Metro,Organic,4-5
7805,2026-03-23,11,Tier-2,Referral,4-5
7806,2026-05-04,17,Tier-2,Organic,2-3
7807,2026-01-19,2,Metro,Flash sale,6+
7808,2026-03-30,12,Tier-3,Organic,0-1
7809,2026-01-05,0,Metro,Flash sale,2-3
7810,2026-03-09,9,Metro,Organic,2-3
7811,2026-04-06,13,Tier-2,Paid social,0-1
7812,2026-01-05,0,Tier-2,Flash sale,0-1
7813,2026-04-13,14,Metro,Organic,6+
7814,2026-05-18,19,Tier-2,Referral,6+
7815,2026-02-09,5,Metro,Organic,2-3
7816,2026-04-20,15,Tier-2,Organic,2-3
7817,2026-03-16,10,Tier-2,Organic,2-3
7818,2026-05-11,18,Tier-3,Referral,4-5
7819,2026-03-23,11,Metro,Paid social,2-3
7820,2026-04-27,16,Tier-2,Paid social,0-1
7821,2026-01-26,3,Tier-2,Organic,2-3
7822,2026-02-09,5,Metro,Organic,4-5
7823,2026-03-02,8,Metro,Referral,4-5
7824,2026-05-11,18,Tier-3,Organic,0-1
7825,2026-03-30,12,Metro,Flash sale,6+
7826,2026-02-02,4,Tier-2,Paid social,4-5
7827,2026-05-04,17,Metro,Organic,4-5
7828,2026-03-30,12,Tier-2,Organic,6+
7829,2026-03-02,8,Metro,Paid social,4-5
7830,2026-02-23,7,Tier-3,Flash sale,4-5
7831,2026-04-06,13,Tier-2,Paid social,6+
7832,2026-05-04,17,Metro,Flash sale,6+
7833,2026-03-16,10,Tier-2,Organic,6+
7834,2026-04-27,16,Tier-2,Referral,4-5
7835,2026-04-13,14,Metro,Referral,0-1
7836,2026-01-12,1,Metro,Paid social,2-3
7837,2026-04-20,15,Tier-2,Flash sale,4-5
7838,2026-03-23,11,Tier-2,Flash sale,2-3
7839,2026-03-16,10,Metro,Organic,0-1
7840,2026-03-30,12,Tier-3,Organic,2-3
7841,2026-01-12,1,Metro,Paid social,2-3
7842,2026-05-11,18,Metro,Paid social,0-1
7843,2026-05-04,17,Tier-2,Flash sale,6+
7844,2026-05-18,19,Metro,Paid social,2-3
7845,2026-03-30,12,Metro,Organic,6+
7846,2026-02-02,4,Metro,Referral,6+
7847,2026-03-30,12,Metro,Flash sale,6+
7848,2026-02-09,5,Metro,Referral,6+
7849,2026-03-16,10,Tier-2,Referral,2-3
7850,2026-04-27,16,Metro,Flash sale,0-1
7851,2026-01-26,3,Tier-2,Paid social,0-1
7852,2026-03-09,9,Tier-2,Organic,4-5
7853,2026-03-09,9,Metro,Referral,0-1
7854,2026-05-11,18,Metro,Organic,0-1
7855,2026-03-16,10,Tier-2,Organic,0-1
7856,2026-02-16,6,Metro,Referral,2-3
7857,2026-02-23,7,Metro,Referral,2-3
7858,2026-02-16,6,Tier-2,Paid social,2-3
7859,2026-01-19,2,Tier-2,Organic,4-5
7860,2026-04-13,14,Tier-2,Organic,6+
7861,2026-04-20,15,Metro,Flash sale,4-5
7862,2026-01-26,3,Metro,Paid social,4-5
7863,2026-03-09,9,Metro,Paid social,0-1
7864,2026-04-20,15,Tier-2,Paid social,0-1
7865,2026-04-13,14,Metro,Flash sale,0-1
7866,2026-01-12,1,Metro,Paid social,6+
7867,2026-01-05,0,Metro,Organic,0-1
7868,2026-01-12,1,Tier-2,Paid social,6+
7869,2026-03-16,10,Tier-2,Flash sale,6+
7870,2026-05-11,18,Metro,Organic,6+
7871,2026-01-12,1,Metro,Flash sale,2-3
7872,2026-04-13,14,Metro,Referral,0-1
7873,2026-04-13,14,Metro,Organic,0-1
7874,2026-05-18,19,Metro,Organic,6+
7875,2026-03-23,11,Metro,Referral,2-3
7876,2026-05-18,19,Tier-2,Paid social,2-3
7877,2026-03-09,9,Tier-2,Flash sale,0-1
7878,2026-02-09,5,Tier-3,Organic,2-3
7879,2026-05-18,19,Tier-3,Flash sale,2-3
7880,2026-03-16,10,Metro,Organic,4-5
7881,2026-02-16,6,Metro,Organic,6+
7882,2026-03-30,12,Metro,Organic,2-3
7883,2026-03-02,8,Tier-2,Flash sale,2-3
7884,2026-04-13,14,Metro,Organic,2-3
7885,2026-04-13,14,Metro,Organic,0-1
7886,2026-01-05,0,Metro,Organic,0-1
7887,2026-03-16,10,Metro,Flash sale,0-1
7888,2026-05-04,17,Tier-2,Organic,0-1
7889,2026-04-06,13,Tier-2,Organic,0-1
7890,2026-04-13,14,Metro,Flash sale,0-1
7891,2026-05-18,19,Tier-3,Referral,6+
7892,2026-02-16,6,Metro,Referral,0-1
7893,2026-04-06,13,Metro,Flash sale,4-5
7894,2026-01-05,0,Metro,Referral,0-1
7895,2026-01-26,3,Tier-2,Referral,2-3
7896,2026-04-06,13,Tier-2,Flash sale,4-5
7897,2026-02-02,4,Metro,Flash sale,4-5
7898,2026-04-20,15,Tier-3,Organic,6+
7899,2026-05-04,17,Metro,Organic,2-3
7900,2026-05-04,17,Metro,Organic,4-5
7901,2026-01-05,0,Tier-2,Organic,2-3
7902,2026-02-16,6,Tier-3,Paid social,2-3
7903,2026-03-16,10,Tier-2,Organic,2-3
7904,2026-01-05,0,Tier-3,Flash sale,6+
7905,2026-05-11,18,Metro,Paid social,6+
7906,2026-05-18,19,Tier-2,Flash sale,2-3
7907,2026-04-20,15,Tier-2,Organic,4-5
7908,2026-02-09,5,Metro,Paid social,6+
7909,2026-01-19,2,Metro,Organic,2-3
7910,2026-04-27,16,Tier-3,Organic,2-3
7911,2026-04-13,14,Metro,Flash sale,6+
7912,2026-05-11,18,Metro,Organic,2-3
7913,2026-02-23,7,Tier-3,Referral,0-1
7914,2026-01-26,3,Tier-3,Organic,4-5
7915,2026-05-11,18,Tier-3,Referral,0-1
7916,2026-01-19,2,Tier-3,Organic,4-5
7917,2026-03-23,11,Metro,Paid social,0-1
7918,2026-03-09,9,Tier-3,Organic,2-3
7919,2026-03-16,10,Metro,Paid social,0-1
7920,2026-03-02,8,Tier-2,Organic,4-5
7921,2026-01-05,0,Metro,Paid social,0-1
7922,2026-03-30,12,Tier-2,Referral,2-3
7923,2026-02-02,4,Tier-2,Flash sale,6+
7924,2026-01-19,2,Tier-2,Organic,6+
7925,2026-03-02,8,Metro,Flash sale,2-3
7926,2026-02-09,5,Metro,Flash sale,4-5
7927,2026-04-13,14,Metro,Flash sale,2-3
7928,2026-02-23,7,Metro,Flash sale,0-1
7929,2026-03-16,10,Tier-2,Paid social,0-1
7930,2026-03-09,9,Metro,Paid social,6+
7931,2026-05-04,17,Tier-2,Flash sale,0-1
7932,2026-01-19,2,Metro,Organic,2-3
7933,2026-01-05,0,Metro,Organic,0-1
7934,2026-05-04,17,Tier-2,Referral,6+
7935,2026-02-16,6,Metro,Paid social,0-1
7936,2026-04-13,14,Metro,Flash sale,4-5
7937,2026-03-23,11,Metro,Organic,2-3
7938,2026-04-20,15,Metro,Organic,4-5
7939,2026-04-06,13,Tier-2,Organic,0-1
7940,2026-02-02,4,Metro,Paid social,0-1
7941,2026-03-16,10,Metro,Flash sale,0-1
7942,2026-02-16,6,Tier-2,Organic,4-5
7943,2026-02-23,7,Metro,Organic,4-5
7944,2026-03-16,10,Tier-2,Organic,6+
7945,2026-01-12,1,Metro,Flash sale,6+
7946,2026-01-05,0,Tier-3,Flash sale,6+
7947,2026-04-06,13,Metro,Organic,0-1
7948,2026-01-12,1,Metro,Organic,4-5
7949,2026-05-11,18,Tier-3,Paid social,4-5
7950,2026-03-30,12,Tier-2,Referral,4-5
7951,2026-04-27,16,Tier-2,Flash sale,4-5
7952,2026-03-09,9,Tier-3,Flash sale,4-5
7953,2026-04-13,14,Metro,Paid social,4-5
7954,2026-01-26,3,Tier-2,Referral,4-5
7955,2026-03-30,12,Tier-2,Paid social,4-5
7956,2026-02-16,6,Metro,Organic,0-1
7957,2026-04-20,15,Metro,Organic,4-5
7958,2026-02-23,7,Metro,Organic,0-1
7959,2026-04-20,15,Tier-3,Paid social,6+
7960,2026-05-04,17,Metro,Flash sale,6+
7961,2026-01-05,0,Metro,Organic,0-1
7962,2026-01-12,1,Tier-2,Paid social,6+
7963,2026-02-23,7,Tier-2,Paid social,2-3
7964,2026-03-16,10,Metro,Organic,4-5
7965,2026-05-04,17,Tier-2,Flash sale,4-5
7966,2026-03-02,8,Metro,Flash sale,0-1
7967,2026-05-04,17,Tier-2,Organic,6+
7968,2026-04-13,14,Metro,Flash sale,4-5
7969,2026-04-13,14,Metro,Organic,2-3
7970,2026-05-11,18,Tier-2,Paid social,4-5
7971,2026-02-16,6,Metro,Referral,6+
7972,2026-04-06,13,Metro,Paid social,4-5
7973,2026-04-20,15,Metro,Referral,4-5
7974,2026-05-18,19,Tier-2,Organic,6+
7975,2026-02-02,4,Tier-3,Organic,4-5
7976,2026-04-20,15,Tier-2,Referral,0-1
7977,2026-02-02,4,Tier-3,Organic,6+
7978,2026-05-18,19,Tier-3,Referral,6+
7979,2026-03-16,10,Metro,Organic,4-5
7980,2026-05-04,17,Metro,Organic,0-1
7981,2026-03-23,11,Tier-3,Flash sale,4-5
7982,2026-01-12,1,Tier-3,Flash sale,0-1
7983,2026-02-23,7,Tier-3,Flash sale,6+
7984,2026-03-30,12,Tier-2,Flash sale,6+
7985,2026-03-30,12,Metro,Flash sale,0-1
7986,2026-03-23,11,Tier-3,Referral,0-1
7987,2026-04-13,14,Tier-3,Flash sale,6+
7988,2026-03-23,11,Tier-2,Flash sale,6+
7989,2026-01-26,3,Tier-3,Flash sale,6+
7990,2026-01-12,1,Tier-2,Flash sale,0-1
7991,2026-02-09,5,Tier-3,Organic,4-5
7992,2026-01-19,2,Metro,Flash sale,6+
7993,2026-04-06,13,Tier-3,Organic,0-1
7994,2026-05-18,19,Metro,Paid social,2-3
7995,2026-05-11,18,Metro,Referral,2-3
7996,2026-03-23,11,Metro,Flash sale,4-5
7997,2026-05-04,17,Metro,Referral,2-3
7998,2026-04-06,13,Metro,Flash sale,2-3
7999,2026-01-19,2,Tier-3,Organic,2-3
8000,2026-03-23,11,Tier-2,Referral,0-1
8001,2026-03-23,11,Tier-3,Paid social,4-5
8002,2026-03-23,11,Metro,Organic,4-5
8003,2026-04-27,16,Metro,Organic,6+
8004,2026-05-18,19,Tier-2,Flash sale,4-5
8005,2026-02-02,4,Tier-2,Flash sale,4-5
8006,2026-01-05,0,Metro,Flash sale,2-3
8007,2026-03-30,12,Tier-2,Flash sale,2-3
8008,2026-01-19,2,Tier-2,Referral,2-3
8009,2026-03-02,8,Tier-2,Organic,6+
8010,2026-05-11,18,Tier-3,Flash sale,2-3
8011,2026-04-06,13,Tier-2,Paid social,6+
8012,2026-05-11,18,Tier-2,Organic,2-3
8013,2026-01-05,0,Metro,Flash sale,4-5
8014,2026-04-13,14,Metro,Organic,2-3
8015,2026-02-16,6,Metro,Organic,2-3
8016,2026-01-12,1,Tier-2,Flash sale,6+
8017,2026-02-16,6,Tier-2,Organic,4-5
8018,2026-05-11,18,Metro,Referral,2-3
8019,2026-03-02,8,Tier-2,Flash sale,2-3
8020,2026-05-11,18,Metro,Paid social,6+
8021,2026-01-19,2,Metro,Paid social,0-1
8022,2026-04-06,13,Tier-3,Organic,6+
8023,2026-03-02,8,Metro,Organic,4-5
8024,2026-02-09,5,Metro,Paid social,2-3
8025,2026-03-16,10,Metro,Organic,4-5
8026,2026-03-30,12,Metro,Organic,6+
8027,2026-01-05,0,Tier-2,Organic,2-3
8028,2026-04-06,13,Tier-3,Flash sale,2-3
8029,2026-02-16,6,Tier-2,Organic,6+
8030,2026-04-27,16,Tier-2,Organic,2-3
8031,2026-01-26,3,Metro,Flash sale,6+
8032,2026-02-09,5,Tier-2,Referral,6+
8033,2026-05-18,19,Metro,Organic,4-5
8034,2026-02-02,4,Metro,Referral,0-1
8035,2026-01-19,2,Tier-3,Flash sale,0-1
8036,2026-03-23,11,Metro,Flash sale,2-3
8037,2026-03-30,12,Metro,Organic,0-1
8038,2026-03-23,11,Metro,Organic,6+
8039,2026-03-02,8,Tier-2,Organic,4-5
8040,2026-01-19,2,Metro,Paid social,2-3
8041,2026-02-09,5,Metro,Organic,6+
8042,2026-01-12,1,Tier-2,Paid social,0-1
8043,2026-05-04,17,Metro,Organic,4-5
8044,2026-02-09,5,Tier-3,Organic,2-3
8045,2026-04-06,13,Metro,Flash sale,0-1
8046,2026-02-09,5,Tier-2,Referral,2-3
8047,2026-03-30,12,Tier-3,Organic,0-1
8048,2026-01-12,1,Metro,Organic,0-1
8049,2026-01-12,1,Tier-2,Flash sale,0-1
8050,2026-02-16,6,Metro,Organic,0-1
8051,2026-02-09,5,Tier-2,Flash sale,4-5
8052,2026-02-16,6,Tier-3,Referral,6+
8053,2026-02-09,5,Tier-2,Organic,2-3
8054,2026-04-06,13,Tier-3,Referral,4-5
8055,2026-03-02,8,Tier-2,Organic,0-1
8056,2026-01-26,3,Tier-2,Paid social,6+
8057,2026-05-11,18,Metro,Paid social,4-5
8058,2026-03-30,12,Tier-2,Flash sale,2-3
8059,2026-03-02,8,Tier-3,Paid social,6+
8060,2026-03-16,10,Tier-2,Referral,2-3
8061,2026-02-16,6,Metro,Organic,2-3
8062,2026-02-23,7,Metro,Organic,6+
8063,2026-01-12,1,Tier-2,Organic,0-1
8064,2026-04-27,16,Tier-3,Flash sale,4-5
8065,2026-02-23,7,Metro,Flash sale,4-5
8066,2026-04-06,13,Metro,Flash sale,4-5
8067,2026-01-12,1,Metro,Flash sale,6+
8068,2026-01-12,1,Metro,Flash sale,2-3
8069,2026-02-23,7,Tier-3,Organic,0-1
8070,2026-01-05,0,Metro,Organic,2-3
8071,2026-05-18,19,Metro,Paid social,0-1
8072,2026-01-05,0,Metro,Organic,4-5
8073,2026-03-23,11,Metro,Organic,4-5
8074,2026-02-23,7,Tier-3,Organic,6+
8075,2026-02-02,4,Metro,Paid social,2-3
8076,2026-01-19,2,Metro,Organic,6+
8077,2026-02-09,5,Metro,Flash sale,6+
8078,2026-01-12,1,Tier-3,Organic,6+
8079,2026-03-23,11,Tier-3,Organic,4-5
8080,2026-02-02,4,Metro,Referral,0-1
8081,2026-01-05,0,Tier-2,Flash sale,0-1
8082,2026-01-19,2,Metro,Flash sale,6+
8083,2026-05-04,17,Tier-2,Organic,6+
8084,2026-02-02,4,Metro,Paid social,6+
8085,2026-03-23,11,Tier-2,Flash sale,4-5
8086,2026-03-02,8,Tier-3,Paid social,6+
8087,2026-03-09,9,Metro,Organic,2-3
8088,2026-05-04,17,Metro,Flash sale,0-1
8089,2026-04-13,14,Metro,Organic,2-3
8090,2026-03-23,11,Metro,Referral,6+
8091,2026-02-02,4,Metro,Referral,4-5
8092,2026-04-27,16,Metro,Flash sale,6+
8093,2026-01-05,0,Tier-3,Organic,6+
8094,2026-03-23,11,Metro,Organic,6+
8095,2026-03-30,12,Tier-3,Organic,0-1
8096,2026-05-11,18,Metro,Referral,0-1
8097,2026-01-26,3,Metro,Organic,2-3
8098,2026-02-09,5,Metro,Organic,0-1
8099,2026-01-05,0,Tier-3,Organic,6+
8100,2026-02-02,4,Metro,Organic,0-1
8101,2026-05-11,18,Metro,Paid social,2-3
8102,2026-01-05,0,Tier-2,Organic,4-5
8103,2026-04-20,15,Tier-2,Paid social,0-1
8104,2026-05-11,18,Tier-2,Flash sale,4-5
8105,2026-01-19,2,Metro,Flash sale,0-1
8106,2026-02-23,7,Metro,Flash sale,6+
8107,2026-05-04,17,Tier-2,Flash sale,4-5
8108,2026-04-13,14,Tier-2,Flash sale,2-3
8109,2026-01-12,1,Tier-2,Organic,4-5
8110,2026-05-04,17,Metro,Paid social,2-3
8111,2026-04-27,16,Metro,Organic,0-1
8112,2026-02-16,6,Tier-3,Organic,0-1
8113,2026-03-02,8,Tier-2,Flash sale,0-1
8114,2026-02-16,6,Metro,Flash sale,4-5
8115,2026-03-16,10,Tier-3,Organic,4-5
8116,2026-04-20,15,Tier-2,Organic,2-3
8117,2026-04-06,13,Metro,Organic,4-5
8118,2026-05-18,19,Metro,Flash sale,2-3
8119,2026-01-12,1,Tier-2,Organic,0-1
8120,2026-05-11,18,Metro,Paid social,4-5
8121,2026-05-11,18,Tier-2,Organic,2-3
8122,2026-02-23,7,Tier-2,Paid social,4-5
8123,2026-01-19,2,Metro,Flash sale,4-5
8124,2026-02-02,4,Tier-3,Referral,0-1
8125,2026-05-11,18,Metro,Paid social,0-1
8126,2026-01-05,0,Metro,Organic,0-1
8127,2026-01-12,1,Tier-2,Flash sale,0-1
8128,2026-01-12,1,Tier-2,Organic,0-1
8129,2026-01-26,3,Metro,Organic,6+
8130,2026-04-20,15,Tier-2,Organic,6+
8131,2026-01-12,1,Tier-3,Flash sale,6+
8132,2026-05-18,19,Tier-2,Referral,2-3
8133,2026-02-23,7,Tier-2,Organic,2-3
8134,2026-03-16,10,Metro,Referral,2-3
8135,2026-03-23,11,Metro,Organic,6+
8136,2026-04-27,16,Tier-2,Organic,2-3
8137,2026-03-30,12,Metro,Organic,4-5
8138,2026-01-12,1,Tier-2,Flash sale,0-1
8139,2026-04-27,16,Metro,Flash sale,6+
8140,2026-01-12,1,Metro,Organic,4-5
8141,2026-03-16,10,Metro,Organic,6+
8142,2026-05-04,17,Metro,Flash sale,2-3
8143,2026-03-16,10,Metro,Referral,4-5
8144,2026-03-02,8,Tier-2,Organic,2-3
8145,2026-02-16,6,Tier-2,Referral,2-3
8146,2026-04-20,15,Metro,Flash sale,2-3
8147,2026-04-06,13,Metro,Flash sale,0-1
8148,2026-04-27,16,Tier-2,Organic,2-3
8149,2026-05-11,18,Metro,Paid social,4-5
8150,2026-03-23,11,Metro,Flash sale,0-1
8151,2026-02-23,7,Metro,Organic,2-3
8152,2026-03-23,11,Tier-2,Paid social,0-1
8153,2026-02-23,7,Tier-3,Referral,4-5
8154,2026-02-02,4,Tier-2,Referral,2-3
8155,2026-02-16,6,Tier-3,Referral,0-1
8156,2026-03-09,9,Tier-3,Organic,4-5
8157,2026-02-02,4,Metro,Referral,6+
8158,2026-02-16,6,Metro,Organic,6+
8159,2026-03-23,11,Metro,Paid social,6+
8160,2026-01-19,2,Metro,Organic,0-1
8161,2026-01-19,2,Tier-2,Organic,0-1
8162,2026-04-20,15,Metro,Flash sale,6+
8163,2026-04-27,16,Metro,Referral,4-5
8164,2026-02-16,6,Metro,Flash sale,4-5
8165,2026-01-19,2,Tier-2,Referral,6+
8166,2026-03-09,9,Tier-2,Organic,0-1
8167,2026-01-26,3,Tier-3,Organic,4-5
8168,2026-05-04,17,Metro,Flash sale,4-5
8169,2026-01-12,1,Metro,Organic,6+
8170,2026-03-16,10,Tier-3,Flash sale,2-3
8171,2026-02-23,7,Tier-2,Paid social,4-5
8172,2026-03-09,9,Tier-2,Flash sale,6+
8173,2026-04-20,15,Metro,Flash sale,2-3
8174,2026-02-09,5,Metro,Flash sale,0-1
8175,2026-05-11,18,Tier-3,Paid social,2-3
8176,2026-05-18,19,Tier-2,Flash sale,4-5
8177,2026-03-02,8,Tier-2,Referral,2-3
8178,2026-02-23,7,Metro,Organic,4-5
8179,2026-02-02,4,Metro,Referral,2-3
8180,2026-04-27,16,Metro,Organic,0-1
8181,2026-04-13,14,Tier-2,Referral,6+
8182,2026-03-02,8,Metro,Paid social,6+
8183,2026-04-06,13,Metro,Paid social,4-5
8184,2026-02-23,7,Metro,Organic,2-3
8185,2026-04-06,13,Tier-3,Referral,2-3
8186,2026-04-27,16,Metro,Organic,2-3
8187,2026-03-02,8,Metro,Flash sale,2-3
8188,2026-04-06,13,Tier-2,Flash sale,0-1
8189,2026-03-23,11,Tier-2,Flash sale,2-3
8190,2026-01-12,1,Tier-2,Organic,2-3
8191,2026-01-12,1,Tier-3,Flash sale,2-3
8192,2026-02-09,5,Metro,Flash sale,2-3
8193,2026-02-09,5,Tier-3,Flash sale,4-5
8194,2026-01-26,3,Tier-3,Flash sale,6+
8195,2026-05-11,18,Metro,Referral,2-3
8196,2026-03-30,12,Tier-2,Flash sale,0-1
8197,2026-01-05,0,Metro,Organic,6+
8198,2026-05-11,18,Metro,Flash sale,0-1
8199,2026-02-16,6,Metro,Referral,6+
8200,2026-05-18,19,Metro,Organic,4-5
8201,2026-02-02,4,Tier-3,Organic,4-5
8202,2026-01-12,1,Metro,Paid social,2-3
8203,2026-01-19,2,Tier-2,Paid social,4-5
8204,2026-02-23,7,Metro,Flash sale,4-5
8205,2026-05-11,18,Metro,Referral,6+
8206,2026-03-23,11,Metro,Paid social,0-1
8207,2026-01-19,2,Metro,Flash sale,0-1
8208,2026-02-16,6,Tier-2,Organic,2-3
8209,2026-03-09,9,Tier-3,Flash sale,0-1
8210,2026-03-16,10,Metro,Paid social,6+
8211,2026-04-27,16,Tier-3,Flash sale,0-1
8212,2026-01-05,0,Tier-2,Organic,0-1
8213,2026-01-05,0,Tier-2,Paid social,2-3
8214,2026-04-13,14,Metro,Referral,2-3
8215,2026-01-19,2,Metro,Flash sale,2-3
8216,2026-04-06,13,Tier-3,Paid social,4-5
8217,2026-02-16,6,Tier-2,Referral,4-5
8218,2026-02-23,7,Metro,Referral,6+
8219,2026-01-19,2,Tier-2,Paid social,2-3
8220,2026-04-20,15,Metro,Organic,6+
8221,2026-01-26,3,Tier-2,Referral,0-1
8222,2026-01-05,0,Metro,Organic,0-1
8223,2026-03-23,11,Tier-3,Paid social,2-3
8224,2026-01-26,3,Metro,Paid social,0-1
8225,2026-01-26,3,Metro,Referral,0-1
8226,2026-02-02,4,Tier-2,Referral,2-3
8227,2026-03-30,12,Metro,Referral,4-5
8228,2026-04-20,15,Tier-3,Organic,2-3
8229,2026-05-11,18,Tier-2,Flash sale,2-3
8230,2026-05-18,19,Metro,Organic,0-1
8231,2026-02-02,4,Metro,Referral,0-1
8232,2026-02-02,4,Tier-3,Flash sale,6+
8233,2026-02-02,4,Tier-2,Flash sale,0-1
8234,2026-01-26,3,Tier-3,Organic,4-5
8235,2026-01-05,0,Metro,Flash sale,4-5
8236,2026-03-23,11,Tier-3,Flash sale,0-1
8237,2026-01-05,0,Metro,Paid social,0-1
8238,2026-01-05,0,Tier-2,Paid social,2-3
8239,2026-02-23,7,Metro,Flash sale,4-5
8240,2026-04-27,16,Metro,Referral,0-1
8241,2026-03-09,9,Tier-3,Organic,6+
8242,2026-02-23,7,Tier-3,Organic,2-3
8243,2026-01-26,3,Metro,Flash sale,2-3
8244,2026-04-06,13,Tier-3,Referral,6+
8245,2026-02-16,6,Metro,Organic,0-1
8246,2026-05-18,19,Metro,Organic,6+
8247,2026-01-19,2,Metro,Flash sale,4-5
8248,2026-04-20,15,Metro,Organic,2-3
8249,2026-04-06,13,Metro,Flash sale,0-1
8250,2026-02-23,7,Metro,Flash sale,0-1
8251,2026-02-23,7,Metro,Paid social,6+
8252,2026-05-18,19,Tier-2,Organic,2-3
8253,2026-04-13,14,Tier-2,Organic,6+
8254,2026-01-05,0,Tier-2,Organic,6+
8255,2026-03-23,11,Metro,Organic,2-3
8256,2026-04-13,14,Tier-2,Referral,2-3
8257,2026-02-23,7,Metro,Flash sale,2-3
8258,2026-04-06,13,Tier-2,Organic,4-5
8259,2026-03-30,12,Tier-2,Paid social,4-5
8260,2026-02-16,6,Metro,Referral,2-3
8261,2026-01-05,0,Metro,Organic,4-5
8262,2026-01-05,0,Tier-2,Organic,4-5
8263,2026-04-06,13,Tier-3,Referral,0-1
8264,2026-04-20,15,Tier-2,Flash sale,4-5
8265,2026-02-23,7,Tier-3,Paid social,6+
8266,2026-03-09,9,Tier-3,Organic,6+
8267,2026-03-16,10,Metro,Referral,2-3
8268,2026-05-04,17,Tier-2,Organic,0-1
8269,2026-03-16,10,Metro,Organic,6+
8270,2026-03-23,11,Metro,Referral,6+
8271,2026-03-23,11,Metro,Referral,6+
8272,2026-01-19,2,Tier-3,Organic,2-3
8273,2026-04-13,14,Tier-2,Organic,2-3
8274,2026-05-11,18,Metro,Referral,4-5
8275,2026-01-19,2,Metro,Organic,2-3
8276,2026-01-12,1,Metro,Organic,6+
8277,2026-03-09,9,Tier-2,Organic,2-3
8278,2026-04-20,15,Tier-3,Organic,2-3
8279,2026-01-12,1,Metro,Referral,6+
8280,2026-04-13,14,Metro,Organic,2-3
8281,2026-02-02,4,Tier-2,Flash sale,0-1
8282,2026-01-26,3,Metro,Flash sale,6+
8283,2026-01-26,3,Metro,Organic,2-3
8284,2026-03-16,10,Metro,Flash sale,4-5
8285,2026-03-23,11,Metro,Organic,4-5
8286,2026-03-09,9,Metro,Referral,0-1
8287,2026-03-30,12,Tier-3,Referral,0-1
8288,2026-04-27,16,Metro,Referral,6+
8289,2026-04-27,16,Metro,Organic,0-1
8290,2026-04-13,14,Tier-2,Referral,2-3
8291,2026-03-16,10,Tier-3,Flash sale,6+
8292,2026-02-02,4,Metro,Organic,0-1
8293,2026-04-13,14,Metro,Organic,4-5
8294,2026-04-06,13,Tier-2,Organic,0-1
8295,2026-05-04,17,Metro,Organic,4-5
8296,2026-04-13,14,Tier-2,Organic,4-5
8297,2026-01-19,2,Metro,Paid social,0-1
8298,2026-03-23,11,Metro,Paid social,2-3
8299,2026-04-13,14,Metro,Organic,4-5
8300,2026-05-18,19,Tier-2,Paid social,6+
8301,2026-02-16,6,Metro,Referral,4-5
8302,2026-05-04,17,Metro,Flash sale,4-5
8303,2026-02-09,5,Metro,Paid social,2-3
8304,2026-02-23,7,Tier-2,Referral,0-1
8305,2026-05-18,19,Metro,Flash sale,6+
8306,2026-01-26,3,Tier-2,Organic,6+
8307,2026-02-02,4,Tier-2,Organic,0-1
8308,2026-04-27,16,Metro,Paid social,2-3
8309,2026-05-11,18,Tier-3,Organic,2-3
8310,2026-01-19,2,Tier-3,Organic,0-1
8311,2026-04-27,16,Metro,Organic,6+
8312,2026-03-23,11,Metro,Flash sale,0-1
8313,2026-05-04,17,Metro,Organic,0-1
8314,2026-03-09,9,Metro,Paid social,2-3
8315,2026-03-23,11,Metro,Flash sale,6+
8316,2026-02-02,4,Tier-3,Paid social,0-1
8317,2026-03-23,11,Tier-3,Flash sale,2-3
8318,2026-03-02,8,Metro,Flash sale,4-5
8319,2026-03-02,8,Metro,Organic,0-1
8320,2026-02-09,5,Metro,Organic,0-1
8321,2026-03-02,8,Metro,Paid social,0-1
8322,2026-01-26,3,Metro,Referral,0-1
8323,2026-05-04,17,Tier-3,Flash sale,2-3
8324,2026-03-02,8,Tier-3,Paid social,6+
8325,2026-02-23,7,Metro,Referral,6+
8326,2026-05-18,19,Tier-2,Organic,4-5
8327,2026-03-09,9,Tier-2,Flash sale,6+
8328,2026-04-13,14,Tier-2,Referral,0-1
8329,2026-05-18,19,Metro,Referral,4-5
8330,2026-05-04,17,Metro,Organic,2-3
8331,2026-02-23,7,Tier-2,Organic,0-1
8332,2026-03-16,10,Metro,Flash sale,4-5
8333,2026-04-27,16,Tier-2,Organic,2-3
8334,2026-03-16,10,Metro,Organic,6+
8335,2026-02-09,5,Tier-2,Flash sale,2-3
8336,2026-03-16,10,Tier-2,Flash sale,2-3
8337,2026-01-05,0,Metro,Organic,0-1
8338,2026-05-04,17,Metro,Flash sale,2-3
8339,2026-03-23,11,Tier-2,Organic,0-1
8340,2026-02-09,5,Metro,Organic,4-5
8341,2026-03-09,9,Tier-2,Referral,2-3
8342,2026-01-05,0,Tier-2,Paid social,2-3
8343,2026-04-20,15,Metro,Organic,2-3
8344,2026-03-16,10,Tier-2,Paid social,6+
8345,2026-01-05,0,Metro,Paid social,4-5
8346,2026-03-09,9,Tier-2,Flash sale,6+
8347,2026-01-12,1,Metro,Paid social,2-3
8348,2026-02-23,7,Metro,Organic,2-3
8349,2026-05-04,17,Metro,Organic,0-1
8350,2026-04-06,13,Tier-3,Referral,4-5
8351,2026-03-09,9,Tier-3,Flash sale,0-1
8352,2026-03-16,10,Tier-2,Organic,6+
8353,2026-03-16,10,Metro,Organic,4-5
8354,2026-01-12,1,Metro,Organic,2-3
8355,2026-02-02,4,Tier-2,Organic,4-5
8356,2026-04-27,16,Tier-2,Organic,6+
8357,2026-05-11,18,Metro,Paid social,0-1
8358,2026-01-19,2,Tier-3,Organic,4-5
8359,2026-05-11,18,Metro,Referral,6+
8360,2026-01-05,0,Metro,Organic,4-5
8361,2026-03-16,10,Tier-3,Organic,4-5
8362,2026-04-27,16,Metro,Paid social,4-5
8363,2026-02-02,4,Metro,Organic,0-1
8364,2026-05-11,18,Tier-2,Organic,6+
8365,2026-05-18,19,Tier-3,Referral,2-3
8366,2026-03-02,8,Metro,Organic,2-3
8367,2026-05-04,17,Tier-2,Organic,6+
8368,2026-01-12,1,Metro,Paid social,0-1
8369,2026-03-16,10,Metro,Flash sale,2-3
8370,2026-02-09,5,Metro,Flash sale,4-5
8371,2026-03-30,12,Metro,Organic,0-1
8372,2026-02-09,5,Metro,Organic,4-5
8373,2026-03-02,8,Metro,Flash sale,4-5
8374,2026-04-13,14,Tier-2,Flash sale,2-3
8375,2026-02-02,4,Tier-2,Organic,0-1
8376,2026-04-27,16,Tier-2,Paid social,2-3
8377,2026-04-06,13,Tier-2,Referral,6+
8378,2026-02-09,5,Metro,Flash sale,4-5
8379,2026-04-06,13,Metro,Flash sale,6+
8380,2026-02-16,6,Metro,Flash sale,4-5
8381,2026-03-16,10,Tier-2,Referral,6+
8382,2026-03-30,12,Metro,Organic,6+
8383,2026-04-27,16,Metro,Paid social,4-5
8384,2026-02-16,6,Metro,Flash sale,2-3
8385,2026-03-09,9,Metro,Paid social,4-5
8386,2026-03-02,8,Tier-3,Paid social,6+
8387,2026-05-04,17,Tier-2,Organic,2-3
8388,2026-04-27,16,Metro,Organic,2-3
8389,2026-02-02,4,Tier-2,Flash sale,6+
8390,2026-01-19,2,Tier-2,Flash sale,4-5
8391,2026-05-18,19,Metro,Referral,0-1
8392,2026-01-26,3,Metro,Organic,2-3
8393,2026-02-02,4,Tier-2,Flash sale,2-3
8394,2026-01-19,2,Metro,Paid social,2-3
8395,2026-01-26,3,Metro,Paid social,6+
8396,2026-01-12,1,Metro,Organic,6+
8397,2026-03-30,12,Tier-2,Paid social,6+
8398,2026-03-16,10,Tier-3,Organic,4-5
8399,2026-01-12,1,Tier-2,Flash sale,4-5
8400,2026-04-06,13,Metro,Organic,4-5
8401,2026-01-26,3,Metro,Flash sale,2-3
8402,2026-03-16,10,Tier-2,Organic,0-1
8403,2026-04-13,14,Tier-2,Organic,0-1
8404,2026-03-02,8,Tier-3,Organic,4-5
8405,2026-02-16,6,Tier-2,Paid social,4-5
8406,2026-05-04,17,Metro,Flash sale,2-3
8407,2026-04-27,16,Tier-2,Referral,0-1
8408,2026-04-27,16,Tier-3,Flash sale,0-1
8409,2026-01-26,3,Tier-2,Organic,2-3
8410,2026-02-09,5,Tier-2,Organic,6+
8411,2026-02-23,7,Metro,Organic,2-3
8412,2026-01-26,3,Tier-2,Flash sale,6+
8413,2026-02-23,7,Metro,Paid social,6+
8414,2026-02-02,4,Metro,Organic,6+
8415,2026-03-09,9,Tier-2,Flash sale,6+
8416,2026-04-13,14,Tier-3,Referral,0-1
8417,2026-03-02,8,Tier-3,Paid social,6+
8418,2026-04-13,14,Metro,Organic,6+
8419,2026-02-23,7,Metro,Paid social,6+
8420,2026-03-09,9,Metro,Flash sale,0-1
8421,2026-02-16,6,Tier-2,Flash sale,2-3
8422,2026-01-12,1,Tier-2,Referral,4-5
8423,2026-01-05,0,Tier-3,Organic,0-1
8424,2026-01-26,3,Metro,Referral,6+
8425,2026-03-30,12,Tier-2,Flash sale,2-3
8426,2026-01-12,1,Tier-2,Referral,0-1
8427,2026-03-09,9,Metro,Paid social,2-3
8428,2026-01-19,2,Tier-3,Flash sale,2-3
8429,2026-02-23,7,Tier-2,Organic,4-5
8430,2026-02-09,5,Metro,Organic,4-5
8431,2026-02-02,4,Metro,Paid social,2-3
8432,2026-03-16,10,Tier-3,Flash sale,4-5
8433,2026-05-04,17,Tier-2,Paid social,6+
8434,2026-04-06,13,Tier-2,Organic,2-3
8435,2026-02-02,4,Tier-2,Flash sale,2-3
8436,2026-04-27,16,Metro,Paid social,0-1
8437,2026-05-11,18,Tier-2,Referral,2-3
8438,2026-04-20,15,Tier-3,Organic,2-3
8439,2026-02-02,4,Metro,Organic,6+
8440,2026-01-26,3,Tier-2,Paid social,0-1
8441,2026-05-18,19,Metro,Referral,4-5
8442,2026-05-04,17,Metro,Flash sale,6+
8443,2026-03-02,8,Metro,Flash sale,2-3
8444,2026-03-09,9,Tier-3,Organic,0-1
8445,2026-03-16,10,Metro,Flash sale,4-5
8446,2026-05-04,17,Metro,Organic,4-5
8447,2026-02-09,5,Tier-2,Organic,4-5
8448,2026-04-06,13,Metro,Referral,6+
8449,2026-05-11,18,Tier-2,Organic,0-1
8450,2026-02-09,5,Tier-3,Referral,0-1
8451,2026-02-09,5,Metro,Flash sale,2-3
8452,2026-01-19,2,Metro,Organic,4-5
8453,2026-04-13,14,Tier-3,Organic,6+
8454,2026-02-09,5,Metro,Organic,4-5
8455,2026-01-05,0,Metro,Flash sale,0-1
8456,2026-03-16,10,Tier-3,Paid social,6+
8457,2026-03-23,11,Tier-3,Referral,2-3
8458,2026-01-05,0,Tier-2,Referral,6+
8459,2026-04-13,14,Tier-2,Paid social,2-3
8460,2026-03-23,11,Tier-3,Referral,6+
8461,2026-03-09,9,Tier-2,Flash sale,4-5
8462,2026-02-16,6,Tier-2,Referral,4-5
8463,2026-03-30,12,Tier-2,Flash sale,6+
8464,2026-04-20,15,Tier-2,Organic,0-1
8465,2026-04-20,15,Metro,Referral,2-3
8466,2026-02-23,7,Metro,Referral,0-1
8467,2026-03-16,10,Metro,Organic,6+
8468,2026-02-09,5,Metro,Paid social,6+
8469,2026-02-02,4,Metro,Organic,6+
8470,2026-05-04,17,Metro,Referral,0-1
8471,2026-02-23,7,Tier-2,Paid social,2-3
8472,2026-02-09,5,Metro,Organic,2-3
8473,2026-04-13,14,Metro,Paid social,6+
8474,2026-04-06,13,Metro,Referral,6+
8475,2026-02-09,5,Metro,Referral,6+
8476,2026-01-26,3,Tier-2,Paid social,6+
8477,2026-03-30,12,Metro,Flash sale,6+
8478,2026-05-11,18,Metro,Flash sale,2-3
8479,2026-01-19,2,Tier-2,Flash sale,4-5
8480,2026-02-02,4,Metro,Flash sale,4-5
8481,2026-05-11,18,Metro,Organic,0-1
8482,2026-04-13,14,Tier-2,Organic,6+
8483,2026-03-30,12,Tier-2,Organic,0-1
8484,2026-02-16,6,Tier-2,Referral,6+
8485,2026-03-09,9,Tier-2,Paid social,2-3
8486,2026-01-26,3,Tier-3,Paid social,0-1
8487,2026-04-27,16,Metro,Organic,4-5
8488,2026-03-16,10,Tier-2,Flash sale,2-3
8489,2026-04-20,15,Tier-2,Flash sale,2-3
8490,2026-05-04,17,Metro,Organic,6+
8491,2026-01-12,1,Tier-3,Flash sale,4-5
8492,2026-05-04,17,Metro,Organic,4-5
8493,2026-02-16,6,Tier-3,Paid social,6+
8494,2026-02-16,6,Tier-2,Organic,6+
8495,2026-03-09,9,Metro,Referral,0-1
8496,2026-02-09,5,Metro,Paid social,2-3
8497,2026-02-16,6,Tier-3,Referral,6+
8498,2026-04-06,13,Tier-2,Organic,6+
8499,2026-02-16,6,Metro,Organic,0-1
8500,2026-03-30,12,Metro,Paid social,0-1
8501,2026-02-23,7,Tier-2,Organic,2-3
8502,2026-02-16,6,Metro,Organic,4-5
8503,2026-01-19,2,Tier-2,Paid social,6+
8504,2026-05-04,17,Tier-2,Referral,2-3
8505,2026-01-19,2,Metro,Referral,0-1
8506,2026-03-23,11,Tier-2,Organic,4-5
8507,2026-02-09,5,Metro,Flash sale,0-1
8508,2026-05-18,19,Tier-3,Referral,4-5
8509,2026-01-12,1,Tier-3,Organic,6+
8510,2026-03-02,8,Metro,Organic,4-5
8511,2026-03-16,10,Metro,Organic,6+
8512,2026-05-18,19,Metro,Flash sale,4-5
8513,2026-01-26,3,Tier-3,Organic,6+
8514,2026-04-27,16,Metro,Paid social,6+
8515,2026-01-12,1,Tier-2,Organic,0-1
8516,2026-02-09,5,Tier-3,Organic,4-5
8517,2026-04-27,16,Metro,Paid social,2-3
8518,2026-02-23,7,Tier-2,Paid social,0-1
8519,2026-03-23,11,Metro,Flash sale,0-1
8520,2026-02-23,7,Tier-2,Paid social,0-1
8521,2026-05-04,17,Metro,Organic,0-1
8522,2026-01-12,1,Tier-3,Flash sale,0-1
8523,2026-05-18,19,Metro,Organic,6+
8524,2026-02-02,4,Metro,Flash sale,2-3
8525,2026-03-23,11,Tier-2,Referral,0-1
8526,2026-02-09,5,Tier-2,Referral,2-3
8527,2026-04-20,15,Tier-2,Organic,4-5
8528,2026-04-13,14,Tier-2,Organic,4-5
8529,2026-01-26,3,Metro,Paid social,0-1
8530,2026-02-02,4,Tier-2,Flash sale,0-1
8531,2026-04-06,13,Metro,Organic,4-5
8532,2026-03-16,10,Metro,Organic,6+
8533,2026-03-16,10,Tier-3,Organic,0-1
8534,2026-02-23,7,Tier-2,Flash sale,6+
8535,2026-04-06,13,Metro,Flash sale,0-1
8536,2026-05-11,18,Metro,Flash sale,2-3
8537,2026-01-19,2,Tier-3,Flash sale,0-1
8538,2026-04-06,13,Metro,Flash sale,2-3
8539,2026-05-11,18,Metro,Organic,6+
8540,2026-02-02,4,Metro,Organic,0-1
8541,2026-03-02,8,Metro,Organic,4-5
8542,2026-03-23,11,Metro,Paid social,2-3
8543,2026-04-20,15,Tier-3,Referral,4-5
8544,2026-04-06,13,Metro,Organic,0-1
8545,2026-05-18,19,Metro,Flash sale,2-3
8546,2026-03-23,11,Tier-2,Flash sale,6+
8547,2026-05-04,17,Tier-2,Flash sale,4-5
8548,2026-03-16,10,Tier-2,Flash sale,6+
8549,2026-02-16,6,Tier-2,Paid social,4-5
8550,2026-04-06,13,Tier-2,Organic,0-1
8551,2026-03-02,8,Tier-2,Flash sale,2-3
8552,2026-04-06,13,Tier-2,Flash sale,6+
8553,2026-03-30,12,Tier-2,Flash sale,4-5
8554,2026-01-12,1,Tier-2,Organic,4-5
8555,2026-03-16,10,Metro,Flash sale,6+
8556,2026-01-05,0,Tier-2,Organic,0-1
8557,2026-03-02,8,Tier-2,Referral,6+
8558,2026-04-06,13,Metro,Flash sale,0-1
8559,2026-04-06,13,Tier-3,Organic,6+
8560,2026-01-19,2,Metro,Paid social,6+
8561,2026-05-11,18,Metro,Referral,2-3
8562,2026-04-13,14,Tier-3,Flash sale,2-3
8563,2026-02-16,6,Metro,Paid social,0-1
8564,2026-03-02,8,Metro,Referral,2-3
8565,2026-01-19,2,Metro,Organic,0-1
8566,2026-02-23,7,Tier-3,Flash sale,4-5
8567,2026-04-06,13,Metro,Flash sale,0-1
8568,2026-05-04,17,Tier-2,Flash sale,6+
8569,2026-03-23,11,Tier-2,Paid social,2-3
8570,2026-02-09,5,Tier-2,Flash sale,6+
8571,2026-05-11,18,Tier-3,Organic,2-3
8572,2026-03-16,10,Tier-2,Flash sale,6+
8573,2026-04-13,14,Metro,Referral,4-5
8574,2026-04-13,14,Tier-3,Organic,6+
8575,2026-02-23,7,Metro,Organic,4-5
8576,2026-01-05,0,Metro,Organic,2-3
8577,2026-03-30,12,Metro,Flash sale,4-5
8578,2026-05-04,17,Tier-2,Organic,0-1
8579,2026-05-04,17,Metro,Organic,6+
8580,2026-05-04,17,Tier-2,Organic,4-5
8581,2026-02-16,6,Metro,Flash sale,0-1
8582,2026-05-11,18,Metro,Organic,0-1
8583,2026-01-05,0,Metro,Organic,0-1
8584,2026-02-16,6,Tier-2,Flash sale,4-5
8585,2026-03-30,12,Metro,Organic,4-5
8586,2026-02-16,6,Metro,Organic,0-1
8587,2026-01-05,0,Metro,Flash sale,4-5
8588,2026-01-26,3,Metro,Organic,2-3
8589,2026-05-11,18,Tier-2,Organic,2-3
8590,2026-03-02,8,Metro,Flash sale,4-5
8591,2026-01-26,3,Metro,Organic,6+
8592,2026-03-30,12,Tier-3,Flash sale,6+
8593,2026-02-23,7,Metro,Paid social,0-1
8594,2026-02-23,7,Metro,Flash sale,6+
8595,2026-05-11,18,Tier-2,Flash sale,4-5
8596,2026-03-16,10,Tier-2,Paid social,0-1
8597,2026-01-12,1,Tier-2,Flash sale,6+
8598,2026-05-11,18,Metro,Referral,2-3
8599,2026-01-05,0,Metro,Flash sale,2-3
8600,2026-04-06,13,Metro,Flash sale,6+
8601,2026-01-19,2,Metro,Paid social,4-5
8602,2026-02-09,5,Metro,Organic,0-1
8603,2026-05-18,19,Tier-3,Paid social,0-1
8604,2026-01-26,3,Tier-2,Flash sale,6+
8605,2026-05-18,19,Metro,Flash sale,2-3
8606,2026-02-09,5,Metro,Flash sale,0-1
8607,2026-02-23,7,Tier-2,Organic,0-1
8608,2026-05-11,18,Metro,Organic,6+
8609,2026-04-13,14,Metro,Paid social,4-5
8610,2026-02-09,5,Metro,Flash sale,4-5
8611,2026-04-13,14,Tier-2,Paid social,4-5
8612,2026-03-09,9,Tier-2,Organic,2-3
8613,2026-01-12,1,Metro,Organic,6+
8614,2026-02-09,5,Metro,Organic,4-5
8615,2026-02-02,4,Tier-2,Organic,4-5
8616,2026-03-09,9,Tier-2,Flash sale,6+
8617,2026-05-04,17,Tier-2,Paid social,0-1
8618,2026-03-23,11,Metro,Paid social,2-3
8619,2026-01-26,3,Tier-2,Flash sale,6+
8620,2026-03-30,12,Tier-3,Organic,0-1
8621,2026-03-16,10,Tier-2,Flash sale,2-3
8622,2026-02-23,7,Metro,Flash sale,0-1
8623,2026-02-02,4,Tier-2,Flash sale,4-5
8624,2026-04-13,14,Metro,Flash sale,6+
8625,2026-03-23,11,Metro,Organic,2-3
8626,2026-03-02,8,Metro,Organic,4-5
8627,2026-01-26,3,Tier-3,Paid social,6+
8628,2026-01-19,2,Metro,Referral,6+
8629,2026-02-02,4,Tier-3,Paid social,6+
8630,2026-03-30,12,Metro,Organic,2-3
8631,2026-01-05,0,Metro,Flash sale,0-1
8632,2026-01-12,1,Metro,Organic,4-5
8633,2026-05-18,19,Tier-2,Paid social,4-5
8634,2026-02-09,5,Metro,Organic,2-3
8635,2026-01-19,2,Metro,Flash sale,4-5
8636,2026-05-18,19,Metro,Organic,4-5
8637,2026-03-02,8,Metro,Organic,2-3
8638,2026-01-05,0,Metro,Organic,2-3
8639,2026-03-02,8,Metro,Flash sale,2-3
8640,2026-01-05,0,Metro,Referral,2-3
8641,2026-02-16,6,Tier-3,Paid social,4-5
8642,2026-05-11,18,Metro,Flash sale,0-1
8643,2026-04-20,15,Metro,Flash sale,2-3
8644,2026-03-02,8,Metro,Referral,4-5
8645,2026-02-16,6,Metro,Organic,0-1
8646,2026-03-23,11,Tier-2,Referral,6+
8647,2026-03-30,12,Metro,Referral,6+
8648,2026-04-20,15,Metro,Flash sale,2-3
8649,2026-03-16,10,Tier-2,Organic,4-5
8650,2026-01-12,1,Metro,Organic,2-3
8651,2026-05-04,17,Tier-3,Organic,2-3
8652,2026-02-16,6,Tier-3,Paid social,0-1
8653,2026-04-27,16,Metro,Flash sale,6+
8654,2026-04-27,16,Metro,Flash sale,6+
8655,2026-02-02,4,Metro,Flash sale,6+
8656,2026-03-16,10,Metro,Referral,0-1
8657,2026-04-20,15,Metro,Organic,6+
8658,2026-02-23,7,Tier-2,Organic,4-5
8659,2026-04-20,15,Metro,Flash sale,4-5
8660,2026-03-16,10,Metro,Organic,2-3
8661,2026-05-11,18,Metro,Organic,0-1
8662,2026-05-04,17,Tier-3,Flash sale,2-3
8663,2026-05-18,19,Tier-3,Organic,0-1
8664,2026-02-02,4,Metro,Paid social,6+
8665,2026-04-13,14,Tier-2,Referral,6+
8666,2026-04-20,15,Metro,Paid social,6+
8667,2026-03-02,8,Tier-2,Paid social,6+
8668,2026-01-26,3,Tier-2,Organic,0-1
8669,2026-02-09,5,Tier-3,Organic,4-5
8670,2026-03-16,10,Metro,Flash sale,6+
8671,2026-05-04,17,Metro,Organic,4-5
8672,2026-05-11,18,Tier-3,Paid social,4-5
8673,2026-05-11,18,Metro,Organic,2-3
8674,2026-05-11,18,Metro,Flash sale,6+
8675,2026-01-12,1,Tier-2,Flash sale,4-5
8676,2026-05-18,19,Tier-2,Paid social,4-5
8677,2026-03-23,11,Tier-2,Flash sale,0-1
8678,2026-01-12,1,Tier-2,Flash sale,6+
8679,2026-01-19,2,Tier-2,Organic,4-5
8680,2026-02-09,5,Metro,Flash sale,6+
8681,2026-02-09,5,Tier-2,Referral,4-5
8682,2026-01-19,2,Tier-2,Flash sale,4-5
8683,2026-02-23,7,Tier-3,Referral,6+
8684,2026-03-16,10,Metro,Organic,0-1
8685,2026-02-16,6,Metro,Organic,2-3
8686,2026-04-06,13,Tier-2,Paid social,0-1
8687,2026-04-13,14,Metro,Organic,4-5
8688,2026-02-23,7,Metro,Flash sale,2-3
8689,2026-01-12,1,Tier-2,Flash sale,0-1
8690,2026-02-16,6,Metro,Paid social,6+
8691,2026-03-30,12,Metro,Organic,0-1
8692,2026-02-23,7,Metro,Organic,0-1
8693,2026-03-23,11,Metro,Paid social,0-1
8694,2026-04-27,16,Tier-2,Flash sale,4-5
8695,2026-04-20,15,Metro,Flash sale,2-3
8696,2026-03-30,12,Metro,Organic,4-5
8697,2026-01-12,1,Metro,Flash sale,2-3
8698,2026-04-13,14,Metro,Paid social,6+
8699,2026-02-16,6,Metro,Flash sale,2-3
8700,2026-03-02,8,Metro,Paid social,6+
8701,2026-04-06,13,Metro,Paid social,2-3
8702,2026-04-27,16,Metro,Flash sale,0-1
8703,2026-04-13,14,Metro,Flash sale,2-3
8704,2026-02-16,6,Metro,Flash sale,0-1
8705,2026-03-02,8,Metro,Referral,2-3
8706,2026-02-23,7,Metro,Flash sale,0-1
8707,2026-03-09,9,Metro,Organic,6+
8708,2026-04-20,15,Metro,Paid social,4-5
8709,2026-05-18,19,Metro,Flash sale,0-1
8710,2026-02-23,7,Tier-2,Paid social,6+
8711,2026-02-16,6,Metro,Flash sale,2-3
8712,2026-05-04,17,Tier-2,Flash sale,0-1
8713,2026-01-26,3,Tier-2,Flash sale,0-1
8714,2026-02-23,7,Metro,Referral,0-1
8715,2026-05-18,19,Metro,Organic,0-1
8716,2026-05-04,17,Metro,Flash sale,2-3
8717,2026-04-27,16,Metro,Referral,4-5
8718,2026-05-04,17,Metro,Paid social,2-3
8719,2026-02-02,4,Metro,Organic,6+
8720,2026-01-12,1,Tier-2,Organic,6+
8721,2026-05-04,17,Metro,Flash sale,2-3
8722,2026-03-09,9,Tier-2,Organic,4-5
8723,2026-02-09,5,Tier-2,Organic,2-3
8724,2026-03-09,9,Metro,Flash sale,2-3
8725,2026-04-27,16,Tier-3,Flash sale,0-1
8726,2026-03-09,9,Tier-3,Flash sale,4-5
8727,2026-03-30,12,Metro,Organic,0-1
8728,2026-03-16,10,Metro,Paid social,4-5
8729,2026-03-09,9,Metro,Flash sale,6+
8730,2026-05-18,19,Metro,Referral,2-3
8731,2026-05-11,18,Metro,Organic,4-5
8732,2026-03-02,8,Metro,Referral,6+
8733,2026-04-27,16,Metro,Referral,4-5
8734,2026-04-13,14,Tier-2,Organic,2-3
8735,2026-01-19,2,Metro,Flash sale,6+
8736,2026-04-27,16,Metro,Flash sale,0-1
8737,2026-04-13,14,Metro,Flash sale,4-5
8738,2026-05-04,17,Tier-2,Referral,2-3
8739,2026-04-20,15,Tier-2,Organic,0-1
8740,2026-05-11,18,Metro,Flash sale,4-5
8741,2026-03-16,10,Tier-2,Paid social,4-5
8742,2026-01-12,1,Metro,Organic,4-5
8743,2026-02-09,5,Tier-2,Organic,4-5
8744,2026-01-19,2,Tier-2,Organic,2-3
8745,2026-02-02,4,Metro,Paid social,2-3
8746,2026-03-23,11,Tier-2,Organic,0-1
8747,2026-05-18,19,Tier-3,Organic,4-5
8748,2026-04-20,15,Tier-2,Flash sale,6+
8749,2026-03-02,8,Metro,Referral,2-3
8750,2026-03-09,9,Tier-2,Flash sale,2-3
8751,2026-03-16,10,Metro,Paid social,2-3
8752,2026-03-02,8,Tier-2,Organic,4-5
8753,2026-03-23,11,Tier-2,Flash sale,4-5
8754,2026-05-11,18,Metro,Flash sale,2-3
8755,2026-01-19,2,Metro,Organic,0-1
8756,2026-02-23,7,Metro,Paid social,2-3
8757,2026-01-12,1,Metro,Flash sale,2-3
8758,2026-05-04,17,Metro,Organic,0-1
8759,2026-01-26,3,Metro,Organic,2-3
8760,2026-04-06,13,Tier-2,Organic,6+
8761,2026-01-12,1,Metro,Paid social,4-5
8762,2026-03-09,9,Metro,Organic,0-1
8763,2026-05-04,17,Tier-2,Paid social,6+
8764,2026-05-18,19,Metro,Organic,0-1
8765,2026-01-19,2,Metro,Paid social,4-5
8766,2026-04-06,13,Tier-2,Referral,4-5
8767,2026-02-02,4,Tier-3,Organic,4-5
8768,2026-04-13,14,Tier-2,Organic,6+
8769,2026-03-16,10,Metro,Referral,2-3
8770,2026-04-20,15,Metro,Organic,6+
8771,2026-05-04,17,Tier-3,Organic,4-5
8772,2026-02-23,7,Tier-2,Referral,2-3
8773,2026-01-05,0,Tier-2,Paid social,0-1
8774,2026-02-16,6,Tier-2,Referral,4-5
8775,2026-02-02,4,Metro,Paid social,2-3
8776,2026-01-19,2,Metro,Flash sale,2-3
8777,2026-04-13,14,Tier-2,Referral,4-5
8778,2026-05-11,18,Tier-3,Organic,4-5
8779,2026-03-16,10,Metro,Referral,0-1
8780,2026-03-16,10,Tier-2,Flash sale,2-3
8781,2026-03-23,11,Metro,Flash sale,6+
8782,2026-05-04,17,Tier-3,Paid social,4-5
8783,2026-01-05,0,Metro,Flash sale,2-3
8784,2026-03-16,10,Tier-2,Flash sale,6+
8785,2026-05-04,17,Metro,Flash sale,4-5
8786,2026-01-26,3,Tier-2,Organic,6+
8787,2026-03-23,11,Tier-2,Organic,2-3
8788,2026-01-05,0,Metro,Paid social,0-1
8789,2026-04-27,16,Tier-2,Organic,4-5
8790,2026-04-06,13,Tier-3,Flash sale,6+
8791,2026-05-18,19,Tier-3,Flash sale,4-5
8792,2026-02-09,5,Metro,Paid social,2-3
8793,2026-04-13,14,Tier-2,Referral,0-1
8794,2026-04-20,15,Tier-2,Organic,0-1
8795,2026-01-05,0,Tier-2,Organic,6+
8796,2026-04-20,15,Metro,Referral,0-1
8797,2026-04-13,14,Tier-2,Organic,4-5
8798,2026-03-30,12,Metro,Flash sale,4-5
8799,2026-03-23,11,Metro,Organic,2-3
8800,2026-04-27,16,Metro,Organic,6+
8801,2026-01-19,2,Metro,Paid social,4-5
8802,2026-02-23,7,Metro,Paid social,6+
8803,2026-02-09,5,Metro,Referral,2-3
8804,2026-04-27,16,Tier-2,Organic,4-5
8805,2026-01-26,3,Metro,Paid social,6+
8806,2026-01-12,1,Metro,Flash sale,6+
8807,2026-05-11,18,Tier-2,Paid social,2-3
8808,2026-02-23,7,Tier-3,Organic,2-3
8809,2026-04-20,15,Tier-3,Organic,6+
8810,2026-02-02,4,Tier-2,Flash sale,4-5
8811,2026-04-13,14,Tier-3,Paid social,2-3
8812,2026-05-11,18,Tier-2,Organic,2-3
8813,2026-04-20,15,Tier-3,Organic,6+
8814,2026-02-09,5,Tier-3,Flash sale,4-5
8815,2026-03-30,12,Metro,Paid social,6+
8816,2026-04-27,16,Tier-3,Referral,4-5
8817,2026-05-04,17,Tier-2,Paid social,6+
8818,2026-02-09,5,Tier-2,Flash sale,2-3
8819,2026-02-02,4,Tier-3,Paid social,6+
8820,2026-03-02,8,Metro,Flash sale,0-1
8821,2026-02-09,5,Metro,Organic,4-5
8822,2026-04-13,14,Tier-2,Referral,2-3
8823,2026-03-23,11,Tier-2,Flash sale,4-5
8824,2026-03-09,9,Tier-3,Flash sale,6+
8825,2026-04-27,16,Tier-3,Organic,0-1
8826,2026-02-02,4,Tier-2,Referral,0-1
8827,2026-04-27,16,Tier-3,Referral,4-5
8828,2026-03-23,11,Metro,Organic,2-3
8829,2026-05-18,19,Tier-3,Paid social,4-5
8830,2026-03-23,11,Metro,Organic,2-3
8831,2026-04-20,15,Tier-2,Organic,0-1
8832,2026-01-26,3,Metro,Organic,6+
8833,2026-02-02,4,Tier-2,Flash sale,4-5
8834,2026-03-23,11,Metro,Organic,4-5
8835,2026-02-02,4,Metro,Referral,0-1
8836,2026-01-05,0,Tier-2,Referral,0-1
8837,2026-03-02,8,Tier-2,Flash sale,4-5
8838,2026-02-09,5,Metro,Paid social,0-1
8839,2026-04-06,13,Tier-2,Paid social,2-3
8840,2026-03-23,11,Metro,Flash sale,6+
8841,2026-03-16,10,Metro,Organic,6+
8842,2026-04-27,16,Metro,Organic,4-5
8843,2026-01-12,1,Tier-2,Flash sale,0-1
8844,2026-04-20,15,Tier-2,Flash sale,0-1
8845,2026-03-09,9,Tier-2,Flash sale,0-1
8846,2026-04-06,13,Tier-2,Flash sale,2-3
8847,2026-04-27,16,Tier-2,Flash sale,4-5
8848,2026-02-16,6,Tier-2,Organic,4-5
8849,2026-02-02,4,Tier-3,Organic,2-3
8850,2026-04-20,15,Metro,Organic,6+
8851,2026-03-30,12,Metro,Referral,0-1
8852,2026-01-26,3,Metro,Flash sale,2-3
8853,2026-02-09,5,Tier-2,Flash sale,4-5
8854,2026-05-04,17,Metro,Flash sale,0-1
8855,2026-03-23,11,Metro,Flash sale,6+
8856,2026-05-11,18,Tier-3,Organic,6+
8857,2026-04-13,14,Tier-3,Organic,4-5
8858,2026-02-02,4,Metro,Organic,4-5
8859,2026-02-02,4,Metro,Organic,0-1
8860,2026-05-18,19,Metro,Organic,0-1
8861,2026-04-13,14,Metro,Referral,0-1
8862,2026-03-23,11,Tier-3,Organic,0-1
8863,2026-04-06,13,Tier-2,Organic,4-5
8864,2026-03-02,8,Metro,Organic,6+
8865,2026-02-16,6,Metro,Organic,4-5
8866,2026-04-27,16,Metro,Organic,6+
8867,2026-05-04,17,Metro,Organic,6+
8868,2026-05-11,18,Metro,Organic,4-5
8869,2026-04-20,15,Tier-2,Paid social,0-1
8870,2026-05-04,17,Metro,Organic,6+
8871,2026-03-16,10,Tier-3,Organic,4-5
8872,2026-02-16,6,Metro,Flash sale,4-5
8873,2026-01-12,1,Tier-2,Organic,6+
8874,2026-02-16,6,Metro,Flash sale,4-5
8875,2026-03-02,8,Metro,Flash sale,0-1
8876,2026-01-12,1,Tier-3,Paid social,6+
8877,2026-02-16,6,Tier-2,Paid social,6+
8878,2026-05-11,18,Metro,Referral,0-1
8879,2026-02-09,5,Metro,Organic,2-3
8880,2026-02-23,7,Tier-2,Flash sale,0-1
8881,2026-03-30,12,Tier-3,Organic,4-5
8882,2026-05-04,17,Tier-2,Referral,0-1
8883,2026-05-11,18,Metro,Organic,2-3
8884,2026-04-27,16,Metro,Flash sale,4-5
8885,2026-01-19,2,Metro,Organic,6+
8886,2026-01-19,2,Metro,Flash sale,2-3
8887,2026-04-13,14,Tier-2,Organic,6+
8888,2026-05-04,17,Tier-2,Organic,0-1
8889,2026-03-30,12,Metro,Flash sale,0-1
8890,2026-05-11,18,Tier-2,Flash sale,0-1
8891,2026-04-06,13,Tier-2,Organic,4-5
8892,2026-02-23,7,Tier-2,Organic,2-3
8893,2026-04-27,16,Metro,Paid social,0-1
8894,2026-04-20,15,Metro,Flash sale,6+
8895,2026-02-23,7,Metro,Flash sale,2-3
8896,2026-03-23,11,Metro,Flash sale,4-5
8897,2026-03-23,11,Metro,Flash sale,4-5
8898,2026-01-12,1,Metro,Flash sale,0-1
8899,2026-02-09,5,Metro,Organic,4-5
8900,2026-02-02,4,Metro,Flash sale,6+
8901,2026-02-09,5,Tier-3,Flash sale,2-3
8902,2026-03-16,10,Tier-2,Organic,6+
8903,2026-03-16,10,Metro,Referral,2-3
8904,2026-05-04,17,Tier-3,Organic,2-3
8905,2026-01-05,0,Metro,Organic,0-1
8906,2026-04-27,16,Metro,Referral,0-1
8907,2026-02-02,4,Tier-2,Paid social,0-1
8908,2026-02-23,7,Metro,Organic,4-5
8909,2026-01-26,3,Metro,Flash sale,0-1
8910,2026-01-05,0,Metro,Organic,4-5
8911,2026-01-19,2,Metro,Referral,2-3
8912,2026-02-02,4,Tier-2,Flash sale,0-1
8913,2026-02-23,7,Metro,Referral,6+
8914,2026-02-16,6,Metro,Organic,4-5
8915,2026-01-19,2,Metro,Organic,2-3
8916,2026-02-16,6,Metro,Referral,4-5
8917,2026-01-26,3,Metro,Organic,6+
8918,2026-04-06,13,Tier-3,Organic,2-3
8919,2026-04-06,13,Tier-2,Flash sale,0-1
8920,2026-01-12,1,Metro,Flash sale,4-5
8921,2026-04-06,13,Tier-2,Organic,2-3
8922,2026-05-11,18,Metro,Flash sale,4-5
8923,2026-05-11,18,Metro,Organic,0-1
8924,2026-01-12,1,Metro,Flash sale,6+
8925,2026-05-11,18,Metro,Paid social,0-1
8926,2026-03-02,8,Tier-2,Flash sale,2-3
8927,2026-05-04,17,Tier-3,Flash sale,4-5
8928,2026-02-02,4,Metro,Flash sale,4-5
8929,2026-04-06,13,Metro,Organic,2-3
8930,2026-04-27,16,Tier-2,Referral,6+
8931,2026-02-09,5,Metro,Paid social,2-3
8932,2026-04-13,14,Metro,Referral,4-5
8933,2026-01-26,3,Tier-3,Paid social,2-3
8934,2026-04-13,14,Tier-2,Flash sale,2-3
8935,2026-05-11,18,Tier-3,Flash sale,6+
8936,2026-02-09,5,Metro,Organic,2-3
8937,2026-05-18,19,Metro,Paid social,2-3
8938,2026-04-06,13,Metro,Flash sale,6+
8939,2026-03-16,10,Tier-3,Organic,0-1
8940,2026-02-16,6,Metro,Referral,2-3
8941,2026-03-16,10,Metro,Flash sale,2-3
8942,2026-05-18,19,Metro,Paid social,2-3
8943,2026-01-05,0,Tier-2,Referral,4-5
8944,2026-05-04,17,Tier-2,Paid social,2-3
8945,2026-01-19,2,Tier-2,Flash sale,6+
8946,2026-05-04,17,Metro,Flash sale,6+
8947,2026-03-16,10,Tier-2,Referral,0-1
8948,2026-05-04,17,Metro,Organic,4-5
8949,2026-01-26,3,Metro,Organic,2-3
8950,2026-01-05,0,Metro,Paid social,4-5
8951,2026-03-09,9,Metro,Paid social,2-3
8952,2026-04-20,15,Metro,Paid social,6+
8953,2026-04-20,15,Tier-3,Organic,6+
8954,2026-04-20,15,Metro,Organic,0-1
8955,2026-04-27,16,Metro,Paid social,0-1
8956,2026-04-20,15,Tier-2,Organic,0-1
8957,2026-05-04,17,Tier-2,Flash sale,6+
8958,2026-01-26,3,Metro,Organic,0-1
8959,2026-02-02,4,Tier-2,Paid social,4-5
8960,2026-01-05,0,Metro,Flash sale,2-3
8961,2026-03-02,8,Metro,Organic,2-3
8962,2026-02-09,5,Tier-2,Flash sale,4-5
8963,2026-03-30,12,Tier-2,Organic,6+
8964,2026-03-23,11,Metro,Referral,4-5
8965,2026-03-23,11,Metro,Flash sale,4-5
8966,2026-04-06,13,Metro,Flash sale,4-5
8967,2026-05-18,19,Metro,Flash sale,0-1
8968,2026-01-19,2,Tier-3,Organic,4-5
8969,2026-02-09,5,Metro,Organic,2-3
8970,2026-03-02,8,Tier-3,Paid social,0-1
8971,2026-01-12,1,Metro,Flash sale,2-3
8972,2026-04-27,16,Tier-2,Flash sale,0-1
8973,2026-02-23,7,Metro,Organic,2-3
8974,2026-01-26,3,Metro,Paid social,0-1
8975,2026-03-16,10,Metro,Referral,4-5
8976,2026-01-26,3,Metro,Organic,2-3
8977,2026-02-23,7,Tier-3,Flash sale,4-5
8978,2026-03-30,12,Tier-2,Flash sale,4-5
8979,2026-02-16,6,Tier-2,Referral,6+
8980,2026-04-27,16,Metro,Paid social,0-1
8981,2026-02-09,5,Tier-2,Referral,4-5
8982,2026-01-19,2,Tier-2,Paid social,2-3
8983,2026-03-02,8,Tier-2,Flash sale,2-3
8984,2026-01-26,3,Tier-2,Organic,6+
8985,2026-04-06,13,Tier-2,Flash sale,0-1
8986,2026-03-16,10,Metro,Referral,2-3
8987,2026-01-19,2,Tier-3,Organic,6+
8988,2026-02-16,6,Metro,Flash sale,2-3
8989,2026-05-04,17,Metro,Organic,0-1
8990,2026-04-27,16,Tier-3,Organic,0-1
8991,2026-03-30,12,Metro,Paid social,2-3
8992,2026-05-11,18,Metro,Organic,0-1
8993,2026-01-19,2,Metro,Referral,4-5
8994,2026-04-13,14,Metro,Organic,0-1
8995,2026-01-05,0,Tier-3,Flash sale,6+
8996,2026-03-23,11,Tier-2,Paid social,2-3
8997,2026-01-12,1,Metro,Referral,0-1
8998,2026-02-16,6,Tier-3,Referral,0-1
8999,2026-01-12,1,Tier-2,Organic,4-5
9000,2026-02-09,5,Tier-3,Organic,4-5
9001,2026-03-30,12,Metro,Referral,0-1
9002,2026-04-20,15,Metro,Referral,2-3
9003,2026-05-11,18,Metro,Referral,6+
9004,2026-05-18,19,Metro,Referral,6+
9005,2026-01-19,2,Tier-2,Organic,4-5
9006,2026-05-11,18,Metro,Organic,4-5
9007,2026-02-09,5,Metro,Paid social,4-5
9008,2026-05-04,17,Tier-2,Flash sale,2-3
9009,2026-05-04,17,Metro,Referral,0-1
9010,2026-05-11,18,Metro,Flash sale,4-5
9011,2026-03-16,10,Tier-2,Paid social,4-5
9012,2026-04-20,15,Tier-3,Paid social,6+
9013,2026-03-02,8,Metro,Organic,0-1
9014,2026-01-12,1,Tier-3,Paid social,6+
9015,2026-03-09,9,Tier-2,Organic,2-3
9016,2026-02-02,4,Tier-2,Flash sale,2-3
9017,2026-01-19,2,Metro,Paid social,6+
9018,2026-01-19,2,Tier-2,Organic,4-5
9019,2026-02-02,4,Tier-2,Organic,0-1
9020,2026-04-20,15,Metro,Flash sale,2-3
9021,2026-05-18,19,Tier-3,Paid social,4-5
9022,2026-05-04,17,Tier-3,Organic,0-1
9023,2026-03-30,12,Metro,Referral,0-1
9024,2026-05-04,17,Tier-2,Flash sale,2-3
9025,2026-02-09,5,Metro,Flash sale,4-5
9026,2026-05-11,18,Tier-2,Referral,0-1
9027,2026-05-11,18,Tier-2,Flash sale,4-5
9028,2026-01-19,2,Metro,Referral,4-5
9029,2026-02-23,7,Metro,Referral,2-3
9030,2026-02-09,5,Metro,Paid social,4-5
9031,2026-01-19,2,Tier-3,Referral,4-5
9032,2026-01-26,3,Metro,Organic,2-3
9033,2026-05-18,19,Tier-3,Referral,6+
9034,2026-01-26,3,Metro,Flash sale,4-5
9035,2026-04-06,13,Metro,Organic,6+
9036,2026-05-04,17,Tier-3,Flash sale,4-5
9037,2026-04-20,15,Tier-2,Referral,6+
9038,2026-03-09,9,Metro,Organic,2-3
9039,2026-01-05,0,Metro,Flash sale,0-1
9040,2026-03-02,8,Metro,Flash sale,0-1
9041,2026-02-09,5,Metro,Flash sale,6+
9042,2026-05-04,17,Metro,Paid social,6+
9043,2026-05-11,18,Tier-2,Organic,2-3
9044,2026-02-02,4,Metro,Referral,2-3
9045,2026-01-26,3,Metro,Referral,0-1
9046,2026-04-27,16,Metro,Flash sale,6+
9047,2026-05-04,17,Metro,Flash sale,2-3
9048,2026-05-18,19,Tier-3,Organic,2-3
9049,2026-04-20,15,Metro,Organic,0-1
9050,2026-03-09,9,Metro,Flash sale,0-1
9051,2026-02-23,7,Tier-2,Organic,6+
9052,2026-01-12,1,Tier-3,Referral,0-1
9053,2026-05-04,17,Tier-2,Flash sale,0-1
9054,2026-05-18,19,Tier-2,Organic,6+
9055,2026-05-11,18,Tier-3,Organic,4-5
9056,2026-03-23,11,Tier-2,Paid social,0-1
9057,2026-05-04,17,Tier-3,Organic,2-3
9058,2026-01-05,0,Metro,Referral,4-5
9059,2026-03-02,8,Tier-2,Organic,0-1
9060,2026-01-19,2,Tier-3,Paid social,6+
9061,2026-03-23,11,Tier-3,Flash sale,6+
9062,2026-01-05,0,Metro,Flash sale,6+
9063,2026-02-16,6,Tier-2,Flash sale,4-5
9064,2026-03-02,8,Metro,Organic,6+
9065,2026-01-19,2,Tier-2,Referral,2-3
9066,2026-01-12,1,Metro,Organic,4-5
9067,2026-05-11,18,Tier-2,Organic,4-5
9068,2026-02-09,5,Tier-2,Organic,4-5
9069,2026-05-18,19,Metro,Flash sale,6+
9070,2026-02-23,7,Metro,Paid social,0-1
9071,2026-01-12,1,Metro,Organic,2-3
9072,2026-01-19,2,Tier-2,Paid social,6+
9073,2026-04-06,13,Tier-2,Referral,0-1
9074,2026-01-05,0,Tier-2,Organic,2-3
9075,2026-05-11,18,Metro,Organic,6+
9076,2026-02-09,5,Tier-2,Organic,4-5
9077,2026-03-30,12,Tier-2,Organic,2-3
9078,2026-03-02,8,Metro,Referral,2-3
9079,2026-01-05,0,Metro,Flash sale,0-1
9080,2026-04-13,14,Metro,Flash sale,4-5
9081,2026-01-05,0,Metro,Referral,0-1
9082,2026-04-20,15,Metro,Organic,0-1
9083,2026-03-16,10,Metro,Paid social,0-1
9084,2026-02-16,6,Metro,Flash sale,6+
9085,2026-05-11,18,Metro,Organic,6+
9086,2026-02-02,4,Metro,Flash sale,0-1
9087,2026-02-09,5,Tier-2,Organic,6+
9088,2026-03-30,12,Metro,Paid social,6+
9089,2026-02-23,7,Metro,Flash sale,4-5
9090,2026-03-09,9,Tier-2,Paid social,0-1
9091,2026-04-20,15,Metro,Paid social,4-5
9092,2026-05-11,18,Metro,Flash sale,4-5
9093,2026-04-27,16,Metro,Referral,6+
9094,2026-01-12,1,Metro,Flash sale,2-3
9095,2026-05-11,18,Tier-2,Organic,4-5
9096,2026-03-02,8,Metro,Paid social,6+
9097,2026-04-27,16,Metro,Flash sale,4-5
9098,2026-02-09,5,Tier-2,Paid social,4-5
9099,2026-03-23,11,Tier-3,Flash sale,6+
9100,2026-05-18,19,Metro,Organic,2-3
9101,2026-05-11,18,Metro,Flash sale,0-1
9102,2026-04-06,13,Metro,Organic,6+
9103,2026-03-30,12,Tier-2,Organic,0-1
9104,2026-01-05,0,Tier-2,Referral,4-5
9105,2026-03-30,12,Tier-2,Organic,6+
9106,2026-03-02,8,Metro,Paid social,6+
9107,2026-01-05,0,Metro,Flash sale,4-5
9108,2026-05-11,18,Tier-2,Flash sale,2-3
9109,2026-03-09,9,Metro,Organic,0-1
9110,2026-04-20,15,Tier-3,Organic,0-1
9111,2026-01-05,0,Metro,Flash sale,2-3
9112,2026-02-02,4,Metro,Organic,6+
9113,2026-05-04,17,Metro,Flash sale,4-5
9114,2026-05-11,18,Metro,Flash sale,2-3
9115,2026-01-05,0,Tier-2,Organic,2-3
9116,2026-05-04,17,Metro,Flash sale,2-3
9117,2026-02-16,6,Tier-2,Organic,6+
9118,2026-02-02,4,Tier-2,Organic,2-3
9119,2026-05-18,19,Tier-3,Referral,6+
9120,2026-03-16,10,Tier-2,Organic,0-1
9121,2026-04-20,15,Tier-3,Organic,2-3
9122,2026-01-19,2,Tier-3,Flash sale,4-5
9123,2026-04-20,15,Metro,Flash sale,4-5
9124,2026-02-23,7,Tier-3,Paid social,0-1
9125,2026-04-13,14,Tier-3,Referral,4-5
9126,2026-04-06,13,Metro,Referral,6+
9127,2026-01-12,1,Tier-2,Flash sale,0-1
9128,2026-05-04,17,Metro,Flash sale,2-3
9129,2026-02-09,5,Tier-2,Organic,2-3
9130,2026-02-23,7,Metro,Referral,2-3
9131,2026-04-20,15,Tier-2,Flash sale,2-3
9132,2026-05-04,17,Metro,Organic,6+
9133,2026-05-04,17,Tier-2,Flash sale,6+
9134,2026-03-09,9,Metro,Referral,4-5
9135,2026-02-23,7,Tier-2,Flash sale,6+
9136,2026-04-27,16,Metro,Organic,6+
9137,2026-02-09,5,Tier-2,Paid social,0-1
9138,2026-03-30,12,Metro,Organic,2-3
9139,2026-02-02,4,Metro,Paid social,6+
9140,2026-02-02,4,Metro,Flash sale,2-3
9141,2026-03-16,10,Tier-3,Paid social,4-5
9142,2026-05-04,17,Metro,Paid social,2-3
9143,2026-02-09,5,Tier-2,Flash sale,0-1
9144,2026-04-13,14,Metro,Referral,4-5
9145,2026-01-05,0,Tier-2,Organic,2-3
9146,2026-04-06,13,Metro,Organic,6+
9147,2026-02-23,7,Metro,Organic,6+
9148,2026-01-12,1,Metro,Flash sale,0-1
9149,2026-03-23,11,Metro,Organic,2-3
9150,2026-02-02,4,Metro,Flash sale,2-3
9151,2026-03-30,12,Metro,Paid social,4-5
9152,2026-01-05,0,Metro,Paid social,2-3
9153,2026-02-16,6,Tier-3,Organic,4-5
9154,2026-02-02,4,Metro,Flash sale,6+
9155,2026-02-16,6,Tier-3,Organic,4-5
9156,2026-01-05,0,Metro,Organic,0-1
9157,2026-02-09,5,Metro,Paid social,2-3
9158,2026-01-12,1,Metro,Paid social,6+
9159,2026-03-30,12,Metro,Organic,2-3
9160,2026-03-09,9,Metro,Organic,6+
9161,2026-02-09,5,Tier-3,Organic,6+
9162,2026-03-30,12,Tier-2,Flash sale,2-3
9163,2026-05-11,18,Tier-2,Organic,2-3
9164,2026-03-16,10,Metro,Organic,0-1
9165,2026-02-09,5,Metro,Flash sale,0-1
9166,2026-03-02,8,Tier-2,Organic,2-3
9167,2026-04-20,15,Metro,Referral,2-3
9168,2026-01-12,1,Metro,Referral,2-3
9169,2026-02-16,6,Metro,Flash sale,4-5
9170,2026-03-09,9,Metro,Flash sale,0-1
9171,2026-03-30,12,Tier-2,Referral,2-3
9172,2026-03-23,11,Metro,Organic,6+
9173,2026-04-06,13,Metro,Paid social,4-5
9174,2026-05-11,18,Tier-3,Organic,0-1
9175,2026-01-26,3,Tier-3,Paid social,0-1
9176,2026-03-09,9,Metro,Organic,6+
9177,2026-02-23,7,Metro,Referral,4-5
9178,2026-01-12,1,Tier-2,Organic,6+
9179,2026-01-19,2,Metro,Referral,6+
9180,2026-03-30,12,Metro,Flash sale,2-3
9181,2026-03-16,10,Metro,Organic,4-5
9182,2026-02-09,5,Metro,Referral,2-3
9183,2026-05-11,18,Tier-3,Organic,4-5
9184,2026-02-16,6,Tier-2,Flash sale,4-5
9185,2026-03-23,11,Tier-3,Organic,4-5
9186,2026-05-18,19,Tier-2,Referral,6+
9187,2026-04-13,14,Tier-2,Paid social,4-5
9188,2026-04-13,14,Tier-2,Flash sale,0-1
9189,2026-02-09,5,Tier-2,Referral,2-3
9190,2026-05-11,18,Metro,Paid social,4-5
9191,2026-03-09,9,Metro,Flash sale,4-5
9192,2026-02-16,6,Metro,Organic,6+
9193,2026-04-13,14,Metro,Flash sale,2-3
9194,2026-03-16,10,Metro,Organic,6+
9195,2026-01-19,2,Metro,Flash sale,2-3
9196,2026-01-05,0,Tier-2,Organic,0-1
9197,2026-01-19,2,Metro,Referral,2-3
9198,2026-01-26,3,Metro,Flash sale,0-1
9199,2026-02-02,4,Metro,Flash sale,2-3
9200,2026-02-16,6,Metro,Organic,0-1
9201,2026-02-02,4,Tier-3,Organic,0-1
9202,2026-05-11,18,Metro,Referral,4-5
9203,2026-05-18,19,Metro,Flash sale,4-5
9204,2026-05-18,19,Metro,Paid social,0-1
9205,2026-01-26,3,Tier-2,Flash sale,4-5
9206,2026-03-16,10,Tier-2,Organic,4-5
9207,2026-01-19,2,Metro,Flash sale,0-1
9208,2026-04-13,14,Metro,Referral,4-5
9209,2026-01-19,2,Tier-2,Organic,2-3
9210,2026-02-09,5,Tier-3,Flash sale,6+
9211,2026-02-02,4,Metro,Organic,4-5
9212,2026-03-09,9,Metro,Organic,0-1
9213,2026-02-23,7,Metro,Organic,4-5
9214,2026-03-16,10,Metro,Flash sale,0-1
9215,2026-01-26,3,Tier-2,Referral,4-5
9216,2026-03-16,10,Tier-3,Organic,2-3
9217,2026-01-12,1,Tier-3,Referral,2-3
9218,2026-01-05,0,Tier-2,Referral,4-5
9219,2026-01-19,2,Metro,Flash sale,6+
9220,2026-02-09,5,Tier-3,Organic,4-5
9221,2026-04-20,15,Metro,Organic,0-1
9222,2026-02-16,6,Metro,Organic,2-3
9223,2026-03-16,10,Tier-2,Paid social,4-5
9224,2026-04-06,13,Metro,Referral,0-1
9225,2026-04-13,14,Tier-2,Organic,2-3
9226,2026-03-23,11,Tier-3,Flash sale,2-3
9227,2026-01-26,3,Tier-2,Organic,2-3
9228,2026-04-06,13,Tier-2,Organic,6+
9229,2026-02-16,6,Metro,Organic,6+
9230,2026-03-23,11,Metro,Organic,6+
9231,2026-05-18,19,Tier-2,Organic,6+
9232,2026-01-12,1,Tier-2,Organic,6+
9233,2026-01-12,1,Tier-3,Flash sale,0-1
9234,2026-02-02,4,Metro,Flash sale,2-3
9235,2026-03-02,8,Metro,Flash sale,0-1
9236,2026-03-09,9,Metro,Organic,6+
9237,2026-02-09,5,Tier-2,Flash sale,6+
9238,2026-05-11,18,Tier-2,Flash sale,0-1
9239,2026-01-05,0,Tier-3,Paid social,0-1
9240,2026-03-16,10,Metro,Organic,0-1
9241,2026-03-23,11,Metro,Flash sale,6+
9242,2026-04-20,15,Metro,Organic,6+
9243,2026-03-23,11,Metro,Organic,2-3
9244,2026-01-19,2,Metro,Flash sale,0-1
9245,2026-02-16,6,Tier-2,Referral,2-3
9246,2026-01-26,3,Metro,Paid social,4-5
9247,2026-03-09,9,Metro,Flash sale,0-1
9248,2026-05-11,18,Tier-2,Organic,2-3
9249,2026-02-23,7,Tier-2,Referral,4-5
9250,2026-02-23,7,Metro,Organic,6+
9251,2026-03-09,9,Metro,Flash sale,0-1
9252,2026-01-26,3,Tier-2,Referral,0-1
9253,2026-04-27,16,Tier-2,Flash sale,2-3
9254,2026-04-06,13,Tier-2,Flash sale,2-3
9255,2026-04-13,14,Metro,Organic,6+
9256,2026-02-16,6,Metro,Organic,6+
9257,2026-02-09,5,Tier-3,Paid social,2-3
9258,2026-03-09,9,Metro,Organic,2-3
9259,2026-02-02,4,Metro,Organic,4-5
9260,2026-01-05,0,Tier-3,Flash sale,6+
9261,2026-04-13,14,Metro,Organic,0-1
9262,2026-05-04,17,Tier-2,Organic,2-3
9263,2026-02-02,4,Tier-3,Organic,4-5
9264,2026-03-30,12,Metro,Flash sale,6+
9265,2026-05-11,18,Tier-2,Flash sale,2-3
9266,2026-04-13,14,Metro,Referral,2-3
9267,2026-04-27,16,Tier-3,Organic,4-5
9268,2026-05-04,17,Tier-3,Paid social,2-3
9269,2026-02-09,5,Tier-3,Organic,6+
9270,2026-01-12,1,Metro,Organic,4-5
9271,2026-04-27,16,Tier-2,Paid social,6+
9272,2026-04-20,15,Tier-3,Referral,4-5
9273,2026-01-26,3,Tier-2,Organic,6+
9274,2026-05-11,18,Tier-2,Organic,6+
9275,2026-01-05,0,Metro,Referral,0-1
9276,2026-02-23,7,Tier-3,Organic,6+
9277,2026-05-18,19,Metro,Organic,0-1
9278,2026-02-23,7,Metro,Flash sale,2-3
9279,2026-04-20,15,Tier-3,Referral,0-1
9280,2026-01-05,0,Tier-3,Flash sale,0-1
9281,2026-03-09,9,Tier-3,Flash sale,4-5
9282,2026-04-20,15,Metro,Paid social,0-1
9283,2026-04-27,16,Metro,Organic,0-1
9284,2026-03-02,8,Metro,Referral,2-3
9285,2026-01-12,1,Metro,Organic,6+
9286,2026-03-16,10,Tier-3,Referral,6+
9287,2026-04-13,14,Tier-2,Flash sale,6+
9288,2026-03-09,9,Metro,Organic,0-1
9289,2026-05-18,19,Metro,Flash sale,0-1
9290,2026-02-16,6,Metro,Paid social,2-3
9291,2026-04-27,16,Tier-3,Flash sale,2-3
9292,2026-04-20,15,Tier-2,Organic,0-1
9293,2026-03-02,8,Metro,Organic,4-5
9294,2026-01-12,1,Metro,Flash sale,2-3
9295,2026-02-16,6,Metro,Flash sale,2-3
9296,2026-04-20,15,Metro,Flash sale,0-1
9297,2026-05-04,17,Tier-3,Organic,2-3
9298,2026-03-09,9,Tier-2,Referral,2-3
9299,2026-02-09,5,Metro,Organic,0-1
9300,2026-04-20,15,Tier-2,Organic,6+
9301,2026-05-11,18,Metro,Flash sale,6+
9302,2026-01-19,2,Metro,Flash sale,6+
9303,2026-02-16,6,Tier-2,Paid social,4-5
9304,2026-04-20,15,Metro,Flash sale,4-5
9305,2026-01-19,2,Metro,Organic,0-1
9306,2026-05-18,19,Tier-2,Referral,2-3
9307,2026-02-02,4,Tier-3,Organic,0-1
9308,2026-03-09,9,Metro,Paid social,4-5
9309,2026-03-16,10,Tier-2,Organic,6+
9310,2026-02-23,7,Metro,Paid social,4-5
9311,2026-01-19,2,Tier-2,Paid social,0-1
9312,2026-01-05,0,Metro,Paid social,4-5
9313,2026-02-23,7,Tier-2,Organic,6+
9314,2026-02-09,5,Metro,Referral,0-1
9315,2026-05-11,18,Tier-3,Referral,4-5
9316,2026-04-06,13,Tier-3,Organic,2-3
9317,2026-01-12,1,Metro,Flash sale,6+
9318,2026-04-20,15,Tier-2,Flash sale,4-5
9319,2026-03-30,12,Metro,Paid social,6+
9320,2026-01-19,2,Tier-2,Referral,4-5
9321,2026-03-02,8,Metro,Flash sale,6+
9322,2026-04-13,14,Metro,Flash sale,2-3
9323,2026-03-30,12,Tier-2,Organic,4-5
9324,2026-03-23,11,Metro,Flash sale,2-3
9325,2026-03-09,9,Metro,Referral,4-5
9326,2026-04-06,13,Metro,Flash sale,4-5
9327,2026-05-04,17,Metro,Referral,0-1
9328,2026-01-26,3,Metro,Flash sale,6+
9329,2026-03-02,8,Tier-2,Organic,4-5
9330,2026-04-27,16,Tier-2,Referral,2-3
9331,2026-03-16,10,Metro,Organic,4-5
9332,2026-01-26,3,Metro,Paid social,4-5
9333,2026-01-19,2,Tier-2,Paid social,2-3
9334,2026-04-13,14,Tier-2,Paid social,4-5
9335,2026-03-09,9,Tier-2,Paid social,4-5
9336,2026-04-20,15,Metro,Flash sale,6+
9337,2026-01-19,2,Metro,Flash sale,0-1
9338,2026-03-30,12,Tier-2,Referral,0-1
9339,2026-03-23,11,Metro,Organic,2-3
9340,2026-03-09,9,Metro,Referral,6+
9341,2026-03-02,8,Metro,Organic,0-1
9342,2026-02-09,5,Tier-2,Paid social,6+
9343,2026-04-20,15,Metro,Flash sale,2-3
9344,2026-02-16,6,Tier-2,Referral,0-1
9345,2026-03-02,8,Tier-2,Flash sale,2-3
9346,2026-05-04,17,Metro,Flash sale,6+
9347,2026-03-30,12,Tier-2,Paid social,6+
9348,2026-01-05,0,Tier-2,Flash sale,4-5
9349,2026-01-12,1,Metro,Organic,4-5
9350,2026-03-16,10,Tier-2,Organic,6+
9351,2026-04-13,14,Metro,Flash sale,6+
9352,2026-03-09,9,Metro,Flash sale,6+
9353,2026-05-18,19,Tier-2,Flash sale,6+
9354,2026-05-04,17,Tier-2,Organic,6+
9355,2026-03-02,8,Metro,Organic,0-1
9356,2026-02-02,4,Tier-3,Paid social,0-1
9357,2026-01-05,0,Tier-2,Flash sale,4-5
9358,2026-01-05,0,Tier-2,Organic,6+
9359,2026-03-30,12,Metro,Organic,2-3
9360,2026-02-16,6,Metro,Organic,6+
9361,2026-01-19,2,Metro,Referral,6+
9362,2026-01-12,1,Tier-2,Referral,0-1
9363,2026-03-09,9,Metro,Flash sale,2-3
9364,2026-03-23,11,Tier-2,Flash sale,0-1
9365,2026-01-05,0,Metro,Paid social,0-1
9366,2026-03-02,8,Tier-2,Organic,4-5
9367,2026-03-02,8,Tier-2,Organic,0-1
9368,2026-01-12,1,Tier-2,Flash sale,4-5
9369,2026-05-04,17,Tier-2,Paid social,4-5
9370,2026-02-02,4,Tier-3,Flash sale,2-3
9371,2026-01-19,2,Metro,Flash sale,0-1
9372,2026-01-19,2,Tier-2,Referral,0-1
9373,2026-03-09,9,Tier-3,Organic,2-3
9374,2026-04-13,14,Tier-2,Flash sale,0-1
9375,2026-02-09,5,Metro,Flash sale,6+
9376,2026-04-20,15,Tier-3,Paid social,0-1
9377,2026-02-09,5,Metro,Organic,0-1
9378,2026-01-26,3,Metro,Flash sale,0-1
9379,2026-03-30,12,Metro,Paid social,4-5
9380,2026-04-20,15,Metro,Referral,4-5
9381,2026-04-13,14,Metro,Flash sale,4-5
9382,2026-03-23,11,Metro,Organic,2-3
9383,2026-05-04,17,Tier-3,Organic,2-3
9384,2026-04-27,16,Metro,Organic,4-5
9385,2026-02-09,5,Metro,Organic,0-1
9386,2026-03-30,12,Tier-3,Referral,2-3
9387,2026-01-12,1,Tier-2,Referral,0-1
9388,2026-01-12,1,Metro,Referral,2-3
9389,2026-03-02,8,Metro,Organic,6+
9390,2026-04-13,14,Tier-2,Organic,6+
9391,2026-03-23,11,Tier-2,Referral,4-5
9392,2026-01-26,3,Tier-2,Organic,4-5
9393,2026-04-13,14,Metro,Organic,2-3
9394,2026-03-30,12,Tier-2,Organic,4-5
9395,2026-04-20,15,Tier-2,Organic,6+
9396,2026-03-30,12,Tier-2,Organic,4-5
9397,2026-05-04,17,Tier-3,Organic,0-1
9398,2026-02-23,7,Tier-2,Paid social,4-5
9399,2026-01-05,0,Tier-2,Organic,0-1
9400,2026-03-23,11,Tier-2,Flash sale,2-3
9401,2026-05-18,19,Tier-2,Flash sale,0-1
9402,2026-01-12,1,Metro,Flash sale,0-1
9403,2026-05-18,19,Metro,Flash sale,6+
9404,2026-04-20,15,Tier-2,Organic,4-5
9405,2026-01-05,0,Tier-2,Organic,2-3
9406,2026-03-16,10,Metro,Flash sale,2-3
9407,2026-02-16,6,Metro,Paid social,4-5
9408,2026-04-06,13,Tier-2,Flash sale,4-5
9409,2026-04-20,15,Tier-2,Flash sale,0-1
9410,2026-02-23,7,Metro,Paid social,2-3
9411,2026-03-09,9,Metro,Referral,6+
9412,2026-01-05,0,Metro,Referral,4-5
9413,2026-01-05,0,Tier-3,Flash sale,6+
9414,2026-04-20,15,Tier-3,Paid social,4-5
9415,2026-02-23,7,Tier-2,Flash sale,2-3
9416,2026-05-04,17,Metro,Flash sale,4-5
9417,2026-03-23,11,Tier-2,Referral,0-1
9418,2026-02-23,7,Metro,Flash sale,4-5
9419,2026-05-04,17,Tier-3,Paid social,4-5
9420,2026-01-12,1,Metro,Paid social,2-3
9421,2026-04-27,16,Metro,Flash sale,2-3
9422,2026-01-12,1,Tier-2,Organic,0-1
9423,2026-05-11,18,Metro,Referral,0-1
9424,2026-03-23,11,Tier-2,Organic,0-1
9425,2026-03-09,9,Tier-2,Flash sale,4-5
9426,2026-04-06,13,Metro,Organic,0-1
9427,2026-04-20,15,Metro,Referral,4-5
9428,2026-02-09,5,Tier-2,Paid social,0-1
9429,2026-01-19,2,Tier-2,Organic,6+
9430,2026-05-18,19,Metro,Referral,4-5
9431,2026-03-16,10,Metro,Paid social,2-3
9432,2026-02-09,5,Tier-2,Organic,4-5
9433,2026-05-11,18,Metro,Organic,0-1
9434,2026-01-05,0,Tier-2,Organic,4-5
9435,2026-04-27,16,Tier-2,Referral,4-5
9436,2026-01-05,0,Metro,Flash sale,2-3
9437,2026-04-06,13,Tier-2,Organic,4-5
9438,2026-01-05,0,Metro,Organic,6+
9439,2026-01-19,2,Metro,Flash sale,2-3
9440,2026-02-16,6,Tier-2,Organic,2-3
9441,2026-01-26,3,Tier-3,Flash sale,2-3
9442,2026-01-05,0,Tier-2,Organic,4-5
9443,2026-04-06,13,Metro,Referral,0-1
9444,2026-04-20,15,Tier-2,Referral,6+
9445,2026-02-16,6,Metro,Paid social,2-3
9446,2026-04-06,13,Metro,Organic,6+
9447,2026-02-16,6,Metro,Flash sale,6+
9448,2026-02-02,4,Metro,Referral,0-1
9449,2026-04-27,16,Metro,Flash sale,0-1
9450,2026-03-16,10,Tier-3,Organic,0-1
9451,2026-01-05,0,Metro,Organic,4-5
9452,2026-04-06,13,Tier-2,Flash sale,2-3
9453,2026-02-23,7,Tier-2,Flash sale,0-1
9454,2026-01-12,1,Metro,Paid social,4-5
9455,2026-02-02,4,Metro,Referral,2-3
9456,2026-02-16,6,Metro,Referral,6+
9457,2026-01-05,0,Metro,Paid social,6+
9458,2026-04-13,14,Tier-2,Flash sale,6+
9459,2026-02-02,4,Tier-3,Organic,4-5
9460,2026-01-26,3,Tier-3,Organic,4-5
9461,2026-01-26,3,Metro,Referral,0-1
9462,2026-04-13,14,Metro,Organic,6+
9463,2026-03-16,10,Metro,Paid social,2-3
9464,2026-04-27,16,Tier-3,Organic,0-1
9465,2026-03-02,8,Metro,Organic,0-1
9466,2026-04-06,13,Metro,Referral,2-3
9467,2026-03-09,9,Tier-2,Referral,2-3
9468,2026-03-23,11,Tier-2,Paid social,0-1
9469,2026-05-04,17,Metro,Organic,6+
9470,2026-03-30,12,Tier-2,Organic,2-3
9471,2026-03-09,9,Metro,Flash sale,2-3
9472,2026-05-04,17,Metro,Paid social,4-5
9473,2026-03-30,12,Metro,Organic,2-3
9474,2026-05-11,18,Metro,Flash sale,6+
9475,2026-03-30,12,Tier-3,Organic,4-5
9476,2026-04-06,13,Metro,Referral,4-5
9477,2026-03-16,10,Tier-2,Organic,6+
9478,2026-04-27,16,Metro,Paid social,0-1
9479,2026-02-16,6,Tier-2,Organic,0-1
9480,2026-03-16,10,Tier-3,Flash sale,4-5
9481,2026-05-11,18,Metro,Referral,4-5
9482,2026-02-02,4,Tier-3,Organic,0-1
9483,2026-03-02,8,Tier-2,Organic,0-1
9484,2026-01-05,0,Tier-2,Flash sale,6+
9485,2026-03-23,11,Metro,Flash sale,0-1
9486,2026-02-16,6,Tier-2,Referral,2-3
9487,2026-03-23,11,Metro,Flash sale,0-1
9488,2026-02-02,4,Tier-3,Organic,2-3
9489,2026-04-27,16,Tier-3,Paid social,4-5
9490,2026-05-18,19,Metro,Organic,4-5
9491,2026-03-16,10,Tier-3,Flash sale,0-1
9492,2026-03-30,12,Tier-3,Paid social,0-1
9493,2026-03-09,9,Tier-2,Paid social,6+
9494,2026-02-09,5,Metro,Organic,2-3
9495,2026-03-09,9,Metro,Organic,2-3
9496,2026-03-09,9,Metro,Flash sale,6+
9497,2026-04-20,15,Metro,Organic,6+
9498,2026-04-06,13,Tier-3,Referral,2-3
9499,2026-02-16,6,Metro,Flash sale,0-1
9500,2026-03-30,12,Tier-2,Organic,2-3
9501,2026-05-11,18,Tier-2,Flash sale,2-3
9502,2026-03-02,8,Tier-2,Flash sale,4-5
9503,2026-04-27,16,Metro,Referral,4-5
9504,2026-03-09,9,Tier-2,Organic,2-3
9505,2026-01-19,2,Tier-2,Organic,2-3
9506,2026-01-26,3,Tier-2,Organic,4-5
9507,2026-02-16,6,Metro,Flash sale,4-5
9508,2026-03-23,11,Tier-2,Referral,4-5
9509,2026-05-11,18,Metro,Paid social,6+
9510,2026-02-23,7,Tier-2,Paid social,4-5
9511,2026-02-09,5,Metro,Flash sale,4-5
9512,2026-04-06,13,Metro,Paid social,2-3
9513,2026-02-16,6,Tier-2,Organic,6+
9514,2026-03-02,8,Metro,Flash sale,0-1
9515,2026-02-02,4,Tier-3,Flash sale,0-1
9516,2026-02-09,5,Tier-3,Referral,4-5
9517,2026-01-12,1,Metro,Referral,4-5
9518,2026-03-23,11,Metro,Organic,2-3
9519,2026-03-09,9,Metro,Paid social,4-5
9520,2026-01-26,3,Tier-3,Paid social,0-1
9521,2026-04-20,15,Tier-2,Paid social,4-5
9522,2026-02-02,4,Metro,Flash sale,2-3
9523,2026-04-06,13,Metro,Paid social,4-5
9524,2026-01-19,2,Metro,Referral,2-3
9525,2026-01-05,0,Tier-2,Flash sale,4-5
9526,2026-01-19,2,Metro,Flash sale,0-1
9527,2026-03-16,10,Metro,Referral,6+
9528,2026-01-26,3,Tier-2,Referral,2-3
9529,2026-02-16,6,Metro,Flash sale,0-1
9530,2026-03-16,10,Metro,Paid social,6+
9531,2026-03-30,12,Tier-2,Organic,0-1
9532,2026-04-20,15,Tier-3,Flash sale,4-5
9533,2026-03-02,8,Metro,Organic,0-1
9534,2026-01-19,2,Tier-3,Flash sale,6+
9535,2026-05-18,19,Metro,Organic,0-1
9536,2026-04-20,15,Tier-3,Organic,2-3
9537,2026-04-27,16,Metro,Organic,4-5
9538,2026-05-11,18,Tier-2,Organic,6+
9539,2026-04-13,14,Metro,Organic,2-3
9540,2026-05-18,19,Tier-3,Referral,2-3
9541,2026-03-16,10,Tier-3,Organic,2-3
9542,2026-03-23,11,Metro,Organic,6+
9543,2026-03-23,11,Metro,Organic,6+
9544,2026-03-16,10,Tier-2,Organic,0-1
9545,2026-03-02,8,Metro,Organic,6+
9546,2026-02-16,6,Tier-2,Paid social,6+
9547,2026-04-20,15,Tier-2,Flash sale,4-5
9548,2026-02-16,6,Metro,Organic,2-3
9549,2026-05-11,18,Metro,Flash sale,2-3
9550,2026-04-13,14,Tier-3,Organic,6+
9551,2026-05-18,19,Metro,Referral,2-3
9552,2026-03-30,12,Tier-2,Paid social,2-3
9553,2026-03-23,11,Metro,Organic,2-3
9554,2026-02-16,6,Metro,Organic,0-1
9555,2026-04-06,13,Metro,Flash sale,2-3
9556,2026-03-23,11,Metro,Organic,0-1
9557,2026-02-23,7,Tier-2,Organic,0-1
9558,2026-01-12,1,Metro,Flash sale,2-3
9559,2026-01-05,0,Tier-2,Flash sale,6+
9560,2026-02-02,4,Tier-2,Organic,6+
9561,2026-04-13,14,Metro,Referral,2-3
9562,2026-05-11,18,Metro,Organic,6+
9563,2026-05-11,18,Tier-2,Organic,0-1
9564,2026-03-16,10,Tier-2,Referral,4-5
9565,2026-05-04,17,Tier-2,Flash sale,4-5
9566,2026-01-05,0,Metro,Flash sale,2-3
9567,2026-05-04,17,Tier-2,Flash sale,2-3
9568,2026-05-18,19,Metro,Flash sale,4-5
9569,2026-03-02,8,Tier-2,Paid social,2-3
9570,2026-01-05,0,Metro,Flash sale,4-5
9571,2026-04-13,14,Tier-2,Flash sale,0-1
9572,2026-01-05,0,Metro,Referral,4-5
9573,2026-03-30,12,Tier-2,Organic,0-1
9574,2026-02-16,6,Metro,Referral,2-3
9575,2026-03-16,10,Tier-2,Organic,4-5
9576,2026-05-11,18,Metro,Flash sale,6+
9577,2026-01-26,3,Tier-2,Referral,2-3
9578,2026-01-05,0,Metro,Flash sale,0-1
9579,2026-03-23,11,Metro,Organic,0-1
9580,2026-04-06,13,Tier-2,Flash sale,4-5
9581,2026-02-09,5,Metro,Referral,6+
9582,2026-01-26,3,Metro,Paid social,6+
9583,2026-04-13,14,Tier-2,Flash sale,6+
9584,2026-04-06,13,Tier-2,Organic,2-3
9585,2026-05-11,18,Tier-3,Organic,2-3
9586,2026-05-04,17,Metro,Flash sale,6+
9587,2026-04-13,14,Metro,Organic,6+
9588,2026-01-05,0,Tier-2,Paid social,2-3
9589,2026-02-09,5,Metro,Flash sale,2-3
9590,2026-04-06,13,Tier-2,Flash sale,0-1
9591,2026-03-09,9,Metro,Organic,0-1
9592,2026-01-12,1,Tier-3,Organic,4-5
9593,2026-03-23,11,Tier-2,Flash sale,4-5
9594,2026-04-20,15,Metro,Flash sale,4-5
9595,2026-04-13,14,Metro,Organic,2-3
9596,2026-05-11,18,Metro,Flash sale,0-1
9597,2026-01-19,2,Metro,Flash sale,2-3
9598,2026-05-18,19,Tier-2,Flash sale,6+
9599,2026-03-16,10,Metro,Paid social,6+
9600,2026-02-16,6,Metro,Organic,0-1
9601,2026-05-04,17,Metro,Organic,2-3
9602,2026-01-19,2,Tier-2,Paid social,4-5
9603,2026-01-05,0,Metro,Organic,0-1
9604,2026-04-13,14,Metro,Flash sale,2-3
9605,2026-04-13,14,Tier-3,Referral,0-1
9606,2026-01-12,1,Metro,Flash sale,2-3
9607,2026-05-04,17,Metro,Paid social,6+
9608,2026-04-27,16,Tier-3,Flash sale,6+
9609,2026-04-20,15,Metro,Flash sale,0-1
9610,2026-02-23,7,Tier-3,Organic,4-5
9611,2026-05-11,18,Tier-2,Organic,6+
9612,2026-01-19,2,Tier-2,Flash sale,6+
9613,2026-04-20,15,Metro,Organic,0-1
9614,2026-04-27,16,Metro,Flash sale,2-3
9615,2026-03-16,10,Metro,Organic,6+
9616,2026-02-16,6,Metro,Organic,6+
9617,2026-03-09,9,Metro,Flash sale,2-3
9618,2026-01-05,0,Tier-2,Flash sale,2-3
9619,2026-01-05,0,Tier-2,Organic,0-1
9620,2026-02-16,6,Metro,Referral,6+
9621,2026-01-05,0,Tier-2,Organic,0-1
9622,2026-03-30,12,Tier-3,Organic,2-3
9623,2026-03-30,12,Tier-2,Paid social,0-1
9624,2026-05-04,17,Tier-2,Paid social,6+
9625,2026-02-09,5,Tier-2,Flash sale,0-1
9626,2026-04-27,16,Metro,Flash sale,4-5
9627,2026-02-16,6,Metro,Paid social,0-1
9628,2026-03-16,10,Tier-3,Flash sale,2-3
9629,2026-04-27,16,Tier-2,Organic,4-5
9630,2026-02-23,7,Tier-2,Organic,4-5
9631,2026-01-19,2,Tier-3,Organic,4-5
9632,2026-04-27,16,Metro,Referral,2-3
9633,2026-02-09,5,Metro,Flash sale,2-3
9634,2026-02-02,4,Tier-2,Organic,6+
9635,2026-04-06,13,Metro,Organic,4-5
9636,2026-03-16,10,Tier-2,Organic,4-5
9637,2026-01-05,0,Tier-2,Referral,6+
9638,2026-05-11,18,Tier-2,Paid social,0-1
9639,2026-03-16,10,Metro,Flash sale,6+
9640,2026-02-09,5,Tier-2,Referral,6+
9641,2026-01-12,1,Metro,Organic,2-3
9642,2026-04-06,13,Tier-3,Flash sale,0-1
9643,2026-04-20,15,Metro,Flash sale,2-3
9644,2026-04-13,14,Tier-3,Organic,2-3
9645,2026-03-30,12,Metro,Flash sale,6+
9646,2026-05-04,17,Metro,Referral,2-3
9647,2026-03-30,12,Metro,Organic,6+
9648,2026-02-02,4,Metro,Flash sale,0-1
9649,2026-02-02,4,Metro,Paid social,6+
9650,2026-02-23,7,Tier-2,Referral,6+
9651,2026-04-13,14,Tier-2,Flash sale,4-5
9652,2026-01-05,0,Metro,Organic,0-1
9653,2026-02-16,6,Tier-2,Referral,4-5
9654,2026-03-02,8,Tier-3,Organic,6+
9655,2026-03-23,11,Tier-2,Organic,6+
9656,2026-01-19,2,Metro,Organic,2-3
9657,2026-01-12,1,Metro,Flash sale,2-3
9658,2026-05-11,18,Tier-3,Flash sale,2-3
9659,2026-01-12,1,Metro,Referral,0-1
9660,2026-01-12,1,Metro,Flash sale,4-5
9661,2026-01-26,3,Tier-2,Paid social,6+
9662,2026-02-16,6,Metro,Flash sale,2-3
9663,2026-02-02,4,Tier-2,Flash sale,6+
9664,2026-04-27,16,Metro,Organic,0-1
9665,2026-01-19,2,Tier-2,Organic,0-1
9666,2026-01-19,2,Tier-3,Flash sale,6+
9667,2026-01-19,2,Tier-3,Referral,0-1
9668,2026-04-06,13,Tier-3,Organic,2-3
9669,2026-05-04,17,Tier-3,Flash sale,6+
9670,2026-01-26,3,Metro,Organic,2-3
9671,2026-03-23,11,Tier-3,Flash sale,2-3
9672,2026-02-23,7,Tier-3,Organic,0-1
9673,2026-03-30,12,Metro,Organic,4-5
9674,2026-03-30,12,Metro,Organic,2-3
9675,2026-02-09,5,Metro,Paid social,0-1
9676,2026-03-30,12,Tier-2,Referral,2-3
9677,2026-01-12,1,Tier-2,Organic,0-1
9678,2026-03-09,9,Metro,Organic,6+
9679,2026-05-18,19,Metro,Flash sale,4-5
9680,2026-05-04,17,Tier-2,Organic,6+
9681,2026-01-12,1,Metro,Referral,6+
9682,2026-01-12,1,Tier-3,Flash sale,6+
9683,2026-04-27,16,Metro,Paid social,4-5
9684,2026-02-02,4,Metro,Organic,0-1
9685,2026-04-06,13,Metro,Paid social,0-1
9686,2026-03-16,10,Tier-3,Referral,0-1
9687,2026-03-02,8,Tier-3,Referral,0-1
9688,2026-02-16,6,Metro,Paid social,6+
9689,2026-04-13,14,Metro,Flash sale,0-1
9690,2026-02-09,5,Metro,Organic,0-1
9691,2026-04-20,15,Metro,Flash sale,6+
9692,2026-02-02,4,Tier-2,Referral,2-3
9693,2026-05-04,17,Metro,Paid social,2-3
9694,2026-04-13,14,Metro,Flash sale,2-3
9695,2026-03-16,10,Metro,Referral,6+
9696,2026-01-12,1,Metro,Organic,2-3
9697,2026-02-02,4,Metro,Organic,6+
9698,2026-03-30,12,Metro,Flash sale,6+
9699,2026-03-23,11,Metro,Flash sale,2-3
9700,2026-01-19,2,Metro,Organic,4-5
9701,2026-01-12,1,Metro,Referral,0-1
9702,2026-03-30,12,Tier-3,Flash sale,6+
9703,2026-02-23,7,Metro,Flash sale,6+
9704,2026-03-09,9,Metro,Organic,0-1
9705,2026-03-30,12,Metro,Organic,0-1
9706,2026-04-27,16,Tier-2,Flash sale,0-1
9707,2026-02-09,5,Tier-3,Paid social,6+
9708,2026-04-06,13,Tier-2,Organic,0-1
9709,2026-05-04,17,Tier-2,Referral,2-3
9710,2026-05-11,18,Tier-2,Referral,2-3
9711,2026-05-18,19,Metro,Referral,2-3
9712,2026-01-05,0,Tier-3,Flash sale,0-1
9713,2026-01-12,1,Tier-2,Organic,2-3
9714,2026-05-04,17,Metro,Referral,6+
9715,2026-02-02,4,Metro,Flash sale,2-3
9716,2026-02-09,5,Metro,Organic,6+
9717,2026-03-09,9,Metro,Flash sale,4-5
9718,2026-04-06,13,Tier-2,Flash sale,6+
9719,2026-01-05,0,Metro,Flash sale,4-5
9720,2026-03-30,12,Tier-2,Paid social,2-3
9721,2026-01-12,1,Tier-3,Flash sale,2-3
9722,2026-02-23,7,Metro,Organic,2-3
9723,2026-05-11,18,Metro,Paid social,4-5
9724,2026-01-19,2,Tier-2,Organic,2-3
9725,2026-01-05,0,Tier-2,Organic,2-3
9726,2026-03-09,9,Metro,Referral,2-3
9727,2026-02-02,4,Metro,Paid social,6+
9728,2026-02-02,4,Tier-2,Flash sale,4-5
9729,2026-03-02,8,Tier-3,Flash sale,6+
9730,2026-01-26,3,Metro,Flash sale,6+
9731,2026-01-05,0,Metro,Referral,4-5
9732,2026-05-11,18,Tier-3,Paid social,0-1
9733,2026-04-27,16,Metro,Organic,6+
9734,2026-03-02,8,Metro,Paid social,2-3
9735,2026-04-27,16,Tier-2,Flash sale,2-3
9736,2026-05-18,19,Metro,Organic,2-3
9737,2026-02-23,7,Metro,Organic,0-1
9738,2026-01-26,3,Tier-2,Organic,4-5
9739,2026-02-02,4,Tier-2,Paid social,0-1
9740,2026-05-18,19,Metro,Flash sale,4-5
9741,2026-05-04,17,Metro,Referral,6+
9742,2026-04-06,13,Tier-2,Organic,2-3
9743,2026-04-06,13,Tier-2,Referral,2-3
9744,2026-02-16,6,Tier-2,Flash sale,4-5
9745,2026-03-16,10,Tier-2,Paid social,6+
9746,2026-02-23,7,Tier-2,Flash sale,0-1
9747,2026-02-23,7,Tier-3,Referral,2-3
9748,2026-04-13,14,Tier-2,Flash sale,2-3
9749,2026-03-16,10,Metro,Flash sale,0-1
9750,2026-03-02,8,Tier-3,Paid social,0-1
9751,2026-02-02,4,Tier-3,Flash sale,4-5
9752,2026-04-06,13,Metro,Paid social,6+
9753,2026-03-02,8,Metro,Organic,4-5
9754,2026-01-12,1,Tier-2,Flash sale,0-1
9755,2026-04-06,13,Metro,Paid social,2-3
9756,2026-02-16,6,Tier-2,Paid social,6+
9757,2026-03-02,8,Metro,Flash sale,6+
9758,2026-05-18,19,Metro,Flash sale,0-1
9759,2026-04-06,13,Metro,Referral,4-5
9760,2026-01-12,1,Tier-3,Organic,4-5
9761,2026-04-13,14,Metro,Paid social,2-3
9762,2026-02-09,5,Tier-2,Organic,2-3
9763,2026-04-20,15,Metro,Organic,4-5
9764,2026-02-16,6,Metro,Referral,6+
9765,2026-03-23,11,Metro,Flash sale,2-3
9766,2026-04-06,13,Metro,Organic,6+
9767,2026-01-26,3,Tier-2,Organic,6+
9768,2026-01-19,2,Tier-2,Paid social,0-1
9769,2026-04-13,14,Metro,Flash sale,2-3
9770,2026-01-12,1,Metro,Paid social,2-3
9771,2026-04-27,16,Tier-2,Organic,4-5
9772,2026-03-02,8,Tier-2,Flash sale,0-1
9773,2026-01-12,1,Metro,Organic,2-3
9774,2026-04-20,15,Tier-2,Flash sale,0-1
9775,2026-05-04,17,Metro,Organic,0-1
9776,2026-01-12,1,Metro,Organic,2-3
9777,2026-05-11,18,Tier-2,Flash sale,4-5
9778,2026-03-02,8,Tier-2,Referral,2-3
9779,2026-04-06,13,Tier-2,Flash sale,2-3
9780,2026-02-09,5,Metro,Flash sale,2-3
9781,2026-01-19,2,Metro,Flash sale,4-5
9782,2026-05-18,19,Tier-2,Flash sale,4-5
9783,2026-04-06,13,Metro,Referral,4-5
9784,2026-02-09,5,Metro,Referral,0-1
9785,2026-02-23,7,Tier-2,Referral,0-1
9786,2026-04-20,15,Metro,Organic,2-3
9787,2026-02-16,6,Metro,Flash sale,0-1
9788,2026-04-06,13,Metro,Referral,4-5
9789,2026-01-05,0,Tier-3,Paid social,4-5
9790,2026-05-18,19,Metro,Flash sale,2-3
9791,2026-04-13,14,Metro,Flash sale,2-3
9792,2026-02-16,6,Metro,Referral,0-1
9793,2026-03-23,11,Metro,Paid social,2-3
9794,2026-01-26,3,Metro,Flash sale,2-3
9795,2026-03-09,9,Tier-2,Organic,0-1
9796,2026-02-23,7,Metro,Referral,4-5
9797,2026-02-23,7,Metro,Referral,2-3
9798,2026-04-27,16,Metro,Organic,4-5
9799,2026-03-02,8,Metro,Organic,4-5
9800,2026-01-05,0,Metro,Flash sale,0-1
9801,2026-03-09,9,Tier-2,Referral,6+
9802,2026-01-12,1,Tier-2,Referral,0-1
9803,2026-03-09,9,Tier-2,Organic,4-5
9804,2026-04-06,13,Metro,Organic,6+
9805,2026-01-12,1,Tier-3,Referral,4-5
9806,2026-01-12,1,Tier-2,Organic,4-5
9807,2026-02-23,7,Metro,Flash sale,2-3
9808,2026-03-09,9,Metro,Flash sale,0-1
9809,2026-01-12,1,Tier-2,Organic,4-5
9810,2026-02-16,6,Metro,Referral,6+
9811,2026-04-20,15,Metro,Organic,6+
9812,2026-03-23,11,Tier-2,Referral,0-1
9813,2026-03-16,10,Metro,Flash sale,0-1
9814,2026-01-19,2,Tier-3,Flash sale,6+
9815,2026-04-20,15,Metro,Paid social,4-5
9816,2026-03-23,11,Metro,Organic,2-3
9817,2026-03-02,8,Metro,Referral,0-1
9818,2026-03-30,12,Metro,Organic,2-3
9819,2026-01-26,3,Tier-3,Paid social,0-1
9820,2026-04-06,13,Tier-2,Organic,0-1
9821,2026-02-09,5,Tier-3,Flash sale,0-1
9822,2026-01-05,0,Metro,Organic,6+
9823,2026-02-02,4,Metro,Flash sale,0-1
9824,2026-02-23,7,Metro,Organic,4-5
9825,2026-03-02,8,Metro,Organic,2-3
9826,2026-02-02,4,Tier-3,Organic,6+
9827,2026-04-20,15,Metro,Organic,0-1
9828,2026-02-09,5,Metro,Referral,6+
9829,2026-01-19,2,Metro,Flash sale,0-1
9830,2026-02-02,4,Tier-2,Organic,6+
9831,2026-03-02,8,Metro,Paid social,0-1
9832,2026-01-05,0,Tier-2,Flash sale,0-1
9833,2026-01-12,1,Tier-2,Organic,0-1
9834,2026-01-26,3,Tier-2,Flash sale,6+
9835,2026-02-23,7,Metro,Flash sale,2-3
9836,2026-05-18,19,Metro,Flash sale,2-3
9837,2026-03-23,11,Metro,Paid social,6+
9838,2026-01-12,1,Tier-3,Flash sale,2-3
9839,2026-01-12,1,Tier-3,Paid social,4-5
9840,2026-01-19,2,Tier-2,Referral,2-3
9841,2026-01-12,1,Metro,Paid social,0-1
9842,2026-03-16,10,Metro,Flash sale,6+
9843,2026-04-13,14,Tier-2,Flash sale,2-3
9844,2026-03-02,8,Metro,Referral,6+
9845,2026-03-02,8,Tier-2,Referral,2-3
9846,2026-03-23,11,Tier-2,Organic,6+
9847,2026-02-23,7,Metro,Organic,0-1
9848,2026-04-27,16,Metro,Organic,4-5
9849,2026-04-06,13,Metro,Organic,2-3
9850,2026-05-18,19,Metro,Paid social,6+
9851,2026-01-12,1,Tier-2,Referral,2-3
9852,2026-03-02,8,Metro,Organic,6+
9853,2026-05-04,17,Metro,Flash sale,2-3
9854,2026-04-06,13,Metro,Organic,2-3
9855,2026-04-20,15,Metro,Referral,4-5
9856,2026-03-09,9,Tier-2,Paid social,4-5
9857,2026-02-23,7,Tier-2,Organic,2-3
9858,2026-04-20,15,Metro,Flash sale,0-1
9859,2026-03-09,9,Metro,Paid social,0-1
9860,2026-03-02,8,Metro,Flash sale,4-5
9861,2026-02-23,7,Metro,Paid social,0-1
9862,2026-01-19,2,Metro,Organic,4-5
9863,2026-04-20,15,Tier-3,Organic,6+
9864,2026-05-04,17,Metro,Flash sale,6+
9865,2026-01-05,0,Metro,Organic,4-5
9866,2026-03-02,8,Metro,Referral,2-3
9867,2026-04-06,13,Tier-2,Referral,4-5
9868,2026-01-26,3,Metro,Organic,0-1
9869,2026-02-16,6,Tier-3,Flash sale,6+
9870,2026-05-18,19,Metro,Referral,0-1
9871,2026-04-20,15,Tier-2,Paid social,4-5
9872,2026-05-04,17,Tier-2,Organic,2-3
9873,2026-05-18,19,Metro,Referral,0-1
9874,2026-04-06,13,Metro,Organic,0-1
9875,2026-02-09,5,Metro,Paid social,4-5
9876,2026-05-18,19,Tier-2,Flash sale,4-5
9877,2026-03-02,8,Tier-3,Organic,0-1
9878,2026-03-16,10,Metro,Referral,0-1
9879,2026-03-16,10,Metro,Referral,4-5
9880,2026-03-16,10,Metro,Referral,4-5
9881,2026-03-23,11,Metro,Organic,2-3
9882,2026-04-20,15,Tier-2,Referral,0-1
9883,2026-01-26,3,Metro,Referral,0-1
9884,2026-03-02,8,Metro,Organic,0-1
9885,2026-03-23,11,Tier-3,Organic,0-1
9886,2026-03-23,11,Tier-2,Paid social,4-5
9887,2026-04-13,14,Tier-2,Flash sale,2-3
9888,2026-02-16,6,Metro,Flash sale,0-1
9889,2026-05-11,18,Tier-3,Paid social,4-5
9890,2026-01-05,0,Tier-2,Organic,4-5
9891,2026-04-13,14,Metro,Referral,0-1
9892,2026-01-26,3,Metro,Flash sale,4-5
9893,2026-03-30,12,Tier-3,Organic,0-1
9894,2026-01-05,0,Metro,Paid social,4-5
9895,2026-02-02,4,Tier-2,Referral,2-3
9896,2026-02-23,7,Tier-2,Organic,0-1
9897,2026-01-12,1,Tier-2,Paid social,6+
9898,2026-02-16,6,Tier-2,Paid social,0-1
9899,2026-03-30,12,Tier-3,Referral,6+
9900,2026-01-26,3,Metro,Organic,2-3
9901,2026-03-30,12,Metro,Organic,4-5
9902,2026-03-09,9,Tier-2,Referral,4-5
9903,2026-04-27,16,Metro,Paid social,2-3
9904,2026-03-30,12,Tier-2,Organic,4-5
9905,2026-03-02,8,Tier-2,Flash sale,2-3
9906,2026-04-27,16,Metro,Organic,4-5
9907,2026-01-26,3,Tier-2,Flash sale,0-1
9908,2026-03-23,11,Metro,Flash sale,2-3
9909,2026-02-02,4,Tier-3,Organic,0-1
9910,2026-03-09,9,Metro,Flash sale,2-3
9911,2026-03-09,9,Tier-2,Flash sale,0-1
9912,2026-03-23,11,Tier-3,Flash sale,2-3
9913,2026-02-16,6,Metro,Paid social,6+
9914,2026-04-06,13,Metro,Organic,2-3
9915,2026-01-26,3,Metro,Organic,2-3
9916,2026-01-26,3,Tier-2,Flash sale,6+
9917,2026-01-19,2,Metro,Flash sale,0-1
9918,2026-03-09,9,Metro,Organic,4-5
9919,2026-03-02,8,Tier-3,Paid social,4-5
9920,2026-04-27,16,Metro,Organic,2-3
9921,2026-02-16,6,Metro,Organic,2-3
9922,2026-03-23,11,Tier-2,Referral,4-5
9923,2026-05-18,19,Metro,Paid social,2-3
9924,2026-03-30,12,Metro,Flash sale,2-3
9925,2026-05-04,17,Tier-3,Organic,4-5
9926,2026-03-16,10,Tier-2,Organic,2-3
9927,2026-01-26,3,Metro,Organic,6+
9928,2026-03-02,8,Tier-2,Flash sale,2-3
9929,2026-04-20,15,Metro,Flash sale,4-5
9930,2026-01-19,2,Metro,Organic,4-5
9931,2026-03-09,9,Tier-2,Flash sale,6+
9932,2026-03-16,10,Metro,Referral,2-3
9933,2026-05-11,18,Metro,Organic,0-1
9934,2026-05-18,19,Tier-3,Organic,2-3
9935,2026-03-30,12,Metro,Referral,4-5
9936,2026-02-02,4,Metro,Organic,2-3
9937,2026-02-02,4,Metro,Organic,6+
9938,2026-03-23,11,Tier-2,Organic,0-1
9939,2026-01-26,3,Tier-2,Flash sale,2-3
9940,2026-04-06,13,Tier-3,Flash sale,6+
9941,2026-05-18,19,Metro,Flash sale,6+
9942,2026-01-26,3,Tier-2,Flash sale,0-1
9943,2026-05-11,18,Tier-2,Flash sale,6+
9944,2026-01-05,0,Metro,Organic,2-3
9945,2026-03-09,9,Metro,Referral,4-5
9946,2026-02-23,7,Tier-2,Paid social,0-1
9947,2026-03-23,11,Metro,Flash sale,0-1
9948,2026-03-09,9,Tier-2,Organic,4-5
9949,2026-03-16,10,Metro,Referral,2-3
9950,2026-01-19,2,Metro,Organic,0-1
9951,2026-04-20,15,Tier-3,Organic,4-5
9952,2026-05-11,18,Tier-2,Paid social,0-1
9953,2026-03-09,9,Metro,Organic,6+
9954,2026-05-04,17,Tier-2,Organic,0-1
9955,2026-01-19,2,Metro,Flash sale,0-1
9956,2026-04-13,14,Tier-2,Flash sale,2-3
9957,2026-02-16,6,Metro,Flash sale,2-3
9958,2026-04-06,13,Metro,Organic,4-5
9959,2026-03-23,11,Metro,Referral,0-1
9960,2026-01-05,0,Metro,Organic,6+
9961,2026-02-23,7,Metro,Paid social,2-3
9962,2026-03-02,8,Metro,Organic,4-5
9963,2026-04-27,16,Tier-3,Organic,6+
9964,2026-01-19,2,Metro,Flash sale,6+
9965,2026-05-11,18,Metro,Organic,4-5
9966,2026-01-05,0,Metro,Flash sale,0-1
9967,2026-02-02,4,Tier-2,Organic,4-5
9968,2026-01-19,2,Metro,Flash sale,2-3
9969,2026-05-04,17,Metro,Organic,4-5
9970,2026-03-23,11,Tier-2,Flash sale,0-1
9971,2026-04-13,14,Metro,Organic,4-5
9972,2026-04-06,13,Tier-3,Organic,6+
9973,2026-03-23,11,Metro,Organic,4-5
9974,2026-02-09,5,Tier-2,Referral,6+
9975,2026-01-19,2,Metro,Referral,0-1
9976,2026-03-02,8,Tier-2,Organic,4-5
9977,2026-03-02,8,Tier-2,Organic,0-1
9978,2026-03-02,8,Metro,Organic,0-1
9979,2026-05-18,19,Metro,Organic,6+
9980,2026-01-19,2,Metro,Flash sale,0-1
9981,2026-03-30,12,Metro,Organic,2-3
9982,2026-01-26,3,Tier-3,Paid social,0-1
9983,2026-03-23,11,Tier-2,Referral,2-3
9984,2026-04-06,13,Tier-2,Organic,0-1
9985,2026-01-05,0,Tier-3,Organic,2-3
9986,2026-03-09,9,Tier-2,Organic,4-5
9987,2026-02-16,6,Tier-2,Organic,4-5
9988,2026-03-09,9,Metro,Flash sale,6+
9989,2026-03-09,9,Metro,Organic,0-1
9990,2026-03-09,9,Metro,Organic,2-3
9991,2026-03-30,12,Metro,Organic,4-5
9992,2026-02-02,4,Metro,Flash sale,0-1
9993,2026-05-04,17,Metro,Organic,0-1
9994,2026-04-27,16,Metro,Paid social,2-3
9995,2026-03-09,9,Metro,Organic,6+
9996,2026-05-11,18,Metro,Organic,4-5
9997,2026-02-09,5,Metro,Flash sale,4-5
9998,2026-02-02,4,Metro,Flash sale,4-5
9999,2026-02-09,5,Metro,Flash sale,6+
10000,2026-04-20,15,Tier-2,Flash sale,4-5
10001,2026-01-19,2,Tier-2,Organic,4-5
10002,2026-02-16,6,Metro,Organic,2-3
10003,2026-01-19,2,Metro,Organic,6+
10004,2026-03-02,8,Metro,Flash sale,0-1
10005,2026-02-16,6,Metro,Flash sale,2-3
10006,2026-04-27,16,Metro,Flash sale,2-3
10007,2026-04-20,15,Tier-3,Paid social,0-1
10008,2026-05-04,17,Metro,Flash sale,4-5
10009,2026-03-02,8,Metro,Paid social,6+
10010,2026-03-16,10,Tier-2,Flash sale,0-1
10011,2026-05-04,17,Metro,Flash sale,6+
10012,2026-04-13,14,Metro,Flash sale,6+
10013,2026-05-11,18,Metro,Organic,6+
10014,2026-05-18,19,Tier-3,Organic,0-1
10015,2026-01-12,1,Metro,Flash sale,6+
10016,2026-02-02,4,Tier-2,Organic,2-3
10017,2026-04-13,14,Tier-2,Organic,4-5
10018,2026-01-12,1,Metro,Referral,2-3
10019,2026-01-12,1,Tier-2,Flash sale,4-5
10020,2026-01-19,2,Metro,Organic,4-5
10021,2026-01-12,1,Metro,Organic,6+
10022,2026-04-06,13,Metro,Paid social,2-3
10023,2026-02-09,5,Tier-3,Paid social,0-1
10024,2026-05-11,18,Metro,Flash sale,4-5
10025,2026-01-19,2,Metro,Organic,6+
10026,2026-03-09,9,Tier-3,Organic,0-1
10027,2026-04-06,13,Metro,Organic,6+
10028,2026-02-23,7,Tier-3,Referral,6+
10029,2026-04-13,14,Tier-2,Flash sale,4-5
10030,2026-04-27,16,Tier-2,Referral,6+
10031,2026-03-30,12,Tier-2,Organic,2-3
10032,2026-03-30,12,Tier-2,Paid social,0-1
10033,2026-03-23,11,Metro,Flash sale,4-5
10034,2026-05-18,19,Tier-3,Flash sale,4-5
10035,2026-04-20,15,Tier-3,Flash sale,6+
10036,2026-01-12,1,Tier-3,Flash sale,0-1
10037,2026-04-20,15,Tier-2,Paid social,0-1
10038,2026-01-26,3,Metro,Flash sale,4-5
10039,2026-05-04,17,Metro,Paid social,2-3
10040,2026-02-16,6,Metro,Organic,0-1
10041,2026-04-06,13,Metro,Organic,4-5
10042,2026-04-13,14,Tier-2,Organic,0-1
10043,2026-02-23,7,Tier-2,Organic,6+
10044,2026-05-18,19,Metro,Referral,2-3
10045,2026-03-16,10,Metro,Organic,4-5
10046,2026-03-02,8,Tier-2,Organic,4-5
10047,2026-03-09,9,Metro,Organic,4-5
10048,2026-02-16,6,Tier-3,Referral,2-3
10049,2026-01-19,2,Tier-2,Paid social,0-1
10050,2026-05-18,19,Metro,Referral,4-5
10051,2026-04-27,16,Metro,Organic,2-3
10052,2026-04-27,16,Tier-2,Flash sale,6+
10053,2026-05-11,18,Metro,Organic,6+
10054,2026-03-30,12,Tier-2,Paid social,0-1
10055,2026-05-18,19,Metro,Organic,2-3
10056,2026-05-18,19,Metro,Paid social,2-3
10057,2026-02-02,4,Metro,Referral,2-3
10058,2026-03-02,8,Tier-2,Referral,4-5
10059,2026-01-12,1,Tier-3,Referral,2-3
10060,2026-04-13,14,Tier-3,Organic,0-1
10061,2026-01-19,2,Metro,Organic,2-3
10062,2026-04-20,15,Tier-2,Organic,6+
10063,2026-04-27,16,Metro,Organic,2-3
10064,2026-03-02,8,Tier-2,Referral,2-3
10065,2026-03-30,12,Tier-3,Flash sale,6+
10066,2026-05-11,18,Metro,Paid social,0-1
10067,2026-04-20,15,Tier-3,Paid social,2-3
10068,2026-03-02,8,Metro,Organic,0-1
10069,2026-05-11,18,Metro,Organic,4-5
10070,2026-01-05,0,Metro,Flash sale,6+
10071,2026-02-02,4,Tier-3,Organic,2-3
10072,2026-02-16,6,Metro,Flash sale,6+
10073,2026-02-23,7,Tier-2,Referral,6+
10074,2026-04-06,13,Metro,Referral,4-5
10075,2026-04-20,15,Tier-2,Flash sale,0-1
10076,2026-01-12,1,Tier-2,Referral,0-1
10077,2026-02-09,5,Metro,Flash sale,0-1
10078,2026-04-27,16,Tier-2,Paid social,2-3
10079,2026-03-16,10,Tier-2,Referral,2-3
10080,2026-02-16,6,Metro,Referral,0-1
10081,2026-03-02,8,Metro,Organic,6+
10082,2026-03-30,12,Metro,Referral,4-5
10083,2026-03-23,11,Tier-3,Organic,4-5
10084,2026-04-27,16,Tier-2,Flash sale,4-5
10085,2026-05-18,19,Tier-2,Flash sale,4-5
10086,2026-04-27,16,Tier-2,Organic,6+
10087,2026-01-19,2,Tier-2,Organic,2-3
10088,2026-03-02,8,Metro,Organic,0-1
10089,2026-03-09,9,Metro,Referral,2-3
10090,2026-03-30,12,Tier-2,Flash sale,0-1
10091,2026-05-18,19,Metro,Paid social,6+
10092,2026-03-02,8,Metro,Referral,4-5
10093,2026-02-16,6,Tier-2,Flash sale,2-3
10094,2026-05-04,17,Tier-3,Referral,0-1
10095,2026-04-13,14,Tier-2,Flash sale,4-5
10096,2026-03-09,9,Metro,Organic,4-5
10097,2026-05-11,18,Tier-3,Paid social,6+
10098,2026-02-16,6,Metro,Paid social,0-1
10099,2026-02-02,4,Metro,Organic,4-5
10100,2026-01-05,0,Tier-3,Referral,2-3
10101,2026-01-12,1,Tier-2,Organic,0-1
10102,2026-05-04,17,Tier-3,Paid social,0-1
10103,2026-01-12,1,Tier-2,Flash sale,2-3
10104,2026-04-20,15,Tier-2,Organic,4-5
10105,2026-01-12,1,Metro,Referral,0-1
10106,2026-02-02,4,Metro,Flash sale,6+
10107,2026-02-23,7,Tier-3,Organic,6+
10108,2026-02-02,4,Tier-3,Referral,6+
10109,2026-01-19,2,Metro,Referral,6+
10110,2026-05-18,19,Metro,Flash sale,2-3
10111,2026-03-02,8,Metro,Referral,2-3
10112,2026-03-02,8,Metro,Organic,0-1
10113,2026-04-20,15,Tier-3,Organic,6+
10114,2026-05-11,18,Metro,Flash sale,6+
10115,2026-02-09,5,Metro,Organic,0-1
10116,2026-03-09,9,Tier-3,Flash sale,6+
10117,2026-03-09,9,Metro,Paid social,0-1
10118,2026-02-09,5,Metro,Referral,6+
10119,2026-01-19,2,Metro,Flash sale,0-1
10120,2026-05-11,18,Metro,Flash sale,4-5
10121,2026-04-06,13,Metro,Paid social,6+
10122,2026-04-06,13,Metro,Paid social,6+
10123,2026-02-16,6,Metro,Organic,0-1
10124,2026-04-06,13,Metro,Flash sale,0-1
10125,2026-01-19,2,Metro,Organic,0-1
10126,2026-01-19,2,Metro,Organic,6+
10127,2026-05-18,19,Tier-3,Organic,0-1
10128,2026-02-02,4,Metro,Flash sale,2-3
10129,2026-04-20,15,Metro,Referral,2-3
10130,2026-02-09,5,Tier-3,Paid social,2-3
10131,2026-04-06,13,Metro,Flash sale,2-3
10132,2026-03-30,12,Metro,Flash sale,2-3
10133,2026-04-13,14,Tier-2,Organic,0-1
10134,2026-05-18,19,Tier-2,Organic,2-3
10135,2026-03-02,8,Metro,Organic,6+
10136,2026-05-04,17,Tier-2,Paid social,0-1
10137,2026-02-09,5,Tier-2,Organic,6+
10138,2026-05-18,19,Metro,Referral,2-3
10139,2026-03-09,9,Metro,Organic,2-3
10140,2026-04-27,16,Metro,Flash sale,2-3
10141,2026-04-27,16,Tier-2,Paid social,6+
10142,2026-03-30,12,Metro,Paid social,6+
10143,2026-05-18,19,Metro,Organic,6+
10144,2026-04-06,13,Metro,Paid social,0-1
10145,2026-03-30,12,Tier-3,Organic,6+
10146,2026-02-09,5,Metro,Referral,4-5
10147,2026-02-23,7,Metro,Organic,0-1
10148,2026-01-05,0,Metro,Flash sale,2-3
10149,2026-04-13,14,Tier-2,Referral,6+
10150,2026-03-30,12,Metro,Referral,4-5
10151,2026-04-06,13,Tier-3,Referral,4-5
10152,2026-03-30,12,Metro,Organic,2-3
10153,2026-02-02,4,Metro,Paid social,0-1
10154,2026-05-18,19,Metro,Organic,6+
10155,2026-03-02,8,Metro,Organic,6+
10156,2026-04-06,13,Metro,Organic,2-3
10157,2026-01-19,2,Tier-2,Organic,0-1
10158,2026-03-23,11,Metro,Organic,4-5
10159,2026-03-02,8,Tier-2,Flash sale,6+
10160,2026-05-11,18,Metro,Organic,0-1
10161,2026-04-20,15,Tier-2,Flash sale,4-5
10162,2026-05-11,18,Metro,Organic,6+
10163,2026-02-16,6,Metro,Referral,2-3
10164,2026-04-06,13,Metro,Organic,0-1
10165,2026-03-30,12,Tier-3,Organic,0-1
10166,2026-02-09,5,Tier-3,Flash sale,0-1
10167,2026-02-16,6,Tier-2,Paid social,6+
10168,2026-04-06,13,Tier-3,Paid social,2-3
10169,2026-01-19,2,Metro,Organic,0-1
10170,2026-03-02,8,Metro,Paid social,6+
10171,2026-04-13,14,Metro,Flash sale,6+
10172,2026-04-27,16,Tier-3,Paid social,0-1
10173,2026-03-23,11,Metro,Organic,4-5
10174,2026-04-06,13,Metro,Organic,2-3
10175,2026-04-27,16,Tier-2,Organic,0-1
10176,2026-02-02,4,Metro,Referral,0-1
10177,2026-04-06,13,Tier-2,Organic,4-5
10178,2026-04-13,14,Metro,Organic,6+
10179,2026-04-27,16,Tier-2,Flash sale,6+
10180,2026-03-30,12,Tier-3,Paid social,4-5
10181,2026-01-26,3,Tier-2,Flash sale,6+
10182,2026-01-12,1,Metro,Referral,0-1
10183,2026-03-30,12,Metro,Organic,0-1
10184,2026-02-09,5,Metro,Paid social,0-1
10185,2026-02-23,7,Metro,Organic,0-1
10186,2026-03-09,9,Tier-2,Organic,6+
10187,2026-04-13,14,Metro,Flash sale,0-1
10188,2026-02-23,7,Metro,Organic,2-3
10189,2026-03-23,11,Metro,Flash sale,6+
10190,2026-03-09,9,Tier-3,Flash sale,6+
10191,2026-01-12,1,Metro,Organic,0-1
10192,2026-04-06,13,Metro,Organic,0-1
10193,2026-03-16,10,Metro,Organic,0-1
10194,2026-02-02,4,Metro,Organic,0-1
10195,2026-04-13,14,Tier-3,Paid social,2-3
10196,2026-01-12,1,Metro,Flash sale,2-3
10197,2026-02-09,5,Tier-2,Organic,6+
10198,2026-02-02,4,Tier-2,Organic,2-3
10199,2026-04-06,13,Tier-2,Referral,2-3
10200,2026-05-18,19,Tier-2,Referral,2-3
10201,2026-04-27,16,Tier-2,Paid social,4-5
10202,2026-01-19,2,Metro,Organic,2-3
10203,2026-01-12,1,Metro,Flash sale,0-1
10204,2026-04-20,15,Tier-2,Organic,2-3
10205,2026-03-23,11,Tier-2,Referral,4-5
10206,2026-02-23,7,Metro,Flash sale,2-3
10207,2026-05-04,17,Metro,Flash sale,4-5
10208,2026-01-26,3,Metro,Organic,2-3
10209,2026-01-19,2,Metro,Referral,6+
10210,2026-03-09,9,Metro,Organic,6+
10211,2026-02-09,5,Metro,Referral,4-5
10212,2026-02-02,4,Metro,Organic,6+
10213,2026-03-30,12,Tier-2,Referral,0-1
10214,2026-02-16,6,Tier-2,Organic,4-5
10215,2026-03-23,11,Tier-2,Flash sale,2-3
10216,2026-03-23,11,Tier-2,Referral,6+
10217,2026-04-20,15,Metro,Organic,0-1
10218,2026-05-18,19,Metro,Organic,0-1
10219,2026-03-30,12,Tier-2,Organic,0-1
10220,2026-02-09,5,Tier-2,Organic,4-5
10221,2026-03-23,11,Tier-2,Flash sale,6+
10222,2026-03-09,9,Tier-2,Organic,6+
10223,2026-03-09,9,Tier-2,Organic,2-3
10224,2026-02-16,6,Tier-2,Organic,0-1
10225,2026-01-12,1,Tier-2,Organic,6+
10226,2026-02-02,4,Tier-2,Organic,4-5
10227,2026-03-23,11,Metro,Referral,0-1
10228,2026-01-12,1,Metro,Organic,4-5
10229,2026-01-26,3,Metro,Paid social,6+
10230,2026-03-23,11,Metro,Referral,6+
10231,2026-05-18,19,Tier-2,Flash sale,6+
10232,2026-01-26,3,Metro,Paid social,6+
10233,2026-01-12,1,Metro,Flash sale,4-5
10234,2026-02-16,6,Tier-2,Flash sale,4-5
10235,2026-01-12,1,Metro,Organic,0-1
10236,2026-05-04,17,Tier-2,Flash sale,4-5
10237,2026-04-20,15,Metro,Organic,6+
10238,2026-01-19,2,Metro,Flash sale,6+
10239,2026-01-19,2,Metro,Organic,6+
10240,2026-03-16,10,Metro,Flash sale,0-1
10241,2026-03-02,8,Metro,Flash sale,0-1
10242,2026-04-06,13,Metro,Organic,6+
10243,2026-05-11,18,Metro,Organic,6+
10244,2026-02-16,6,Metro,Referral,4-5
10245,2026-04-20,15,Tier-2,Organic,6+
10246,2026-02-16,6,Metro,Organic,4-5
10247,2026-02-02,4,Metro,Organic,0-1
10248,2026-05-18,19,Metro,Paid social,4-5
10249,2026-02-09,5,Tier-3,Flash sale,2-3
10250,2026-01-19,2,Tier-2,Flash sale,6+
10251,2026-03-23,11,Tier-3,Referral,2-3
10252,2026-03-23,11,Tier-3,Flash sale,0-1
10253,2026-03-09,9,Metro,Referral,2-3
10254,2026-01-12,1,Tier-2,Flash sale,2-3
10255,2026-01-19,2,Metro,Paid social,6+
10256,2026-04-20,15,Tier-3,Flash sale,0-1
10257,2026-01-26,3,Metro,Organic,6+
10258,2026-02-09,5,Metro,Organic,0-1
10259,2026-04-27,16,Tier-3,Organic,0-1
10260,2026-02-16,6,Tier-2,Flash sale,2-3
10261,2026-02-16,6,Tier-3,Paid social,4-5
10262,2026-05-11,18,Metro,Referral,6+
10263,2026-04-20,15,Metro,Referral,4-5
10264,2026-04-13,14,Metro,Flash sale,0-1
10265,2026-01-26,3,Metro,Paid social,2-3
10266,2026-02-09,5,Metro,Referral,6+
10267,2026-03-23,11,Metro,Organic,4-5
10268,2026-04-27,16,Tier-2,Flash sale,0-1
10269,2026-03-16,10,Metro,Flash sale,4-5
10270,2026-04-13,14,Tier-2,Organic,4-5
10271,2026-02-16,6,Tier-3,Organic,2-3
10272,2026-02-23,7,Tier-2,Organic,4-5
10273,2026-03-30,12,Metro,Organic,2-3
10274,2026-03-23,11,Metro,Organic,0-1
10275,2026-01-19,2,Metro,Paid social,6+
10276,2026-02-23,7,Tier-2,Organic,2-3
10277,2026-05-04,17,Metro,Referral,2-3
10278,2026-03-16,10,Metro,Organic,0-1
10279,2026-04-13,14,Tier-3,Paid social,2-3
10280,2026-04-27,16,Tier-2,Referral,4-5
10281,2026-02-09,5,Tier-2,Paid social,6+
10282,2026-02-02,4,Metro,Flash sale,6+
10283,2026-03-23,11,Tier-3,Flash sale,6+
10284,2026-03-09,9,Metro,Organic,6+
10285,2026-05-11,18,Metro,Flash sale,4-5
10286,2026-01-26,3,Tier-3,Referral,6+
10287,2026-03-02,8,Tier-3,Organic,2-3
10288,2026-01-05,0,Metro,Organic,4-5
10289,2026-02-23,7,Metro,Paid social,4-5
10290,2026-03-23,11,Metro,Organic,2-3
10291,2026-04-20,15,Tier-2,Referral,4-5
10292,2026-04-27,16,Tier-2,Organic,4-5
10293,2026-01-05,0,Metro,Organic,2-3
10294,2026-05-04,17,Metro,Organic,6+
10295,2026-04-06,13,Tier-2,Flash sale,0-1
10296,2026-02-02,4,Tier-2,Referral,2-3
10297,2026-02-02,4,Metro,Paid social,2-3
10298,2026-04-20,15,Tier-2,Organic,6+
10299,2026-04-06,13,Tier-3,Organic,4-5
10300,2026-02-02,4,Metro,Referral,6+
10301,2026-03-02,8,Tier-2,Organic,6+
10302,2026-05-04,17,Tier-2,Organic,2-3
10303,2026-01-05,0,Metro,Flash sale,4-5
10304,2026-03-16,10,Tier-3,Referral,0-1
10305,2026-05-04,17,Tier-2,Organic,0-1
10306,2026-01-05,0,Metro,Organic,2-3
10307,2026-03-16,10,Metro,Paid social,2-3
10308,2026-03-23,11,Tier-2,Paid social,4-5
10309,2026-02-16,6,Metro,Flash sale,4-5
10310,2026-03-16,10,Metro,Flash sale,0-1
10311,2026-04-13,14,Metro,Paid social,2-3
10312,2026-02-09,5,Tier-2,Flash sale,2-3
10313,2026-03-09,9,Tier-3,Referral,0-1
10314,2026-03-16,10,Tier-2,Flash sale,4-5
10315,2026-01-05,0,Tier-2,Organic,6+
10316,2026-02-02,4,Metro,Referral,6+
10317,2026-04-06,13,Metro,Flash sale,6+
10318,2026-03-09,9,Tier-3,Organic,6+
10319,2026-05-18,19,Metro,Flash sale,6+
10320,2026-05-04,17,Tier-2,Referral,0-1
10321,2026-02-02,4,Metro,Organic,2-3
10322,2026-05-18,19,Metro,Referral,4-5
10323,2026-05-04,17,Tier-2,Organic,6+
10324,2026-03-02,8,Metro,Flash sale,2-3
10325,2026-03-30,12,Metro,Paid social,4-5
10326,2026-02-09,5,Metro,Paid social,6+
10327,2026-01-12,1,Metro,Paid social,4-5
10328,2026-02-02,4,Metro,Flash sale,0-1
10329,2026-04-13,14,Tier-3,Flash sale,0-1
10330,2026-03-23,11,Metro,Flash sale,2-3
10331,2026-03-02,8,Tier-2,Organic,0-1
10332,2026-03-09,9,Tier-2,Flash sale,4-5
10333,2026-04-20,15,Metro,Flash sale,0-1
10334,2026-04-06,13,Metro,Flash sale,6+
10335,2026-03-30,12,Tier-3,Flash sale,6+
10336,2026-03-16,10,Tier-2,Organic,6+
10337,2026-01-05,0,Tier-3,Organic,4-5
10338,2026-02-16,6,Metro,Organic,0-1
10339,2026-01-19,2,Tier-2,Flash sale,6+
10340,2026-04-20,15,Tier-2,Organic,0-1
10341,2026-02-23,7,Tier-3,Paid social,4-5
10342,2026-02-02,4,Metro,Organic,6+
10343,2026-03-09,9,Tier-3,Referral,0-1
10344,2026-03-09,9,Metro,Organic,2-3
10345,2026-05-11,18,Tier-2,Paid social,2-3
10346,2026-01-26,3,Metro,Referral,0-1
10347,2026-04-27,16,Tier-2,Paid social,0-1
10348,2026-02-02,4,Metro,Paid social,6+
10349,2026-04-27,16,Tier-2,Referral,6+
10350,2026-03-16,10,Metro,Organic,0-1
10351,2026-03-16,10,Metro,Flash sale,2-3
10352,2026-04-13,14,Tier-2,Organic,2-3
10353,2026-01-12,1,Tier-2,Paid social,0-1
10354,2026-04-20,15,Metro,Paid social,0-1
10355,2026-04-13,14,Tier-2,Organic,4-5
10356,2026-01-26,3,Metro,Flash sale,2-3
10357,2026-01-12,1,Tier-2,Organic,6+
10358,2026-04-13,14,Tier-2,Flash sale,2-3
10359,2026-01-12,1,Tier-2,Flash sale,4-5
10360,2026-03-23,11,Tier-2,Flash sale,2-3
10361,2026-02-09,5,Metro,Paid social,0-1
10362,2026-04-13,14,Metro,Organic,4-5
10363,2026-05-11,18,Tier-2,Referral,4-5
10364,2026-04-27,16,Metro,Flash sale,4-5
10365,2026-04-13,14,Metro,Organic,0-1
10366,2026-03-30,12,Tier-2,Flash sale,4-5
10367,2026-01-12,1,Metro,Organic,4-5
10368,2026-05-11,18,Metro,Flash sale,2-3
10369,2026-05-11,18,Tier-3,Paid social,4-5
10370,2026-01-12,1,Metro,Organic,0-1
10371,2026-04-20,15,Metro,Organic,0-1
10372,2026-01-19,2,Metro,Flash sale,0-1
10373,2026-03-30,12,Metro,Organic,2-3
10374,2026-02-02,4,Tier-2,Organic,6+
10375,2026-01-19,2,Tier-2,Flash sale,0-1
10376,2026-02-02,4,Tier-2,Flash sale,2-3
10377,2026-02-16,6,Metro,Referral,2-3
10378,2026-02-16,6,Metro,Flash sale,6+
10379,2026-02-16,6,Metro,Flash sale,4-5
10380,2026-03-09,9,Tier-2,Organic,0-1
10381,2026-03-30,12,Tier-2,Organic,2-3
10382,2026-03-09,9,Metro,Flash sale,4-5
10383,2026-03-23,11,Tier-2,Referral,0-1
10384,2026-02-23,7,Tier-2,Paid social,0-1
10385,2026-02-09,5,Metro,Organic,4-5
10386,2026-01-19,2,Tier-2,Flash sale,6+
10387,2026-02-16,6,Tier-2,Flash sale,4-5
10388,2026-01-26,3,Metro,Organic,0-1
10389,2026-03-16,10,Metro,Referral,6+
10390,2026-04-06,13,Tier-2,Organic,0-1
10391,2026-04-27,16,Tier-3,Paid social,6+
10392,2026-02-09,5,Tier-2,Flash sale,2-3
10393,2026-01-19,2,Tier-2,Organic,2-3
10394,2026-04-27,16,Tier-2,Referral,6+
10395,2026-04-13,14,Metro,Organic,2-3
10396,2026-02-16,6,Metro,Referral,4-5
10397,2026-05-18,19,Metro,Referral,4-5
10398,2026-03-30,12,Tier-3,Flash sale,0-1
10399,2026-04-13,14,Tier-2,Organic,6+
10400,2026-02-23,7,Tier-3,Flash sale,2-3
10401,2026-03-02,8,Metro,Flash sale,2-3
10402,2026-02-16,6,Metro,Flash sale,2-3
10403,2026-04-13,14,Tier-2,Flash sale,6+
10404,2026-04-27,16,Metro,Flash sale,4-5
10405,2026-05-04,17,Metro,Referral,4-5
10406,2026-02-16,6,Tier-2,Referral,4-5
10407,2026-04-20,15,Tier-2,Flash sale,2-3
10408,2026-04-06,13,Tier-2,Organic,4-5
10409,2026-01-05,0,Metro,Flash sale,6+
10410,2026-04-20,15,Metro,Flash sale,0-1
10411,2026-01-19,2,Metro,Referral,0-1
10412,2026-01-19,2,Metro,Referral,0-1
10413,2026-01-19,2,Metro,Paid social,6+
10414,2026-03-16,10,Metro,Organic,4-5
10415,2026-01-05,0,Tier-3,Referral,2-3
10416,2026-03-16,10,Metro,Paid social,0-1
10417,2026-04-13,14,Metro,Organic,4-5
10418,2026-03-16,10,Metro,Organic,4-5
10419,2026-02-09,5,Tier-2,Organic,4-5
10420,2026-02-16,6,Metro,Flash sale,4-5
10421,2026-04-13,14,Metro,Flash sale,0-1
10422,2026-02-16,6,Metro,Organic,4-5
10423,2026-04-06,13,Metro,Flash sale,4-5
10424,2026-04-06,13,Tier-2,Referral,2-3
10425,2026-03-16,10,Metro,Paid social,2-3
10426,2026-02-23,7,Metro,Referral,4-5
10427,2026-01-12,1,Tier-2,Paid social,2-3
10428,2026-04-13,14,Metro,Flash sale,6+
10429,2026-02-16,6,Tier-2,Referral,0-1
10430,2026-03-09,9,Metro,Flash sale,0-1
10431,2026-01-05,0,Tier-2,Paid social,6+
10432,2026-04-13,14,Metro,Paid social,4-5
10433,2026-05-11,18,Metro,Flash sale,6+
10434,2026-05-04,17,Metro,Flash sale,0-1
10435,2026-02-16,6,Tier-3,Organic,0-1
10436,2026-01-12,1,Metro,Organic,6+
10437,2026-01-12,1,Tier-3,Organic,6+
10438,2026-02-23,7,Tier-3,Organic,6+
10439,2026-01-05,0,Metro,Flash sale,6+
10440,2026-01-26,3,Metro,Organic,0-1
10441,2026-03-30,12,Metro,Paid social,0-1
10442,2026-01-05,0,Tier-3,Flash sale,2-3
10443,2026-03-30,12,Tier-2,Referral,6+
10444,2026-05-04,17,Metro,Flash sale,4-5
10445,2026-05-18,19,Metro,Organic,0-1
10446,2026-05-18,19,Tier-2,Organic,4-5
10447,2026-02-09,5,Metro,Paid social,6+
10448,2026-03-30,12,Metro,Organic,0-1
10449,2026-01-05,0,Metro,Flash sale,4-5
10450,2026-02-02,4,Metro,Organic,4-5
10451,2026-04-20,15,Tier-3,Organic,6+
10452,2026-02-02,4,Tier-2,Organic,4-5
10453,2026-02-16,6,Metro,Flash sale,2-3
10454,2026-03-02,8,Metro,Organic,6+
10455,2026-02-16,6,Tier-2,Paid social,2-3
10456,2026-04-13,14,Metro,Organic,4-5
10457,2026-05-11,18,Metro,Organic,6+
10458,2026-03-16,10,Metro,Organic,4-5
10459,2026-03-23,11,Tier-2,Paid social,4-5
10460,2026-04-13,14,Tier-3,Flash sale,6+
10461,2026-03-02,8,Tier-2,Flash sale,4-5
10462,2026-03-09,9,Metro,Flash sale,2-3
10463,2026-05-18,19,Tier-2,Paid social,4-5
10464,2026-02-23,7,Metro,Organic,2-3
10465,2026-02-09,5,Tier-3,Referral,4-5
10466,2026-01-05,0,Metro,Referral,0-1
10467,2026-01-05,0,Metro,Organic,0-1
10468,2026-04-20,15,Metro,Organic,2-3
10469,2026-02-02,4,Metro,Flash sale,0-1
10470,2026-04-13,14,Metro,Organic,4-5
10471,2026-01-05,0,Tier-2,Organic,0-1
10472,2026-04-20,15,Tier-2,Flash sale,2-3
10473,2026-03-02,8,Tier-2,Organic,0-1
10474,2026-04-27,16,Metro,Referral,6+
10475,2026-04-27,16,Metro,Flash sale,6+
10476,2026-03-23,11,Metro,Flash sale,0-1
10477,2026-05-18,19,Metro,Flash sale,2-3
10478,2026-05-11,18,Metro,Flash sale,6+
10479,2026-04-13,14,Tier-3,Flash sale,2-3
10480,2026-03-09,9,Tier-3,Paid social,6+
10481,2026-05-11,18,Metro,Organic,0-1
10482,2026-05-18,19,Tier-2,Flash sale,2-3
10483,2026-03-02,8,Tier-2,Referral,6+
10484,2026-02-16,6,Metro,Flash sale,0-1
10485,2026-02-16,6,Tier-2,Organic,0-1
10486,2026-05-11,18,Metro,Organic,4-5
10487,2026-01-26,3,Metro,Flash sale,0-1
10488,2026-01-05,0,Tier-3,Referral,2-3
10489,2026-03-16,10,Tier-2,Referral,6+
10490,2026-05-18,19,Metro,Flash sale,6+
10491,2026-02-16,6,Metro,Organic,0-1
10492,2026-03-16,10,Tier-3,Referral,2-3
10493,2026-01-19,2,Metro,Flash sale,6+
10494,2026-04-27,16,Tier-3,Paid social,2-3
10495,2026-05-11,18,Tier-3,Referral,2-3
10496,2026-03-30,12,Metro,Flash sale,4-5
10497,2026-01-19,2,Tier-2,Flash sale,6+
10498,2026-01-12,1,Tier-2,Flash sale,0-1
10499,2026-04-13,14,Tier-2,Organic,0-1
10500,2026-01-19,2,Metro,Flash sale,0-1
10501,2026-01-12,1,Metro,Organic,2-3
10502,2026-05-04,17,Metro,Organic,2-3
10503,2026-03-16,10,Tier-2,Referral,2-3
10504,2026-03-23,11,Tier-2,Organic,2-3
10505,2026-04-06,13,Tier-2,Referral,4-5
10506,2026-02-16,6,Tier-2,Flash sale,2-3
10507,2026-02-02,4,Metro,Referral,6+
10508,2026-03-16,10,Metro,Referral,2-3
10509,2026-01-12,1,Tier-2,Referral,0-1
10510,2026-02-09,5,Metro,Flash sale,6+
10511,2026-03-23,11,Tier-2,Paid social,4-5
10512,2026-05-11,18,Metro,Flash sale,0-1
10513,2026-03-30,12,Metro,Referral,0-1
10514,2026-04-20,15,Tier-3,Flash sale,0-1
10515,2026-02-16,6,Metro,Organic,6+
10516,2026-01-12,1,Metro,Flash sale,4-5
10517,2026-02-23,7,Tier-2,Flash sale,6+
10518,2026-04-06,13,Tier-2,Organic,2-3
10519,2026-01-05,0,Tier-3,Organic,0-1
10520,2026-05-04,17,Tier-3,Organic,2-3
10521,2026-02-09,5,Tier-2,Paid social,0-1
10522,2026-04-06,13,Metro,Flash sale,0-1
10523,2026-05-04,17,Metro,Organic,6+
10524,2026-03-30,12,Tier-3,Referral,2-3
10525,2026-01-26,3,Metro,Flash sale,6+
10526,2026-02-09,5,Tier-3,Referral,4-5
10527,2026-03-09,9,Tier-2,Flash sale,4-5
10528,2026-05-18,19,Metro,Organic,6+
10529,2026-04-06,13,Metro,Organic,2-3
10530,2026-03-30,12,Tier-2,Referral,2-3
10531,2026-04-27,16,Metro,Referral,6+
10532,2026-01-19,2,Metro,Referral,6+
10533,2026-01-12,1,Tier-2,Organic,2-3
10534,2026-03-23,11,Metro,Referral,6+
10535,2026-03-23,11,Metro,Flash sale,6+
10536,2026-02-09,5,Tier-2,Flash sale,0-1
10537,2026-03-30,12,Tier-2,Organic,6+
10538,2026-01-26,3,Metro,Referral,0-1
10539,2026-01-26,3,Tier-3,Paid social,6+
10540,2026-05-04,17,Tier-3,Organic,6+
10541,2026-01-05,0,Metro,Referral,6+
10542,2026-03-23,11,Metro,Flash sale,2-3
10543,2026-04-27,16,Tier-2,Organic,6+
10544,2026-04-13,14,Metro,Organic,4-5
10545,2026-03-02,8,Tier-2,Referral,0-1
10546,2026-02-16,6,Tier-2,Organic,6+
10547,2026-01-12,1,Metro,Organic,6+
10548,2026-01-19,2,Tier-2,Paid social,2-3
10549,2026-03-23,11,Metro,Flash sale,0-1
10550,2026-03-16,10,Tier-3,Referral,4-5
10551,2026-02-23,7,Metro,Flash sale,2-3
10552,2026-02-09,5,Tier-3,Flash sale,4-5
10553,2026-01-12,1,Metro,Referral,2-3
10554,2026-01-19,2,Tier-2,Organic,0-1
10555,2026-02-09,5,Tier-3,Organic,0-1
10556,2026-05-11,18,Metro,Flash sale,4-5
10557,2026-02-16,6,Metro,Paid social,2-3
10558,2026-01-19,2,Tier-2,Organic,0-1
10559,2026-03-23,11,Tier-2,Paid social,4-5
10560,2026-01-19,2,Metro,Referral,6+
10561,2026-03-02,8,Metro,Flash sale,0-1
10562,2026-04-13,14,Tier-2,Flash sale,0-1
10563,2026-01-19,2,Metro,Organic,2-3
10564,2026-05-11,18,Tier-2,Flash sale,6+
10565,2026-03-30,12,Metro,Organic,2-3
10566,2026-05-11,18,Metro,Flash sale,6+
10567,2026-04-13,14,Tier-2,Organic,4-5
10568,2026-05-18,19,Metro,Paid social,6+
10569,2026-03-16,10,Tier-3,Organic,4-5
10570,2026-01-05,0,Tier-2,Flash sale,2-3
10571,2026-01-12,1,Metro,Organic,4-5
10572,2026-01-26,3,Metro,Organic,0-1
10573,2026-01-19,2,Metro,Organic,6+
10574,2026-04-27,16,Tier-2,Referral,0-1
10575,2026-05-11,18,Tier-2,Flash sale,4-5
10576,2026-03-30,12,Tier-2,Flash sale,4-5
10577,2026-01-26,3,Metro,Referral,0-1
10578,2026-05-18,19,Metro,Organic,2-3
10579,2026-02-16,6,Metro,Referral,4-5
10580,2026-05-04,17,Tier-2,Organic,6+
10581,2026-04-06,13,Metro,Paid social,2-3
10582,2026-03-02,8,Metro,Paid social,0-1
10583,2026-04-20,15,Metro,Referral,0-1
10584,2026-04-06,13,Metro,Organic,4-5
10585,2026-05-11,18,Tier-2,Flash sale,6+
10586,2026-03-30,12,Tier-2,Referral,2-3
10587,2026-02-23,7,Tier-3,Flash sale,0-1
10588,2026-01-12,1,Metro,Organic,0-1
10589,2026-05-18,19,Tier-2,Flash sale,6+
10590,2026-04-20,15,Metro,Organic,4-5
10591,2026-01-19,2,Tier-2,Flash sale,0-1
10592,2026-03-30,12,Tier-2,Organic,2-3
10593,2026-04-27,16,Metro,Flash sale,4-5
10594,2026-04-06,13,Tier-2,Organic,4-5
10595,2026-02-09,5,Metro,Organic,2-3
10596,2026-01-19,2,Metro,Organic,4-5
10597,2026-05-11,18,Metro,Paid social,6+
10598,2026-02-23,7,Metro,Flash sale,6+
10599,2026-05-04,17,Tier-3,Flash sale,6+
10600,2026-03-09,9,Tier-2,Referral,2-3
10601,2026-04-20,15,Tier-2,Flash sale,0-1
10602,2026-02-02,4,Tier-3,Flash sale,2-3
10603,2026-03-30,12,Tier-2,Flash sale,0-1
10604,2026-03-23,11,Metro,Organic,4-5
10605,2026-02-02,4,Metro,Flash sale,4-5
10606,2026-04-06,13,Metro,Organic,2-3
10607,2026-03-09,9,Tier-3,Paid social,0-1
10608,2026-04-06,13,Tier-3,Flash sale,4-5
10609,2026-01-05,0,Tier-2,Organic,0-1
10610,2026-01-19,2,Metro,Flash sale,2-3
10611,2026-04-13,14,Metro,Organic,6+
10612,2026-05-18,19,Tier-3,Flash sale,6+
10613,2026-01-19,2,Metro,Paid social,4-5
10614,2026-01-05,0,Tier-2,Referral,2-3
10615,2026-02-09,5,Metro,Referral,0-1
10616,2026-01-05,0,Metro,Flash sale,4-5
10617,2026-02-02,4,Tier-2,Flash sale,2-3
10618,2026-04-06,13,Tier-3,Organic,4-5
10619,2026-04-20,15,Tier-2,Flash sale,0-1
10620,2026-03-30,12,Metro,Flash sale,6+
10621,2026-03-02,8,Metro,Organic,6+
10622,2026-01-26,3,Tier-3,Organic,2-3
10623,2026-03-16,10,Tier-2,Organic,0-1
10624,2026-05-18,19,Metro,Organic,2-3
10625,2026-02-02,4,Tier-2,Organic,2-3
10626,2026-03-16,10,Metro,Flash sale,6+
10627,2026-02-16,6,Metro,Flash sale,0-1
10628,2026-02-23,7,Tier-3,Flash sale,0-1
10629,2026-03-16,10,Tier-2,Organic,6+
10630,2026-01-26,3,Metro,Flash sale,0-1
10631,2026-01-26,3,Metro,Referral,0-1
10632,2026-01-05,0,Tier-3,Organic,6+
10633,2026-04-06,13,Tier-2,Organic,4-5
10634,2026-05-11,18,Tier-2,Flash sale,2-3
10635,2026-03-02,8,Metro,Organic,2-3
10636,2026-03-30,12,Tier-3,Organic,4-5
10637,2026-05-18,19,Tier-3,Flash sale,6+
10638,2026-04-20,15,Metro,Organic,2-3
10639,2026-02-02,4,Metro,Referral,0-1
10640,2026-04-20,15,Tier-2,Referral,0-1
10641,2026-02-23,7,Tier-2,Flash sale,6+
10642,2026-05-18,19,Tier-2,Flash sale,6+
10643,2026-05-11,18,Tier-3,Paid social,6+
10644,2026-01-05,0,Tier-2,Flash sale,4-5
10645,2026-05-04,17,Metro,Paid social,0-1
10646,2026-02-02,4,Metro,Referral,0-1
10647,2026-03-09,9,Tier-2,Organic,0-1
10648,2026-04-13,14,Metro,Organic,2-3
10649,2026-01-19,2,Metro,Organic,6+
10650,2026-01-05,0,Tier-2,Referral,4-5
10651,2026-03-02,8,Metro,Organic,2-3
10652,2026-03-23,11,Tier-2,Flash sale,4-5
10653,2026-03-23,11,Metro,Flash sale,6+
10654,2026-05-18,19,Metro,Referral,2-3
10655,2026-02-09,5,Metro,Referral,6+
10656,2026-04-13,14,Tier-2,Organic,0-1
10657,2026-01-26,3,Tier-2,Organic,2-3
10658,2026-03-02,8,Metro,Flash sale,0-1
10659,2026-03-16,10,Metro,Referral,0-1
10660,2026-03-02,8,Metro,Referral,0-1
10661,2026-01-26,3,Tier-2,Flash sale,2-3
10662,2026-01-26,3,Tier-3,Referral,4-5
10663,2026-05-04,17,Tier-2,Flash sale,4-5
10664,2026-05-18,19,Metro,Organic,2-3
10665,2026-01-12,1,Tier-2,Paid social,2-3
10666,2026-02-02,4,Metro,Flash sale,0-1
10667,2026-05-18,19,Metro,Referral,4-5
10668,2026-01-19,2,Metro,Organic,6+
10669,2026-03-16,10,Metro,Flash sale,4-5
10670,2026-02-09,5,Metro,Organic,6+
10671,2026-05-18,19,Tier-2,Flash sale,6+
10672,2026-04-13,14,Metro,Organic,6+
10673,2026-04-20,15,Tier-2,Referral,0-1
10674,2026-01-12,1,Tier-3,Organic,0-1
10675,2026-01-26,3,Tier-2,Organic,2-3
10676,2026-04-20,15,Metro,Organic,0-1
10677,2026-02-02,4,Tier-2,Flash sale,0-1
10678,2026-03-02,8,Metro,Flash sale,0-1
10679,2026-01-19,2,Metro,Flash sale,0-1
10680,2026-01-05,0,Metro,Flash sale,2-3
10681,2026-04-13,14,Tier-2,Flash sale,2-3
10682,2026-01-26,3,Tier-2,Flash sale,6+
10683,2026-01-26,3,Tier-2,Organic,6+
10684,2026-04-27,16,Tier-2,Flash sale,0-1
10685,2026-04-13,14,Metro,Paid social,2-3
10686,2026-02-02,4,Tier-2,Flash sale,4-5
10687,2026-05-04,17,Tier-3,Paid social,2-3
10688,2026-05-18,19,Metro,Organic,2-3
10689,2026-03-02,8,Tier-3,Referral,4-5
10690,2026-03-09,9,Tier-3,Referral,2-3
10691,2026-04-06,13,Metro,Flash sale,4-5
10692,2026-01-19,2,Metro,Flash sale,0-1
10693,2026-05-04,17,Metro,Organic,2-3
10694,2026-01-19,2,Tier-2,Referral,2-3
10695,2026-04-20,15,Metro,Flash sale,2-3
10696,2026-03-23,11,Metro,Flash sale,2-3
10697,2026-01-19,2,Tier-2,Organic,2-3
10698,2026-03-02,8,Tier-3,Organic,6+
10699,2026-02-09,5,Tier-2,Paid social,0-1
10700,2026-05-11,18,Tier-2,Organic,6+
10701,2026-03-16,10,Metro,Organic,2-3
10702,2026-02-23,7,Metro,Organic,4-5
10703,2026-02-09,5,Tier-2,Flash sale,0-1
10704,2026-01-19,2,Metro,Referral,6+
10705,2026-03-16,10,Tier-2,Paid social,4-5
10706,2026-03-16,10,Tier-3,Flash sale,6+
10707,2026-05-18,19,Tier-2,Organic,6+
10708,2026-03-30,12,Tier-2,Organic,6+
10709,2026-03-09,9,Tier-2,Organic,2-3
10710,2026-02-23,7,Tier-2,Flash sale,2-3
10711,2026-02-09,5,Metro,Paid social,0-1
10712,2026-03-30,12,Metro,Organic,4-5
10713,2026-01-19,2,Metro,Organic,6+
10714,2026-01-05,0,Tier-2,Flash sale,4-5
10715,2026-05-11,18,Metro,Flash sale,4-5
10716,2026-01-05,0,Metro,Flash sale,2-3
10717,2026-02-02,4,Tier-2,Flash sale,4-5
10718,2026-03-23,11,Metro,Organic,2-3
10719,2026-01-26,3,Tier-2,Flash sale,6+
10720,2026-04-06,13,Metro,Organic,4-5
10721,2026-03-23,11,Metro,Referral,4-5
10722,2026-01-12,1,Metro,Organic,4-5
10723,2026-03-09,9,Metro,Flash sale,4-5
10724,2026-04-27,16,Tier-3,Paid social,2-3
10725,2026-02-23,7,Tier-3,Flash sale,2-3
10726,2026-04-06,13,Tier-2,Organic,2-3
10727,2026-03-23,11,Tier-2,Paid social,6+
10728,2026-03-09,9,Tier-2,Organic,0-1
10729,2026-03-23,11,Tier-3,Referral,4-5
10730,2026-03-09,9,Metro,Organic,6+
10731,2026-01-12,1,Metro,Paid social,0-1
10732,2026-03-02,8,Tier-2,Organic,4-5
10733,2026-03-02,8,Tier-3,Organic,4-5
10734,2026-04-20,15,Metro,Paid social,2-3
10735,2026-04-13,14,Metro,Flash sale,0-1
10736,2026-03-23,11,Metro,Organic,4-5
10737,2026-02-23,7,Metro,Organic,4-5
10738,2026-03-30,12,Tier-2,Organic,6+
10739,2026-05-18,19,Metro,Organic,0-1
10740,2026-04-27,16,Tier-3,Flash sale,6+
10741,2026-02-02,4,Tier-2,Flash sale,4-5
10742,2026-02-09,5,Metro,Paid social,2-3
10743,2026-03-09,9,Tier-2,Referral,2-3
10744,2026-04-06,13,Tier-2,Paid social,6+
10745,2026-04-06,13,Metro,Flash sale,4-5
10746,2026-04-20,15,Metro,Flash sale,4-5
10747,2026-03-16,10,Tier-2,Flash sale,4-5
10748,2026-04-27,16,Metro,Organic,2-3
10749,2026-01-05,0,Metro,Organic,2-3
10750,2026-02-02,4,Metro,Referral,6+
10751,2026-03-16,10,Metro,Flash sale,2-3
10752,2026-03-16,10,Tier-2,Organic,0-1
10753,2026-05-18,19,Metro,Flash sale,2-3
10754,2026-04-06,13,Tier-2,Organic,0-1
10755,2026-03-02,8,Metro,Flash sale,4-5
10756,2026-03-23,11,Tier-2,Organic,4-5
10757,2026-01-19,2,Metro,Paid social,6+
10758,2026-02-23,7,Tier-3,Flash sale,4-5
10759,2026-01-05,0,Tier-3,Flash sale,2-3
10760,2026-01-26,3,Metro,Referral,4-5
10761,2026-03-02,8,Tier-2,Paid social,4-5
10762,2026-01-05,0,Metro,Referral,4-5
10763,2026-01-26,3,Tier-2,Flash sale,6+
10764,2026-05-04,17,Tier-2,Organic,0-1
10765,2026-04-27,16,Metro,Flash sale,4-5
10766,2026-03-23,11,Metro,Referral,6+
10767,2026-05-18,19,Metro,Paid social,2-3
10768,2026-01-05,0,Tier-2,Flash sale,2-3
10769,2026-05-11,18,Tier-2,Flash sale,2-3
10770,2026-03-09,9,Metro,Organic,2-3
10771,2026-02-23,7,Metro,Organic,6+
10772,2026-04-20,15,Metro,Organic,2-3
10773,2026-03-09,9,Tier-2,Organic,2-3
10774,2026-03-30,12,Metro,Flash sale,4-5
10775,2026-02-16,6,Metro,Organic,2-3
10776,2026-03-16,10,Tier-3,Flash sale,4-5
10777,2026-01-19,2,Metro,Flash sale,4-5
10778,2026-02-02,4,Tier-2,Organic,0-1
10779,2026-03-23,11,Metro,Flash sale,0-1
10780,2026-05-11,18,Metro,Organic,0-1
10781,2026-01-26,3,Tier-2,Organic,4-5
10782,2026-03-23,11,Metro,Paid social,6+
10783,2026-01-12,1,Metro,Organic,6+
10784,2026-03-16,10,Tier-3,Organic,4-5
10785,2026-04-27,16,Tier-3,Flash sale,6+
10786,2026-02-16,6,Tier-2,Organic,6+
10787,2026-04-20,15,Metro,Organic,4-5
10788,2026-02-23,7,Metro,Referral,2-3
10789,2026-05-11,18,Metro,Flash sale,6+
10790,2026-03-30,12,Tier-3,Flash sale,4-5
10791,2026-02-16,6,Tier-2,Paid social,6+
10792,2026-02-09,5,Metro,Organic,0-1
10793,2026-05-04,17,Tier-3,Flash sale,6+
10794,2026-03-09,9,Metro,Organic,2-3
10795,2026-02-23,7,Tier-2,Organic,6+
10796,2026-03-23,11,Metro,Paid social,2-3
10797,2026-01-12,1,Metro,Referral,6+
10798,2026-01-26,3,Tier-3,Organic,4-5
10799,2026-03-09,9,Tier-3,Flash sale,0-1
10800,2026-02-09,5,Metro,Organic,0-1
10801,2026-03-23,11,Metro,Flash sale,0-1
10802,2026-02-16,6,Tier-2,Organic,2-3
10803,2026-03-02,8,Metro,Paid social,0-1
10804,2026-04-20,15,Tier-2,Organic,4-5
10805,2026-04-20,15,Tier-2,Organic,4-5
10806,2026-02-09,5,Metro,Paid social,4-5
10807,2026-02-23,7,Metro,Paid social,6+
10808,2026-03-30,12,Metro,Organic,6+
10809,2026-05-11,18,Tier-3,Flash sale,6+
10810,2026-03-16,10,Metro,Paid social,4-5
10811,2026-01-12,1,Tier-2,Flash sale,6+
10812,2026-03-23,11,Metro,Flash sale,6+
10813,2026-04-13,14,Tier-2,Flash sale,6+
10814,2026-05-11,18,Metro,Paid social,2-3
10815,2026-05-11,18,Metro,Flash sale,4-5
10816,2026-04-06,13,Tier-2,Organic,6+
10817,2026-03-23,11,Tier-2,Flash sale,2-3
10818,2026-01-26,3,Metro,Referral,4-5
10819,2026-05-04,17,Metro,Flash sale,4-5
10820,2026-03-09,9,Tier-3,Organic,0-1
10821,2026-04-06,13,Metro,Flash sale,0-1
10822,2026-04-13,14,Metro,Flash sale,4-5
10823,2026-01-05,0,Metro,Paid social,6+
10824,2026-02-23,7,Metro,Organic,4-5
10825,2026-04-06,13,Tier-2,Referral,4-5
10826,2026-03-09,9,Tier-2,Flash sale,0-1
10827,2026-04-06,13,Metro,Organic,0-1
10828,2026-03-23,11,Tier-2,Flash sale,4-5
10829,2026-01-05,0,Metro,Organic,4-5
10830,2026-02-16,6,Tier-2,Referral,0-1
10831,2026-03-02,8,Metro,Referral,4-5
10832,2026-02-23,7,Metro,Organic,0-1
10833,2026-01-05,0,Tier-2,Flash sale,6+
10834,2026-01-05,0,Metro,Paid social,0-1
10835,2026-02-09,5,Metro,Organic,6+
10836,2026-05-04,17,Metro,Paid social,0-1
10837,2026-05-18,19,Tier-2,Organic,2-3
10838,2026-04-27,16,Metro,Organic,6+
10839,2026-05-11,18,Tier-2,Flash sale,6+
10840,2026-05-11,18,Tier-2,Organic,2-3
10841,2026-04-06,13,Tier-2,Paid social,0-1
10842,2026-01-19,2,Metro,Flash sale,0-1
10843,2026-02-23,7,Tier-2,Flash sale,2-3
10844,2026-04-13,14,Metro,Flash sale,4-5
10845,2026-02-23,7,Tier-3,Flash sale,2-3
10846,2026-02-09,5,Tier-2,Referral,6+
10847,2026-01-05,0,Metro,Flash sale,6+
10848,2026-02-16,6,Tier-2,Referral,2-3
10849,2026-02-16,6,Metro,Flash sale,6+
10850,2026-04-27,16,Metro,Organic,2-3
10851,2026-04-20,15,Metro,Flash sale,0-1
10852,2026-01-19,2,Tier-2,Flash sale,6+
10853,2026-03-16,10,Tier-2,Organic,4-5
10854,2026-05-11,18,Tier-3,Flash sale,2-3
10855,2026-03-09,9,Metro,Organic,6+
10856,2026-05-18,19,Tier-2,Organic,6+
10857,2026-01-12,1,Tier-2,Referral,6+
10858,2026-02-16,6,Tier-2,Referral,6+
10859,2026-05-11,18,Metro,Organic,2-3
10860,2026-04-13,14,Metro,Paid social,4-5
10861,2026-02-09,5,Tier-2,Paid social,0-1
10862,2026-05-04,17,Metro,Paid social,4-5
10863,2026-02-23,7,Metro,Organic,2-3
10864,2026-04-20,15,Metro,Organic,6+
10865,2026-02-16,6,Metro,Flash sale,6+
10866,2026-02-16,6,Metro,Referral,2-3
10867,2026-02-16,6,Metro,Flash sale,2-3
10868,2026-02-23,7,Tier-2,Flash sale,0-1
10869,2026-03-23,11,Tier-3,Referral,4-5
10870,2026-04-27,16,Metro,Paid social,2-3
10871,2026-03-30,12,Metro,Flash sale,6+
10872,2026-01-05,0,Tier-2,Paid social,6+
10873,2026-03-23,11,Metro,Referral,2-3
10874,2026-03-02,8,Tier-3,Organic,4-5
10875,2026-01-12,1,Tier-2,Referral,4-5
10876,2026-02-16,6,Metro,Organic,6+
10877,2026-05-18,19,Metro,Organic,6+
10878,2026-02-16,6,Metro,Paid social,2-3
10879,2026-04-13,14,Tier-2,Flash sale,2-3
10880,2026-01-26,3,Metro,Flash sale,4-5
10881,2026-05-04,17,Tier-3,Paid social,2-3
10882,2026-04-27,16,Tier-2,Organic,0-1
10883,2026-01-26,3,Tier-3,Organic,2-3
10884,2026-04-06,13,Tier-3,Organic,2-3
10885,2026-05-11,18,Metro,Flash sale,4-5
10886,2026-05-11,18,Metro,Organic,4-5
10887,2026-04-13,14,Tier-2,Organic,0-1
10888,2026-04-13,14,Metro,Referral,0-1
10889,2026-03-16,10,Metro,Organic,0-1
10890,2026-01-19,2,Metro,Flash sale,6+
10891,2026-01-05,0,Metro,Organic,2-3
10892,2026-02-09,5,Tier-3,Flash sale,4-5
10893,2026-02-09,5,Metro,Flash sale,4-5
10894,2026-05-11,18,Tier-2,Flash sale,2-3
10895,2026-04-27,16,Tier-3,Organic,6+
10896,2026-02-16,6,Metro,Organic,0-1
10897,2026-02-23,7,Tier-2,Organic,4-5
10898,2026-04-13,14,Metro,Organic,2-3
10899,2026-04-06,13,Metro,Flash sale,6+
10900,2026-05-04,17,Metro,Organic,0-1
10901,2026-04-13,14,Metro,Organic,6+
10902,2026-04-06,13,Metro,Organic,6+
10903,2026-04-20,15,Metro,Referral,4-5
10904,2026-05-04,17,Metro,Flash sale,2-3
10905,2026-02-23,7,Metro,Flash sale,4-5
10906,2026-02-09,5,Tier-2,Flash sale,0-1
10907,2026-05-11,18,Metro,Organic,0-1
10908,2026-01-26,3,Tier-2,Organic,4-5
10909,2026-02-09,5,Tier-3,Organic,2-3
10910,2026-01-19,2,Tier-2,Flash sale,2-3
10911,2026-04-27,16,Tier-2,Organic,2-3
10912,2026-05-11,18,Tier-2,Organic,4-5
10913,2026-03-02,8,Tier-2,Paid social,4-5
10914,2026-01-12,1,Tier-3,Referral,4-5
10915,2026-02-02,4,Tier-3,Organic,6+
10916,2026-03-23,11,Metro,Paid social,6+
10917,2026-02-16,6,Tier-2,Organic,2-3
10918,2026-04-20,15,Tier-2,Organic,0-1
10919,2026-04-20,15,Metro,Organic,0-1
10920,2026-03-02,8,Metro,Paid social,4-5
10921,2026-03-30,12,Tier-2,Organic,6+
10922,2026-01-12,1,Tier-2,Referral,2-3
10923,2026-01-19,2,Metro,Flash sale,6+
10924,2026-02-16,6,Metro,Flash sale,2-3
10925,2026-01-19,2,Metro,Organic,6+
10926,2026-01-05,0,Tier-2,Organic,2-3
10927,2026-04-06,13,Tier-3,Referral,0-1
10928,2026-01-05,0,Tier-3,Organic,4-5
10929,2026-02-02,4,Metro,Flash sale,4-5
10930,2026-04-13,14,Metro,Organic,2-3
10931,2026-02-02,4,Tier-2,Referral,2-3
10932,2026-02-02,4,Tier-2,Flash sale,4-5
10933,2026-04-13,14,Metro,Flash sale,4-5
10934,2026-01-05,0,Metro,Flash sale,0-1
10935,2026-02-16,6,Metro,Organic,4-5
10936,2026-03-16,10,Tier-2,Organic,2-3
10937,2026-01-12,1,Tier-2,Organic,6+
10938,2026-04-06,13,Metro,Flash sale,2-3
10939,2026-03-02,8,Tier-3,Organic,0-1
10940,2026-02-16,6,Tier-2,Organic,0-1
10941,2026-03-23,11,Tier-3,Organic,6+
10942,2026-01-05,0,Metro,Organic,4-5
10943,2026-03-30,12,Metro,Flash sale,0-1
10944,2026-03-09,9,Tier-3,Flash sale,4-5
10945,2026-01-12,1,Tier-3,Flash sale,0-1
10946,2026-04-20,15,Tier-3,Flash sale,6+
10947,2026-03-09,9,Tier-2,Flash sale,6+
10948,2026-01-12,1,Metro,Flash sale,6+
10949,2026-02-23,7,Metro,Referral,2-3
10950,2026-04-13,14,Metro,Referral,0-1
10951,2026-03-02,8,Tier-3,Referral,2-3
10952,2026-02-23,7,Metro,Referral,4-5
10953,2026-01-05,0,Tier-2,Paid social,2-3
10954,2026-01-12,1,Tier-3,Flash sale,2-3
10955,2026-02-09,5,Tier-3,Flash sale,0-1
10956,2026-02-09,5,Tier-3,Referral,4-5
10957,2026-03-30,12,Tier-2,Organic,0-1
10958,2026-03-09,9,Metro,Organic,6+
10959,2026-01-19,2,Tier-3,Paid social,6+
10960,2026-04-06,13,Metro,Flash sale,4-5
10961,2026-05-18,19,Metro,Organic,0-1
10962,2026-05-04,17,Tier-3,Flash sale,4-5
10963,2026-05-18,19,Tier-2,Organic,6+
10964,2026-03-09,9,Metro,Organic,4-5
10965,2026-02-23,7,Metro,Flash sale,6+
10966,2026-01-12,1,Metro,Flash sale,6+
10967,2026-04-06,13,Tier-3,Flash sale,6+
10968,2026-03-02,8,Tier-2,Organic,0-1
10969,2026-03-30,12,Metro,Flash sale,6+
10970,2026-02-16,6,Tier-2,Organic,6+
10971,2026-01-26,3,Tier-3,Flash sale,4-5
10972,2026-04-06,13,Tier-3,Flash sale,0-1
10973,2026-02-23,7,Metro,Organic,2-3
10974,2026-03-16,10,Tier-2,Paid social,6+
10975,2026-05-18,19,Metro,Flash sale,6+
10976,2026-02-09,5,Metro,Organic,0-1
10977,2026-01-19,2,Metro,Organic,2-3
10978,2026-04-13,14,Metro,Organic,4-5
10979,2026-03-23,11,Tier-2,Organic,0-1
10980,2026-02-23,7,Metro,Paid social,0-1
10981,2026-03-23,11,Metro,Flash sale,4-5
10982,2026-05-11,18,Metro,Referral,4-5
10983,2026-01-26,3,Metro,Flash sale,0-1
10984,2026-04-20,15,Tier-2,Paid social,2-3
10985,2026-03-16,10,Metro,Paid social,4-5
10986,2026-04-27,16,Metro,Organic,6+
10987,2026-05-11,18,Tier-3,Organic,6+
10988,2026-01-26,3,Metro,Organic,2-3
10989,2026-01-19,2,Tier-3,Organic,4-5
10990,2026-01-05,0,Tier-2,Flash sale,4-5
10991,2026-01-26,3,Tier-2,Organic,0-1
10992,2026-02-16,6,Tier-2,Referral,4-5
10993,2026-02-09,5,Metro,Organic,0-1
10994,2026-04-27,16,Tier-2,Referral,0-1
10995,2026-04-20,15,Tier-2,Organic,2-3
10996,2026-02-23,7,Metro,Organic,2-3
10997,2026-03-23,11,Tier-2,Referral,0-1
10998,2026-02-16,6,Metro,Flash sale,0-1
10999,2026-03-16,10,Tier-3,Referral,4-5
11000,2026-02-09,5,Tier-2,Paid social,0-1
11001,2026-04-20,15,Metro,Organic,6+
11002,2026-02-02,4,Tier-3,Organic,0-1
11003,2026-05-18,19,Tier-3,Organic,4-5
11004,2026-05-11,18,Tier-2,Organic,0-1
11005,2026-01-26,3,Metro,Paid social,4-5
11006,2026-03-23,11,Tier-2,Referral,0-1
11007,2026-04-27,16,Tier-2,Organic,2-3
11008,2026-04-27,16,Metro,Flash sale,4-5
11009,2026-02-23,7,Tier-3,Paid social,0-1
11010,2026-03-16,10,Tier-2,Organic,0-1
11011,2026-01-19,2,Tier-3,Organic,4-5
11012,2026-02-09,5,Tier-2,Referral,4-5
11013,2026-02-09,5,Metro,Referral,2-3
11014,2026-02-09,5,Tier-3,Organic,0-1
11015,2026-02-23,7,Tier-2,Flash sale,2-3
11016,2026-04-06,13,Metro,Organic,0-1
11017,2026-05-04,17,Metro,Flash sale,4-5
11018,2026-03-23,11,Metro,Flash sale,2-3
11019,2026-03-09,9,Tier-2,Organic,2-3
11020,2026-04-13,14,Metro,Referral,2-3
11021,2026-03-30,12,Tier-3,Flash sale,0-1
11022,2026-03-02,8,Tier-3,Referral,6+
11023,2026-01-05,0,Tier-2,Flash sale,2-3
11024,2026-03-16,10,Metro,Flash sale,4-5
11025,2026-01-12,1,Tier-2,Organic,2-3
11026,2026-03-30,12,Metro,Organic,0-1
11027,2026-05-11,18,Tier-2,Referral,4-5
11028,2026-04-20,15,Metro,Flash sale,4-5
11029,2026-04-27,16,Tier-3,Organic,0-1
11030,2026-03-09,9,Metro,Paid social,6+
11031,2026-03-09,9,Metro,Referral,6+
11032,2026-03-16,10,Tier-3,Organic,6+
11033,2026-02-02,4,Metro,Organic,2-3
11034,2026-05-18,19,Tier-3,Flash sale,4-5
11035,2026-01-05,0,Tier-3,Organic,0-1
11036,2026-05-18,19,Metro,Paid social,4-5
11037,2026-05-18,19,Metro,Flash sale,0-1
11038,2026-05-11,18,Tier-2,Organic,6+
11039,2026-01-05,0,Tier-2,Flash sale,6+
11040,2026-05-18,19,Tier-3,Organic,0-1
11041,2026-02-02,4,Metro,Flash sale,4-5
11042,2026-02-09,5,Tier-2,Organic,4-5
11043,2026-04-06,13,Metro,Referral,6+
11044,2026-02-23,7,Tier-2,Referral,2-3
11045,2026-05-11,18,Tier-2,Paid social,6+
11046,2026-03-09,9,Tier-3,Organic,2-3
11047,2026-01-19,2,Metro,Organic,2-3
11048,2026-02-02,4,Metro,Referral,4-5
11049,2026-04-20,15,Metro,Organic,4-5
11050,2026-03-23,11,Metro,Organic,0-1
11051,2026-02-16,6,Metro,Paid social,4-5
11052,2026-02-02,4,Tier-3,Referral,2-3
11053,2026-04-06,13,Metro,Paid social,6+
11054,2026-02-09,5,Metro,Flash sale,6+
11055,2026-01-12,1,Tier-2,Flash sale,2-3
11056,2026-03-23,11,Metro,Flash sale,6+
11057,2026-05-04,17,Metro,Flash sale,6+
11058,2026-02-16,6,Tier-3,Organic,4-5
11059,2026-04-13,14,Metro,Referral,4-5
11060,2026-03-02,8,Metro,Organic,6+
11061,2026-05-18,19,Tier-2,Flash sale,6+
11062,2026-03-30,12,Metro,Paid social,2-3
11063,2026-03-16,10,Metro,Referral,0-1
11064,2026-02-02,4,Metro,Organic,4-5
11065,2026-05-04,17,Metro,Flash sale,2-3
11066,2026-01-05,0,Tier-3,Flash sale,2-3
11067,2026-03-16,10,Metro,Organic,0-1
11068,2026-02-09,5,Metro,Organic,4-5
11069,2026-03-16,10,Metro,Flash sale,6+
11070,2026-05-18,19,Tier-3,Referral,4-5
11071,2026-01-12,1,Metro,Paid social,0-1
11072,2026-01-12,1,Tier-3,Organic,0-1
11073,2026-04-27,16,Metro,Organic,4-5
11074,2026-04-06,13,Tier-3,Organic,0-1
11075,2026-03-02,8,Metro,Paid social,0-1
11076,2026-02-02,4,Metro,Referral,0-1
11077,2026-03-30,12,Metro,Paid social,0-1
11078,2026-02-09,5,Metro,Flash sale,2-3
11079,2026-04-06,13,Tier-2,Organic,2-3
11080,2026-03-02,8,Tier-2,Flash sale,0-1
11081,2026-04-20,15,Tier-2,Organic,6+
11082,2026-04-06,13,Metro,Organic,6+
11083,2026-03-23,11,Tier-2,Organic,2-3
11084,2026-01-12,1,Metro,Organic,2-3
11085,2026-03-30,12,Tier-3,Organic,6+
11086,2026-04-06,13,Tier-2,Paid social,6+
11087,2026-03-16,10,Tier-2,Referral,6+
11088,2026-03-23,11,Tier-3,Referral,4-5
11089,2026-03-30,12,Tier-2,Organic,6+
11090,2026-02-02,4,Tier-2,Referral,4-5
11091,2026-03-02,8,Metro,Flash sale,4-5
11092,2026-01-19,2,Tier-2,Organic,0-1
11093,2026-04-20,15,Metro,Organic,4-5
11094,2026-01-19,2,Metro,Organic,2-3
11095,2026-04-27,16,Tier-2,Paid social,4-5
11096,2026-03-30,12,Metro,Referral,4-5
11097,2026-03-16,10,Tier-2,Organic,0-1
11098,2026-03-16,10,Metro,Flash sale,2-3
11099,2026-01-19,2,Metro,Organic,4-5
11100,2026-04-06,13,Tier-3,Organic,0-1
11101,2026-02-23,7,Metro,Flash sale,6+
11102,2026-04-20,15,Tier-2,Referral,6+
11103,2026-04-27,16,Tier-2,Referral,0-1
11104,2026-05-11,18,Tier-3,Organic,0-1
11105,2026-05-11,18,Metro,Flash sale,0-1
11106,2026-04-20,15,Tier-2,Organic,2-3
11107,2026-02-09,5,Metro,Organic,4-5
11108,2026-02-09,5,Metro,Organic,0-1
11109,2026-05-11,18,Metro,Organic,6+
11110,2026-05-18,19,Metro,Organic,2-3
11111,2026-02-09,5,Metro,Organic,2-3
11112,2026-03-30,12,Metro,Flash sale,4-5
11113,2026-05-11,18,Metro,Organic,6+
11114,2026-04-27,16,Tier-2,Organic,0-1
11115,2026-05-11,18,Metro,Paid social,2-3
11116,2026-02-23,7,Metro,Paid social,2-3
11117,2026-03-16,10,Metro,Organic,2-3
11118,2026-03-23,11,Metro,Organic,2-3
11119,2026-05-18,19,Tier-2,Organic,6+
11120,2026-05-18,19,Tier-3,Paid social,0-1
11121,2026-03-16,10,Tier-2,Organic,2-3
11122,2026-05-04,17,Tier-2,Organic,2-3
11123,2026-02-23,7,Metro,Referral,4-5
11124,2026-03-30,12,Tier-3,Referral,6+
11125,2026-04-27,16,Metro,Organic,6+
11126,2026-05-04,17,Metro,Organic,2-3
11127,2026-01-19,2,Metro,Flash sale,2-3
11128,2026-01-12,1,Metro,Organic,6+
11129,2026-02-02,4,Tier-2,Organic,0-1
11130,2026-01-19,2,Metro,Referral,0-1
11131,2026-02-02,4,Metro,Referral,6+
11132,2026-05-11,18,Metro,Flash sale,6+
11133,2026-03-30,12,Tier-3,Flash sale,4-5
11134,2026-01-12,1,Tier-2,Flash sale,2-3
11135,2026-04-13,14,Tier-3,Organic,6+
11136,2026-05-11,18,Tier-3,Referral,6+
11137,2026-04-27,16,Tier-3,Organic,6+
11138,2026-05-04,17,Metro,Organic,6+
11139,2026-05-04,17,Metro,Organic,4-5
11140,2026-04-20,15,Metro,Referral,2-3
11141,2026-05-04,17,Metro,Flash sale,2-3
11142,2026-04-20,15,Tier-2,Flash sale,4-5
11143,2026-04-06,13,Metro,Flash sale,2-3
11144,2026-01-26,3,Metro,Referral,6+
11145,2026-05-11,18,Tier-2,Organic,0-1
11146,2026-01-12,1,Metro,Organic,0-1
11147,2026-02-09,5,Metro,Referral,2-3
11148,2026-04-13,14,Metro,Flash sale,0-1
11149,2026-04-13,14,Tier-2,Flash sale,6+
11150,2026-05-04,17,Metro,Organic,6+
11151,2026-01-12,1,Metro,Paid social,6+
11152,2026-04-20,15,Metro,Flash sale,2-3
11153,2026-01-19,2,Tier-2,Paid social,6+
11154,2026-03-30,12,Metro,Referral,0-1
11155,2026-02-02,4,Metro,Paid social,6+
11156,2026-03-23,11,Tier-3,Organic,0-1
11157,2026-01-19,2,Tier-3,Flash sale,0-1
11158,2026-01-05,0,Metro,Organic,6+
11159,2026-05-18,19,Metro,Organic,4-5
11160,2026-03-16,10,Metro,Organic,2-3
11161,2026-03-09,9,Tier-2,Organic,0-1
11162,2026-02-23,7,Metro,Flash sale,2-3
11163,2026-05-11,18,Tier-3,Flash sale,4-5
11164,2026-04-20,15,Tier-2,Organic,0-1
11165,2026-03-09,9,Tier-2,Organic,6+
11166,2026-01-19,2,Metro,Organic,4-5
11167,2026-04-06,13,Tier-3,Flash sale,6+
11168,2026-02-02,4,Tier-2,Organic,0-1
11169,2026-02-16,6,Tier-2,Referral,6+
11170,2026-04-06,13,Metro,Organic,6+
11171,2026-05-18,19,Tier-2,Flash sale,2-3
11172,2026-02-02,4,Tier-2,Referral,4-5
11173,2026-01-05,0,Tier-3,Flash sale,4-5
11174,2026-03-02,8,Tier-2,Flash sale,6+
11175,2026-04-06,13,Metro,Paid social,2-3
11176,2026-04-06,13,Metro,Organic,6+
11177,2026-05-18,19,Tier-2,Organic,4-5
11178,2026-02-02,4,Tier-3,Paid social,0-1
11179,2026-04-20,15,Tier-2,Referral,2-3
11180,2026-04-20,15,Metro,Flash sale,0-1
11181,2026-04-27,16,Metro,Organic,6+
11182,2026-05-11,18,Tier-2,Organic,2-3
11183,2026-02-09,5,Tier-3,Paid social,2-3
11184,2026-02-16,6,Metro,Flash sale,2-3
11185,2026-03-09,9,Metro,Organic,4-5
11186,2026-02-16,6,Tier-3,Organic,6+
11187,2026-01-19,2,Metro,Referral,6+
11188,2026-02-16,6,Metro,Flash sale,6+
11189,2026-02-23,7,Metro,Paid social,2-3
11190,2026-04-20,15,Metro,Flash sale,4-5
11191,2026-01-05,0,Metro,Organic,4-5
11192,2026-04-20,15,Tier-2,Organic,2-3
11193,2026-04-20,15,Tier-2,Flash sale,6+
11194,2026-01-19,2,Tier-2,Organic,6+
11195,2026-05-18,19,Tier-2,Organic,6+
11196,2026-04-13,14,Metro,Organic,6+
11197,2026-04-13,14,Metro,Organic,0-1
11198,2026-04-20,15,Metro,Referral,0-1
11199,2026-04-27,16,Metro,Organic,4-5
11200,2026-03-02,8,Tier-2,Flash sale,4-5
11201,2026-03-16,10,Metro,Flash sale,2-3
11202,2026-03-30,12,Tier-2,Organic,0-1
11203,2026-01-26,3,Metro,Flash sale,2-3
11204,2026-01-12,1,Metro,Referral,0-1
11205,2026-04-13,14,Metro,Flash sale,0-1
11206,2026-02-02,4,Metro,Flash sale,0-1
11207,2026-02-09,5,Tier-2,Referral,4-5
11208,2026-01-19,2,Tier-2,Paid social,4-5
11209,2026-03-09,9,Metro,Referral,2-3
11210,2026-03-23,11,Tier-2,Flash sale,4-5
11211,2026-05-11,18,Tier-2,Flash sale,4-5
11212,2026-03-09,9,Metro,Flash sale,0-1
11213,2026-02-23,7,Metro,Organic,2-3
11214,2026-04-20,15,Metro,Flash sale,0-1
11215,2026-02-09,5,Metro,Referral,0-1
11216,2026-01-05,0,Tier-3,Organic,0-1
11217,2026-01-05,0,Metro,Paid social,6+
11218,2026-04-27,16,Metro,Paid social,6+
11219,2026-04-13,14,Tier-2,Organic,0-1
11220,2026-01-26,3,Metro,Organic,6+
11221,2026-02-02,4,Tier-2,Paid social,2-3
11222,2026-04-27,16,Metro,Organic,0-1
11223,2026-03-30,12,Metro,Referral,0-1
11224,2026-03-09,9,Metro,Organic,6+
11225,2026-02-23,7,Metro,Organic,2-3
11226,2026-02-23,7,Metro,Organic,4-5
11227,2026-04-20,15,Tier-2,Organic,2-3
11228,2026-01-26,3,Tier-2,Paid social,2-3
11229,2026-05-04,17,Tier-2,Organic,6+
11230,2026-02-02,4,Metro,Organic,6+
11231,2026-02-02,4,Tier-3,Flash sale,4-5
11232,2026-02-23,7,Metro,Paid social,6+
11233,2026-04-20,15,Tier-2,Organic,0-1
11234,2026-01-05,0,Tier-2,Referral,6+
11235,2026-01-26,3,Tier-2,Organic,0-1
11236,2026-02-23,7,Metro,Referral,0-1
11237,2026-01-19,2,Tier-2,Referral,6+
11238,2026-02-23,7,Tier-2,Paid social,2-3
11239,2026-03-02,8,Metro,Flash sale,0-1
11240,2026-03-30,12,Tier-2,Paid social,0-1
11241,2026-02-16,6,Metro,Organic,0-1
11242,2026-03-16,10,Metro,Referral,6+
11243,2026-05-18,19,Tier-2,Referral,0-1
11244,2026-03-09,9,Tier-2,Organic,6+
11245,2026-04-27,16,Metro,Paid social,6+
11246,2026-02-09,5,Metro,Referral,0-1
11247,2026-05-04,17,Metro,Paid social,4-5
11248,2026-03-23,11,Metro,Organic,4-5
11249,2026-01-19,2,Metro,Referral,2-3
11250,2026-05-11,18,Metro,Organic,4-5
11251,2026-04-13,14,Tier-2,Paid social,0-1
11252,2026-02-16,6,Metro,Organic,6+
11253,2026-03-30,12,Metro,Flash sale,6+
11254,2026-05-11,18,Metro,Organic,0-1
11255,2026-01-12,1,Metro,Referral,0-1
11256,2026-01-05,0,Metro,Organic,2-3
11257,2026-04-20,15,Metro,Paid social,2-3
11258,2026-02-09,5,Metro,Paid social,6+
11259,2026-05-04,17,Metro,Organic,6+
11260,2026-04-20,15,Tier-2,Referral,0-1
11261,2026-05-11,18,Tier-3,Flash sale,0-1
11262,2026-04-20,15,Metro,Flash sale,4-5
11263,2026-05-11,18,Metro,Organic,2-3
11264,2026-03-30,12,Metro,Organic,6+
11265,2026-01-19,2,Metro,Organic,4-5
11266,2026-02-02,4,Tier-2,Flash sale,2-3
11267,2026-05-04,17,Tier-2,Flash sale,4-5
11268,2026-02-09,5,Metro,Flash sale,2-3
11269,2026-05-11,18,Metro,Paid social,2-3
11270,2026-05-04,17,Metro,Organic,4-5
11271,2026-04-06,13,Metro,Paid social,2-3
11272,2026-01-19,2,Tier-3,Referral,4-5
11273,2026-01-26,3,Metro,Referral,2-3
11274,2026-04-13,14,Metro,Flash sale,4-5
11275,2026-03-02,8,Metro,Organic,2-3
11276,2026-03-02,8,Metro,Paid social,4-5
11277,2026-01-12,1,Metro,Referral,2-3
11278,2026-03-09,9,Metro,Referral,0-1
11279,2026-01-05,0,Metro,Organic,2-3
11280,2026-01-19,2,Metro,Flash sale,2-3
11281,2026-05-11,18,Tier-2,Flash sale,2-3
11282,2026-04-20,15,Metro,Flash sale,2-3
11283,2026-05-18,19,Metro,Referral,2-3
11284,2026-05-11,18,Tier-3,Organic,2-3
11285,2026-05-11,18,Metro,Organic,2-3
11286,2026-03-02,8,Tier-3,Organic,2-3
11287,2026-02-09,5,Tier-3,Organic,4-5
11288,2026-04-06,13,Metro,Organic,2-3
11289,2026-03-30,12,Metro,Organic,4-5
11290,2026-03-02,8,Tier-2,Organic,2-3
11291,2026-03-09,9,Metro,Flash sale,6+
11292,2026-02-02,4,Metro,Referral,2-3
11293,2026-03-09,9,Tier-2,Organic,4-5
11294,2026-05-18,19,Metro,Organic,2-3
11295,2026-03-02,8,Tier-3,Referral,4-5
11296,2026-03-16,10,Tier-2,Organic,4-5
11297,2026-05-11,18,Tier-3,Organic,0-1
11298,2026-05-04,17,Tier-2,Flash sale,4-5
11299,2026-04-20,15,Tier-2,Paid social,6+
11300,2026-01-05,0,Metro,Organic,2-3
11301,2026-04-27,16,Tier-3,Paid social,4-5
11302,2026-01-12,1,Tier-3,Organic,0-1
11303,2026-01-05,0,Tier-2,Organic,6+
11304,2026-02-23,7,Tier-2,Organic,6+
11305,2026-03-02,8,Tier-2,Referral,6+
11306,2026-01-19,2,Metro,Flash sale,4-5
11307,2026-03-23,11,Tier-3,Flash sale,0-1
11308,2026-05-11,18,Metro,Paid social,2-3
11309,2026-04-06,13,Metro,Flash sale,6+
11310,2026-05-18,19,Metro,Organic,0-1
11311,2026-05-04,17,Tier-2,Referral,4-5
11312,2026-04-27,16,Tier-2,Organic,0-1
11313,2026-01-26,3,Metro,Flash sale,4-5
11314,2026-03-30,12,Metro,Paid social,4-5
11315,2026-01-12,1,Metro,Flash sale,2-3
11316,2026-04-20,15,Metro,Organic,4-5
11317,2026-05-04,17,Metro,Flash sale,2-3
11318,2026-01-19,2,Tier-2,Organic,4-5
11319,2026-03-16,10,Metro,Organic,6+
11320,2026-01-19,2,Metro,Flash sale,2-3
11321,2026-03-16,10,Metro,Organic,0-1
11322,2026-03-09,9,Metro,Organic,6+
11323,2026-05-04,17,Tier-3,Flash sale,4-5
11324,2026-02-09,5,Metro,Flash sale,2-3
11325,2026-04-13,14,Metro,Organic,0-1
11326,2026-04-06,13,Tier-2,Paid social,0-1
11327,2026-04-13,14,Metro,Organic,2-3
11328,2026-05-18,19,Tier-2,Organic,6+
11329,2026-01-26,3,Tier-3,Paid social,4-5
11330,2026-01-05,0,Tier-2,Organic,2-3
11331,2026-03-30,12,Tier-3,Paid social,6+
11332,2026-01-19,2,Metro,Flash sale,2-3
11333,2026-03-09,9,Metro,Flash sale,6+
11334,2026-03-16,10,Metro,Organic,2-3
11335,2026-03-30,12,Metro,Organic,4-5
11336,2026-01-05,0,Metro,Referral,2-3
11337,2026-03-23,11,Metro,Organic,4-5
11338,2026-04-20,15,Metro,Referral,0-1
11339,2026-01-05,0,Metro,Referral,6+
11340,2026-02-23,7,Tier-2,Referral,2-3
11341,2026-02-16,6,Metro,Organic,4-5
11342,2026-02-16,6,Metro,Referral,4-5
11343,2026-03-09,9,Metro,Referral,4-5
11344,2026-01-19,2,Tier-2,Organic,4-5
11345,2026-03-16,10,Metro,Paid social,6+
11346,2026-01-12,1,Tier-2,Organic,6+
11347,2026-01-12,1,Metro,Paid social,6+
11348,2026-03-16,10,Metro,Organic,0-1
11349,2026-05-04,17,Tier-3,Organic,6+
11350,2026-04-13,14,Metro,Flash sale,4-5
11351,2026-02-16,6,Metro,Organic,4-5
11352,2026-02-16,6,Metro,Organic,6+
11353,2026-03-09,9,Metro,Organic,4-5
11354,2026-01-05,0,Metro,Referral,6+
11355,2026-04-06,13,Metro,Organic,4-5
11356,2026-01-19,2,Metro,Flash sale,0-1
11357,2026-04-13,14,Tier-3,Flash sale,4-5
11358,2026-02-23,7,Metro,Flash sale,2-3
11359,2026-02-23,7,Metro,Organic,4-5
11360,2026-03-02,8,Tier-2,Organic,2-3
11361,2026-01-19,2,Metro,Paid social,0-1
11362,2026-02-02,4,Tier-3,Referral,4-5
11363,2026-02-02,4,Metro,Paid social,0-1
11364,2026-04-27,16,Tier-2,Referral,0-1
11365,2026-01-26,3,Tier-3,Referral,2-3
11366,2026-01-19,2,Metro,Paid social,4-5
11367,2026-02-02,4,Tier-2,Flash sale,0-1
11368,2026-03-02,8,Tier-2,Paid social,2-3
11369,2026-03-30,12,Tier-2,Organic,2-3
11370,2026-03-02,8,Metro,Organic,6+
11371,2026-03-16,10,Metro,Flash sale,0-1
11372,2026-03-16,10,Metro,Flash sale,6+
11373,2026-01-26,3,Tier-3,Flash sale,0-1
11374,2026-01-05,0,Metro,Flash sale,4-5
11375,2026-04-06,13,Metro,Flash sale,6+
11376,2026-05-11,18,Tier-3,Paid social,6+
11377,2026-01-12,1,Metro,Organic,4-5
11378,2026-05-11,18,Tier-2,Organic,2-3
11379,2026-05-11,18,Metro,Referral,6+
11380,2026-04-20,15,Tier-2,Flash sale,6+
11381,2026-03-23,11,Metro,Referral,0-1
11382,2026-02-16,6,Metro,Organic,2-3
11383,2026-03-23,11,Metro,Organic,2-3
11384,2026-01-05,0,Metro,Paid social,6+
11385,2026-02-09,5,Metro,Organic,0-1
11386,2026-02-23,7,Metro,Flash sale,0-1
11387,2026-03-16,10,Tier-2,Organic,0-1
11388,2026-02-09,5,Metro,Flash sale,6+
11389,2026-03-02,8,Metro,Referral,0-1
11390,2026-04-13,14,Metro,Flash sale,2-3
11391,2026-05-18,19,Metro,Organic,4-5
11392,2026-04-27,16,Tier-2,Referral,2-3
11393,2026-01-12,1,Metro,Organic,0-1
11394,2026-03-23,11,Tier-3,Organic,2-3
11395,2026-03-09,9,Tier-2,Flash sale,6+
11396,2026-03-16,10,Tier-2,Flash sale,2-3
11397,2026-04-20,15,Tier-2,Flash sale,4-5
11398,2026-02-16,6,Metro,Organic,2-3
11399,2026-03-16,10,Tier-3,Organic,0-1
11400,2026-05-04,17,Tier-2,Organic,0-1
11401,2026-03-23,11,Tier-2,Paid social,6+
11402,2026-03-23,11,Metro,Organic,6+
11403,2026-05-11,18,Metro,Paid social,4-5
11404,2026-01-05,0,Tier-2,Organic,6+
11405,2026-02-23,7,Metro,Organic,2-3
11406,2026-03-09,9,Tier-2,Referral,6+
11407,2026-01-05,0,Metro,Organic,4-5
11408,2026-03-09,9,Metro,Flash sale,6+
11409,2026-05-11,18,Metro,Paid social,4-5
11410,2026-04-20,15,Metro,Referral,6+
11411,2026-01-05,0,Metro,Flash sale,4-5
11412,2026-05-04,17,Tier-2,Referral,6+
11413,2026-04-20,15,Tier-2,Organic,6+
11414,2026-05-04,17,Tier-3,Referral,6+
11415,2026-01-19,2,Tier-2,Organic,2-3
11416,2026-05-04,17,Tier-2,Organic,0-1
11417,2026-01-05,0,Metro,Flash sale,2-3
11418,2026-01-05,0,Tier-2,Organic,4-5
11419,2026-02-23,7,Tier-3,Referral,6+
11420,2026-04-27,16,Tier-2,Organic,6+
11421,2026-05-04,17,Metro,Organic,4-5
11422,2026-03-30,12,Tier-2,Flash sale,4-5
11423,2026-01-05,0,Metro,Flash sale,6+
11424,2026-05-04,17,Metro,Paid social,0-1
11425,2026-02-09,5,Tier-2,Organic,6+
11426,2026-04-13,14,Tier-2,Organic,4-5
11427,2026-02-09,5,Metro,Organic,4-5
11428,2026-03-23,11,Metro,Flash sale,2-3
11429,2026-01-12,1,Tier-3,Organic,4-5
11430,2026-05-18,19,Metro,Referral,6+
11431,2026-01-12,1,Metro,Organic,2-3
11432,2026-05-18,19,Tier-2,Paid social,0-1
11433,2026-05-11,18,Tier-2,Flash sale,0-1
11434,2026-01-26,3,Metro,Flash sale,0-1
11435,2026-04-06,13,Metro,Organic,2-3
11436,2026-02-16,6,Metro,Organic,0-1
11437,2026-02-16,6,Metro,Organic,2-3
11438,2026-02-16,6,Tier-2,Flash sale,4-5
11439,2026-02-02,4,Tier-2,Flash sale,4-5
11440,2026-05-18,19,Metro,Organic,4-5
11441,2026-01-05,0,Metro,Organic,4-5
11442,2026-02-23,7,Metro,Paid social,0-1
11443,2026-02-23,7,Metro,Organic,6+
11444,2026-03-02,8,Metro,Organic,2-3
11445,2026-02-16,6,Metro,Organic,0-1
11446,2026-04-06,13,Tier-2,Organic,6+
11447,2026-05-11,18,Metro,Flash sale,2-3
11448,2026-04-06,13,Tier-2,Flash sale,2-3
11449,2026-02-02,4,Metro,Flash sale,2-3
11450,2026-05-18,19,Tier-2,Flash sale,4-5
11451,2026-03-02,8,Tier-3,Organic,4-5
11452,2026-02-16,6,Metro,Organic,0-1
11453,2026-04-06,13,Metro,Referral,0-1
11454,2026-05-18,19,Tier-2,Organic,6+
11455,2026-02-16,6,Metro,Organic,2-3
11456,2026-02-02,4,Metro,Flash sale,6+
11457,2026-04-20,15,Metro,Referral,4-5
11458,2026-03-09,9,Tier-3,Organic,4-5
11459,2026-04-13,14,Metro,Paid social,2-3
11460,2026-03-09,9,Metro,Organic,6+
11461,2026-01-05,0,Metro,Paid social,4-5
11462,2026-02-23,7,Tier-2,Organic,6+
11463,2026-05-04,17,Metro,Referral,2-3
11464,2026-05-11,18,Tier-3,Organic,4-5
11465,2026-02-23,7,Tier-2,Referral,2-3
11466,2026-04-06,13,Metro,Flash sale,6+
11467,2026-01-12,1,Metro,Paid social,6+
11468,2026-02-02,4,Tier-2,Referral,2-3
11469,2026-04-06,13,Tier-2,Flash sale,0-1
11470,2026-01-05,0,Metro,Organic,0-1
11471,2026-04-13,14,Metro,Organic,2-3
11472,2026-05-18,19,Metro,Paid social,0-1
11473,2026-01-12,1,Metro,Paid social,6+
11474,2026-03-23,11,Metro,Organic,2-3
11475,2026-02-23,7,Metro,Organic,0-1
11476,2026-03-30,12,Metro,Organic,4-5
11477,2026-05-04,17,Tier-3,Organic,2-3
11478,2026-01-12,1,Tier-2,Organic,0-1
11479,2026-04-06,13,Tier-2,Referral,2-3
11480,2026-01-26,3,Tier-2,Organic,4-5
11481,2026-03-16,10,Tier-2,Paid social,4-5
11482,2026-03-02,8,Metro,Paid social,0-1
11483,2026-03-16,10,Tier-2,Organic,4-5
11484,2026-04-20,15,Metro,Flash sale,6+
11485,2026-03-30,12,Metro,Flash sale,4-5
11486,2026-02-16,6,Tier-3,Organic,6+
11487,2026-04-06,13,Tier-3,Referral,6+
11488,2026-03-23,11,Metro,Flash sale,2-3
11489,2026-01-12,1,Tier-2,Organic,2-3
11490,2026-03-30,12,Metro,Paid social,2-3
11491,2026-02-16,6,Metro,Organic,2-3
11492,2026-01-19,2,Metro,Organic,0-1
11493,2026-03-16,10,Metro,Paid social,6+
11494,2026-03-16,10,Tier-2,Organic,4-5
11495,2026-04-13,14,Metro,Organic,0-1
11496,2026-03-02,8,Metro,Organic,6+
11497,2026-04-13,14,Tier-3,Organic,6+
11498,2026-02-09,5,Metro,Flash sale,4-5
11499,2026-03-30,12,Metro,Flash sale,6+
11500,2026-05-18,19,Metro,Organic,6+
11501,2026-03-23,11,Metro,Flash sale,6+
11502,2026-04-06,13,Metro,Organic,6+
11503,2026-02-23,7,Tier-2,Organic,0-1
11504,2026-04-06,13,Tier-3,Paid social,0-1
11505,2026-04-27,16,Metro,Referral,4-5
11506,2026-05-04,17,Metro,Referral,4-5
11507,2026-05-11,18,Metro,Organic,6+
11508,2026-02-16,6,Tier-3,Flash sale,4-5
11509,2026-04-27,16,Metro,Referral,2-3
11510,2026-02-16,6,Metro,Paid social,6+
11511,2026-05-04,17,Tier-3,Referral,4-5
11512,2026-01-05,0,Tier-2,Flash sale,4-5
11513,2026-05-11,18,Metro,Organic,2-3
11514,2026-02-02,4,Metro,Organic,6+
11515,2026-02-02,4,Metro,Organic,0-1
11516,2026-03-23,11,Tier-3,Organic,6+
11517,2026-03-16,10,Metro,Organic,6+
11518,2026-01-26,3,Metro,Flash sale,4-5
11519,2026-03-16,10,Tier-2,Flash sale,6+
11520,2026-04-27,16,Metro,Flash sale,6+
11521,2026-03-09,9,Metro,Flash sale,0-1
11522,2026-03-23,11,Tier-3,Organic,0-1
11523,2026-04-27,16,Metro,Flash sale,0-1
11524,2026-01-26,3,Tier-3,Paid social,2-3
11525,2026-02-16,6,Tier-2,Flash sale,4-5
11526,2026-05-04,17,Metro,Paid social,0-1
11527,2026-01-26,3,Tier-2,Organic,0-1
11528,2026-02-09,5,Tier-2,Flash sale,4-5
11529,2026-02-09,5,Tier-2,Flash sale,4-5
11530,2026-04-27,16,Tier-2,Flash sale,2-3
11531,2026-01-19,2,Metro,Paid social,4-5
11532,2026-02-23,7,Metro,Flash sale,4-5
11533,2026-03-02,8,Tier-2,Referral,2-3
11534,2026-01-12,1,Metro,Paid social,0-1
11535,2026-01-19,2,Metro,Referral,6+
11536,2026-02-23,7,Metro,Organic,4-5
11537,2026-01-12,1,Metro,Organic,0-1
11538,2026-05-18,19,Tier-2,Paid social,0-1
11539,2026-03-09,9,Tier-2,Referral,2-3
11540,2026-01-05,0,Tier-2,Paid social,0-1
11541,2026-03-30,12,Metro,Organic,6+
11542,2026-04-20,15,Metro,Referral,6+
11543,2026-03-30,12,Tier-2,Referral,0-1
11544,2026-03-23,11,Metro,Paid social,0-1
11545,2026-01-12,1,Tier-2,Flash sale,2-3
11546,2026-04-13,14,Tier-2,Organic,6+
11547,2026-05-18,19,Metro,Flash sale,4-5
11548,2026-02-23,7,Metro,Flash sale,6+
11549,2026-01-19,2,Tier-2,Organic,0-1
11550,2026-02-02,4,Metro,Organic,0-1
11551,2026-04-06,13,Tier-3,Paid social,2-3
11552,2026-03-30,12,Tier-2,Organic,6+
11553,2026-05-04,17,Metro,Flash sale,6+
11554,2026-03-02,8,Tier-2,Flash sale,2-3
11555,2026-05-04,17,Metro,Paid social,2-3
11556,2026-02-09,5,Metro,Flash sale,0-1
11557,2026-03-16,10,Tier-3,Organic,2-3
11558,2026-04-06,13,Tier-2,Organic,4-5
11559,2026-02-09,5,Tier-2,Organic,0-1
11560,2026-02-23,7,Tier-2,Organic,6+
11561,2026-04-27,16,Metro,Referral,4-5
11562,2026-03-23,11,Metro,Organic,2-3
11563,2026-03-30,12,Metro,Organic,2-3
11564,2026-03-30,12,Metro,Paid social,2-3
11565,2026-04-20,15,Metro,Organic,6+
11566,2026-05-18,19,Metro,Organic,4-5
11567,2026-02-23,7,Tier-2,Flash sale,0-1
11568,2026-02-23,7,Metro,Organic,2-3
11569,2026-05-11,18,Tier-2,Organic,6+
11570,2026-03-09,9,Tier-2,Paid social,2-3
11571,2026-05-11,18,Tier-3,Referral,6+
11572,2026-05-04,17,Metro,Referral,4-5
11573,2026-04-13,14,Tier-3,Flash sale,6+
11574,2026-04-13,14,Tier-2,Organic,4-5
11575,2026-05-11,18,Metro,Referral,4-5
11576,2026-02-09,5,Metro,Flash sale,2-3
11577,2026-03-09,9,Metro,Organic,0-1
11578,2026-03-16,10,Tier-2,Organic,6+
11579,2026-01-26,3,Tier-2,Flash sale,2-3
11580,2026-03-16,10,Metro,Organic,0-1
11581,2026-04-06,13,Tier-2,Organic,2-3
11582,2026-03-16,10,Metro,Organic,2-3
11583,2026-04-06,13,Metro,Flash sale,0-1
11584,2026-01-19,2,Tier-3,Organic,6+
11585,2026-03-09,9,Tier-3,Flash sale,2-3
11586,2026-05-11,18,Tier-2,Organic,2-3
11587,2026-02-09,5,Metro,Flash sale,4-5
11588,2026-03-09,9,Metro,Organic,4-5
11589,2026-03-30,12,Metro,Flash sale,2-3
11590,2026-03-30,12,Metro,Flash sale,6+
11591,2026-01-26,3,Metro,Flash sale,6+
11592,2026-01-19,2,Tier-3,Organic,2-3
11593,2026-04-20,15,Tier-2,Flash sale,4-5
11594,2026-03-16,10,Metro,Referral,0-1
11595,2026-05-11,18,Metro,Organic,2-3
11596,2026-05-18,19,Metro,Flash sale,2-3
11597,2026-01-26,3,Metro,Flash sale,2-3
11598,2026-02-23,7,Tier-2,Referral,6+
11599,2026-04-27,16,Metro,Flash sale,4-5
11600,2026-02-09,5,Tier-2,Paid social,2-3
11601,2026-01-26,3,Metro,Flash sale,2-3
11602,2026-01-26,3,Metro,Flash sale,4-5
11603,2026-03-16,10,Tier-3,Organic,0-1
11604,2026-02-23,7,Metro,Flash sale,0-1
11605,2026-05-11,18,Metro,Organic,4-5
11606,2026-05-18,19,Tier-2,Flash sale,2-3
11607,2026-01-12,1,Metro,Organic,4-5
11608,2026-05-11,18,Metro,Flash sale,6+
11609,2026-01-12,1,Metro,Referral,2-3
11610,2026-04-13,14,Metro,Paid social,4-5
11611,2026-05-18,19,Metro,Organic,2-3
11612,2026-02-16,6,Metro,Paid social,6+
11613,2026-01-26,3,Tier-2,Referral,0-1
11614,2026-01-12,1,Tier-3,Paid social,4-5
11615,2026-02-16,6,Metro,Referral,2-3
11616,2026-05-18,19,Metro,Organic,6+
11617,2026-03-09,9,Metro,Paid social,0-1
11618,2026-03-02,8,Metro,Flash sale,0-1
11619,2026-01-05,0,Metro,Referral,6+
11620,2026-04-06,13,Tier-2,Organic,4-5
11621,2026-01-26,3,Metro,Organic,4-5
11622,2026-04-06,13,Metro,Organic,6+
11623,2026-04-27,16,Tier-2,Flash sale,2-3
11624,2026-04-20,15,Tier-2,Flash sale,0-1
11625,2026-03-16,10,Metro,Paid social,6+
11626,2026-04-06,13,Metro,Organic,0-1
11627,2026-02-23,7,Tier-3,Organic,4-5
11628,2026-04-13,14,Metro,Organic,2-3
11629,2026-04-06,13,Tier-2,Organic,0-1
11630,2026-01-26,3,Tier-2,Flash sale,6+
11631,2026-02-16,6,Metro,Referral,6+
11632,2026-04-20,15,Metro,Paid social,0-1
11633,2026-03-02,8,Metro,Organic,6+
11634,2026-02-02,4,Metro,Organic,6+
11635,2026-05-18,19,Metro,Referral,4-5
11636,2026-05-04,17,Tier-2,Organic,6+
11637,2026-04-20,15,Tier-2,Referral,0-1
11638,2026-03-02,8,Tier-3,Flash sale,0-1
11639,2026-03-23,11,Tier-3,Paid social,6+
11640,2026-05-11,18,Tier-2,Organic,2-3
11641,2026-03-16,10,Metro,Paid social,0-1
11642,2026-04-27,16,Metro,Paid social,6+
11643,2026-04-27,16,Tier-2,Organic,2-3
11644,2026-04-27,16,Tier-2,Flash sale,6+
11645,2026-03-30,12,Metro,Flash sale,6+
11646,2026-02-16,6,Tier-2,Organic,2-3
11647,2026-02-16,6,Metro,Paid social,6+
11648,2026-04-27,16,Metro,Organic,2-3
11649,2026-03-02,8,Tier-2,Organic,4-5
11650,2026-02-02,4,Metro,Organic,2-3
11651,2026-01-26,3,Metro,Flash sale,0-1
11652,2026-03-30,12,Tier-2,Paid social,0-1
11653,2026-05-18,19,Tier-2,Flash sale,2-3
11654,2026-02-23,7,Metro,Flash sale,4-5
11655,2026-04-06,13,Tier-2,Organic,6+
11656,2026-02-16,6,Metro,Referral,0-1
11657,2026-02-23,7,Tier-2,Flash sale,4-5
11658,2026-03-02,8,Metro,Flash sale,4-5
11659,2026-02-23,7,Tier-3,Flash sale,6+
11660,2026-04-27,16,Tier-2,Paid social,6+
11661,2026-05-11,18,Metro,Referral,0-1
11662,2026-02-09,5,Metro,Flash sale,0-1
11663,2026-02-23,7,Metro,Flash sale,6+
11664,2026-01-05,0,Tier-2,Organic,4-5
11665,2026-04-20,15,Tier-2,Flash sale,0-1
11666,2026-04-13,14,Tier-2,Flash sale,6+
11667,2026-04-27,16,Tier-3,Referral,2-3
11668,2026-03-23,11,Metro,Flash sale,2-3
11669,2026-05-11,18,Tier-2,Organic,6+
11670,2026-01-19,2,Metro,Organic,6+
11671,2026-02-23,7,Tier-2,Organic,2-3
11672,2026-03-02,8,Metro,Referral,4-5
11673,2026-04-20,15,Tier-2,Paid social,4-5
11674,2026-02-02,4,Metro,Flash sale,0-1
11675,2026-02-16,6,Metro,Flash sale,4-5
11676,2026-01-12,1,Metro,Flash sale,0-1
11677,2026-05-11,18,Tier-3,Organic,6+
11678,2026-03-09,9,Metro,Organic,6+
11679,2026-01-05,0,Metro,Organic,0-1
11680,2026-02-02,4,Metro,Paid social,4-5
11681,2026-03-23,11,Metro,Organic,0-1
11682,2026-03-09,9,Tier-3,Flash sale,0-1
11683,2026-03-16,10,Tier-3,Organic,4-5
11684,2026-01-12,1,Tier-2,Flash sale,6+
11685,2026-05-04,17,Tier-2,Organic,6+
11686,2026-04-27,16,Metro,Paid social,2-3
11687,2026-02-02,4,Metro,Organic,6+
11688,2026-02-23,7,Tier-2,Paid social,4-5
11689,2026-01-12,1,Tier-2,Flash sale,2-3
11690,2026-01-19,2,Metro,Flash sale,2-3
11691,2026-04-27,16,Tier-2,Referral,4-5
11692,2026-01-19,2,Metro,Flash sale,2-3
11693,2026-02-23,7,Metro,Organic,2-3
11694,2026-05-18,19,Metro,Referral,2-3
11695,2026-02-16,6,Tier-2,Flash sale,2-3
11696,2026-04-06,13,Tier-2,Flash sale,2-3
11697,2026-01-19,2,Metro,Referral,0-1
11698,2026-05-04,17,Tier-2,Flash sale,6+
11699,2026-05-11,18,Tier-2,Organic,2-3
11700,2026-05-11,18,Metro,Organic,2-3
11701,2026-03-30,12,Tier-2,Organic,0-1
11702,2026-05-18,19,Metro,Flash sale,4-5
11703,2026-04-06,13,Metro,Organic,2-3
11704,2026-02-23,7,Metro,Organic,0-1
11705,2026-05-04,17,Metro,Referral,2-3
11706,2026-02-09,5,Metro,Organic,6+
11707,2026-04-27,16,Metro,Organic,6+
11708,2026-05-11,18,Metro,Referral,6+
11709,2026-03-09,9,Tier-2,Referral,0-1
11710,2026-02-02,4,Tier-2,Referral,4-5
11711,2026-01-26,3,Metro,Organic,6+
11712,2026-03-16,10,Metro,Flash sale,4-5
11713,2026-04-06,13,Metro,Paid social,6+
11714,2026-03-23,11,Tier-2,Organic,0-1
11715,2026-04-06,13,Tier-3,Organic,2-3
11716,2026-01-05,0,Metro,Organic,2-3
11717,2026-01-05,0,Tier-2,Paid social,4-5
11718,2026-02-09,5,Tier-2,Organic,0-1
11719,2026-05-04,17,Tier-3,Flash sale,2-3
11720,2026-03-16,10,Metro,Flash sale,4-5
11721,2026-02-16,6,Metro,Paid social,0-1
11722,2026-04-06,13,Tier-2,Organic,2-3
11723,2026-03-02,8,Metro,Flash sale,4-5
11724,2026-01-19,2,Metro,Paid social,0-1
11725,2026-03-16,10,Metro,Organic,4-5
11726,2026-04-06,13,Metro,Flash sale,2-3
11727,2026-05-11,18,Tier-2,Organic,2-3
11728,2026-02-23,7,Tier-2,Organic,2-3
11729,2026-01-26,3,Metro,Organic,6+
11730,2026-05-04,17,Tier-3,Organic,4-5
11731,2026-02-23,7,Metro,Organic,4-5
11732,2026-01-26,3,Tier-3,Referral,6+
11733,2026-03-16,10,Metro,Flash sale,2-3
11734,2026-01-12,1,Tier-2,Flash sale,0-1
11735,2026-05-18,19,Tier-3,Flash sale,0-1
11736,2026-04-20,15,Tier-2,Paid social,2-3
11737,2026-03-02,8,Tier-2,Organic,6+
11738,2026-03-16,10,Metro,Organic,2-3
11739,2026-02-23,7,Tier-2,Organic,6+
11740,2026-03-09,9,Tier-2,Paid social,4-5
11741,2026-05-11,18,Metro,Referral,4-5
11742,2026-04-13,14,Tier-3,Flash sale,0-1
11743,2026-04-06,13,Metro,Organic,6+
11744,2026-05-18,19,Metro,Flash sale,6+
11745,2026-01-26,3,Tier-3,Flash sale,4-5
11746,2026-05-11,18,Metro,Organic,6+
11747,2026-01-26,3,Metro,Organic,0-1
11748,2026-02-09,5,Metro,Organic,2-3
11749,2026-03-30,12,Tier-2,Flash sale,6+
11750,2026-01-19,2,Tier-3,Paid social,4-5
11751,2026-03-09,9,Metro,Organic,4-5
11752,2026-02-16,6,Tier-2,Paid social,2-3
11753,2026-01-05,0,Tier-2,Flash sale,4-5
11754,2026-01-26,3,Tier-2,Flash sale,2-3
11755,2026-03-02,8,Tier-2,Paid social,4-5
11756,2026-01-12,1,Tier-3,Flash sale,0-1
11757,2026-05-11,18,Metro,Organic,4-5
11758,2026-03-02,8,Metro,Organic,6+
11759,2026-04-13,14,Tier-2,Referral,0-1
11760,2026-02-02,4,Metro,Flash sale,2-3
11761,2026-03-23,11,Metro,Organic,4-5
11762,2026-01-19,2,Metro,Flash sale,0-1
11763,2026-01-26,3,Metro,Organic,0-1
11764,2026-04-06,13,Tier-3,Organic,0-1
11765,2026-02-16,6,Metro,Referral,0-1
11766,2026-05-18,19,Tier-2,Flash sale,6+
11767,2026-05-18,19,Tier-2,Organic,0-1
11768,2026-01-19,2,Metro,Flash sale,4-5
11769,2026-04-06,13,Metro,Paid social,2-3
11770,2026-04-20,15,Metro,Organic,4-5
11771,2026-02-09,5,Metro,Organic,6+
11772,2026-04-27,16,Metro,Organic,6+
11773,2026-04-13,14,Tier-2,Organic,0-1
11774,2026-02-16,6,Metro,Organic,0-1
11775,2026-01-12,1,Metro,Organic,2-3
11776,2026-03-02,8,Metro,Organic,6+
11777,2026-02-23,7,Metro,Flash sale,6+
11778,2026-03-16,10,Metro,Organic,4-5
11779,2026-02-02,4,Tier-3,Organic,6+
11780,2026-02-16,6,Metro,Referral,0-1
11781,2026-05-04,17,Metro,Organic,4-5
11782,2026-04-27,16,Tier-2,Organic,6+
11783,2026-04-13,14,Tier-2,Paid social,6+
11784,2026-02-23,7,Tier-2,Flash sale,4-5
11785,2026-03-09,9,Metro,Flash sale,4-5
11786,2026-02-09,5,Tier-2,Flash sale,0-1
11787,2026-03-02,8,Metro,Paid social,4-5
11788,2026-03-16,10,Tier-2,Organic,0-1
11789,2026-05-04,17,Metro,Organic,2-3
11790,2026-04-20,15,Tier-2,Referral,0-1
11791,2026-01-26,3,Tier-2,Organic,2-3
11792,2026-05-11,18,Tier-2,Flash sale,0-1
11793,2026-01-12,1,Metro,Organic,2-3
11794,2026-01-05,0,Tier-2,Organic,0-1
11795,2026-05-04,17,Tier-2,Flash sale,6+
11796,2026-02-09,5,Metro,Flash sale,4-5
11797,2026-05-04,17,Metro,Flash sale,4-5
11798,2026-01-12,1,Metro,Organic,4-5
11799,2026-02-02,4,Metro,Organic,6+
11800,2026-04-27,16,Tier-2,Referral,4-5
11801,2026-01-26,3,Metro,Organic,4-5
11802,2026-03-16,10,Tier-2,Flash sale,0-1
11803,2026-04-13,14,Tier-2,Flash sale,4-5
11804,2026-02-16,6,Tier-2,Organic,2-3
11805,2026-01-19,2,Tier-2,Organic,0-1
11806,2026-04-27,16,Tier-2,Referral,2-3
11807,2026-03-30,12,Metro,Organic,2-3
11808,2026-05-11,18,Metro,Organic,0-1
11809,2026-04-13,14,Tier-2,Paid social,4-5
11810,2026-04-13,14,Tier-3,Organic,6+
11811,2026-03-30,12,Metro,Referral,0-1
11812,2026-04-06,13,Tier-3,Organic,0-1
11813,2026-03-02,8,Tier-3,Organic,6+
11814,2026-05-11,18,Metro,Flash sale,4-5
11815,2026-04-27,16,Tier-2,Organic,0-1
11816,2026-02-02,4,Tier-2,Referral,2-3
11817,2026-05-11,18,Metro,Organic,0-1
11818,2026-02-02,4,Metro,Flash sale,6+
11819,2026-04-13,14,Metro,Referral,4-5
11820,2026-05-11,18,Tier-2,Flash sale,0-1
11821,2026-03-02,8,Metro,Flash sale,0-1
11822,2026-01-26,3,Tier-2,Organic,4-5
11823,2026-05-18,19,Tier-2,Organic,4-5
11824,2026-04-20,15,Tier-2,Paid social,4-5
11825,2026-03-02,8,Metro,Flash sale,0-1
11826,2026-05-18,19,Metro,Flash sale,6+
11827,2026-01-19,2,Metro,Flash sale,0-1
11828,2026-03-16,10,Metro,Organic,0-1
11829,2026-01-26,3,Metro,Organic,4-5
11830,2026-01-26,3,Metro,Organic,4-5
11831,2026-02-16,6,Metro,Flash sale,2-3
11832,2026-03-23,11,Tier-2,Organic,4-5
11833,2026-01-26,3,Metro,Organic,4-5
11834,2026-03-16,10,Metro,Flash sale,2-3
11835,2026-04-20,15,Tier-3,Flash sale,0-1
11836,2026-01-19,2,Metro,Flash sale,4-5
11837,2026-01-05,0,Tier-3,Referral,4-5
11838,2026-04-13,14,Tier-2,Flash sale,6+
11839,2026-03-02,8,Metro,Organic,2-3
11840,2026-01-26,3,Tier-3,Referral,2-3
11841,2026-05-04,17,Tier-3,Flash sale,0-1
11842,2026-03-02,8,Tier-2,Flash sale,2-3
11843,2026-01-19,2,Metro,Paid social,4-5
11844,2026-02-16,6,Metro,Organic,2-3
11845,2026-03-23,11,Metro,Flash sale,4-5
11846,2026-02-09,5,Tier-2,Organic,0-1
11847,2026-05-11,18,Metro,Organic,6+
11848,2026-03-30,12,Metro,Flash sale,6+
11849,2026-01-12,1,Metro,Organic,6+
11850,2026-02-16,6,Metro,Organic,4-5
11851,2026-02-16,6,Metro,Flash sale,4-5
11852,2026-01-19,2,Metro,Organic,0-1
11853,2026-01-05,0,Tier-3,Flash sale,0-1
11854,2026-01-19,2,Metro,Organic,2-3
11855,2026-04-06,13,Metro,Flash sale,6+
11856,2026-02-02,4,Metro,Flash sale,0-1
11857,2026-03-02,8,Metro,Flash sale,4-5
11858,2026-01-19,2,Tier-2,Referral,6+
11859,2026-05-11,18,Metro,Paid social,6+
11860,2026-05-18,19,Tier-3,Organic,4-5
11861,2026-04-06,13,Tier-3,Organic,4-5
11862,2026-02-16,6,Tier-2,Paid social,0-1
11863,2026-03-30,12,Tier-2,Flash sale,0-1
11864,2026-02-23,7,Metro,Paid social,2-3
11865,2026-05-11,18,Tier-2,Referral,6+
11866,2026-03-30,12,Metro,Referral,0-1
11867,2026-01-19,2,Tier-2,Organic,6+
11868,2026-01-12,1,Metro,Organic,2-3
11869,2026-04-20,15,Metro,Flash sale,0-1
11870,2026-04-13,14,Metro,Flash sale,0-1
11871,2026-04-13,14,Tier-2,Referral,4-5
11872,2026-02-16,6,Tier-2,Paid social,0-1
11873,2026-04-06,13,Metro,Organic,4-5
11874,2026-02-09,5,Metro,Flash sale,6+
11875,2026-03-30,12,Metro,Paid social,4-5
11876,2026-02-16,6,Tier-2,Referral,2-3
11877,2026-01-19,2,Metro,Referral,6+
11878,2026-04-27,16,Metro,Flash sale,0-1
11879,2026-04-27,16,Tier-2,Paid social,0-1
11880,2026-04-20,15,Tier-2,Organic,0-1
11881,2026-03-30,12,Tier-2,Organic,0-1
11882,2026-03-30,12,Tier-2,Organic,6+
11883,2026-04-20,15,Tier-3,Flash sale,0-1
11884,2026-03-23,11,Metro,Referral,0-1
11885,2026-05-04,17,Metro,Flash sale,6+
11886,2026-04-20,15,Tier-3,Flash sale,6+
11887,2026-03-16,10,Metro,Organic,0-1
11888,2026-03-23,11,Tier-2,Referral,2-3
11889,2026-05-18,19,Metro,Organic,4-5
11890,2026-03-16,10,Metro,Flash sale,2-3
11891,2026-01-19,2,Metro,Organic,6+
11892,2026-04-27,16,Tier-2,Flash sale,0-1
11893,2026-01-05,0,Tier-2,Flash sale,6+
11894,2026-02-02,4,Metro,Flash sale,4-5
11895,2026-02-16,6,Metro,Flash sale,0-1
11896,2026-01-05,0,Metro,Paid social,4-5
11897,2026-02-02,4,Metro,Paid social,0-1
11898,2026-01-26,3,Metro,Organic,6+
11899,2026-03-23,11,Tier-3,Organic,6+
11900,2026-05-04,17,Metro,Organic,0-1
11901,2026-02-09,5,Metro,Organic,4-5
11902,2026-02-23,7,Metro,Organic,2-3
11903,2026-04-06,13,Metro,Paid social,0-1
11904,2026-04-06,13,Metro,Paid social,4-5
11905,2026-05-11,18,Tier-2,Organic,0-1
11906,2026-03-16,10,Tier-2,Referral,0-1
11907,2026-04-20,15,Tier-2,Referral,6+
11908,2026-04-27,16,Metro,Organic,2-3
11909,2026-03-02,8,Tier-2,Paid social,6+
11910,2026-04-27,16,Tier-3,Paid social,4-5
11911,2026-05-18,19,Tier-3,Paid social,4-5
11912,2026-01-19,2,Tier-3,Referral,2-3
11913,2026-04-20,15,Metro,Organic,2-3
11914,2026-03-30,12,Tier-3,Organic,0-1
11915,2026-04-27,16,Tier-2,Paid social,4-5
11916,2026-03-16,10,Tier-2,Organic,4-5
11917,2026-02-02,4,Tier-2,Flash sale,0-1
11918,2026-03-02,8,Tier-3,Organic,2-3
11919,2026-04-06,13,Metro,Flash sale,6+
11920,2026-05-04,17,Tier-2,Organic,2-3
11921,2026-01-12,1,Tier-2,Referral,2-3
11922,2026-01-26,3,Tier-2,Flash sale,0-1
11923,2026-02-02,4,Tier-2,Flash sale,0-1
11924,2026-03-23,11,Metro,Organic,6+
11925,2026-01-05,0,Metro,Flash sale,2-3
11926,2026-05-18,19,Metro,Referral,2-3
11927,2026-04-13,14,Tier-2,Paid social,0-1
11928,2026-05-11,18,Tier-2,Referral,6+
11929,2026-01-05,0,Tier-2,Flash sale,2-3
11930,2026-02-09,5,Tier-2,Referral,4-5
11931,2026-03-02,8,Tier-2,Flash sale,4-5
11932,2026-04-20,15,Metro,Flash sale,2-3
11933,2026-03-30,12,Tier-2,Flash sale,2-3
11934,2026-03-02,8,Tier-3,Organic,0-1
11935,2026-02-16,6,Tier-2,Flash sale,4-5
11936,2026-02-16,6,Tier-3,Flash sale,4-5
11937,2026-02-23,7,Tier-3,Organic,0-1
11938,2026-04-06,13,Metro,Referral,0-1
11939,2026-05-04,17,Tier-2,Organic,2-3
11940,2026-03-09,9,Metro,Flash sale,4-5
11941,2026-05-11,18,Metro,Referral,4-5
11942,2026-02-09,5,Metro,Organic,0-1
11943,2026-05-04,17,Metro,Organic,4-5
11944,2026-01-05,0,Metro,Flash sale,4-5
11945,2026-04-13,14,Tier-2,Organic,0-1
11946,2026-05-11,18,Metro,Organic,2-3
11947,2026-02-09,5,Metro,Referral,6+
11948,2026-04-06,13,Metro,Organic,2-3
11949,2026-01-12,1,Metro,Flash sale,0-1
11950,2026-05-04,17,Tier-3,Organic,6+
11951,2026-03-09,9,Metro,Organic,0-1
11952,2026-03-02,8,Metro,Organic,0-1
11953,2026-05-11,18,Tier-3,Paid social,0-1
11954,2026-05-11,18,Tier-2,Flash sale,6+
11955,2026-02-02,4,Tier-2,Organic,4-5
11956,2026-05-18,19,Tier-2,Flash sale,0-1
11957,2026-02-02,4,Metro,Flash sale,0-1
11958,2026-04-27,16,Tier-2,Flash sale,6+
11959,2026-04-20,15,Metro,Organic,0-1
11960,2026-03-16,10,Metro,Organic,6+
11961,2026-03-23,11,Metro,Flash sale,2-3
11962,2026-02-23,7,Tier-2,Flash sale,0-1
11963,2026-03-02,8,Metro,Referral,2-3
11964,2026-03-16,10,Metro,Flash sale,2-3
11965,2026-05-04,17,Metro,Flash sale,0-1
11966,2026-03-09,9,Tier-2,Flash sale,2-3
11967,2026-03-23,11,Metro,Flash sale,4-5
11968,2026-04-13,14,Metro,Flash sale,2-3
11969,2026-05-11,18,Metro,Organic,4-5
11970,2026-05-04,17,Tier-2,Paid social,6+
11971,2026-02-23,7,Metro,Organic,0-1
11972,2026-05-04,17,Tier-3,Flash sale,4-5
11973,2026-03-02,8,Metro,Flash sale,0-1
11974,2026-01-12,1,Metro,Paid social,0-1
11975,2026-01-12,1,Metro,Organic,2-3
11976,2026-02-02,4,Metro,Paid social,2-3
11977,2026-02-23,7,Metro,Organic,6+
11978,2026-03-02,8,Metro,Organic,2-3
11979,2026-01-26,3,Tier-3,Paid social,6+
11980,2026-01-26,3,Metro,Organic,6+
11981,2026-01-05,0,Metro,Flash sale,2-3
11982,2026-05-11,18,Metro,Flash sale,0-1
11983,2026-02-09,5,Metro,Paid social,6+
11984,2026-03-30,12,Metro,Referral,2-3
11985,2026-03-09,9,Metro,Organic,2-3
11986,2026-02-23,7,Metro,Referral,4-5
11987,2026-02-02,4,Metro,Organic,2-3
11988,2026-01-12,1,Tier-3,Flash sale,4-5
11989,2026-01-19,2,Tier-2,Referral,6+
11990,2026-04-06,13,Tier-3,Referral,0-1
11991,2026-03-09,9,Metro,Flash sale,4-5
11992,2026-05-18,19,Tier-3,Referral,2-3
11993,2026-01-19,2,Metro,Flash sale,4-5
11994,2026-05-11,18,Metro,Paid social,6+
11995,2026-01-12,1,Tier-2,Organic,4-5
11996,2026-04-13,14,Metro,Organic,2-3
11997,2026-05-18,19,Metro,Referral,6+
11998,2026-01-26,3,Tier-2,Organic,4-5
11999,2026-03-09,9,Tier-2,Flash sale,0-1
